﻿Factura,Cliente,Sector,Mes,FechaEmision,PlazoDias,FechaVencimiento,Monto,DiasAtraso,Tramo,EstadoCobranza,Perfil_Riesgo
FAC-2026-10001,Walmart,Retail,01 - Enero,2026-01-07,60,2026-03-08,49661.94,0,Al Día,Al Día / OK,Cliente Corporativo
FAC-2026-10002,Walmart,Retail,01 - Enero,2026-01-11,60,2026-03-12,4214.0,25,1-30 días,Atraso Preventivo,Cliente Corporativo
FAC-2026-10003,Walmart,Retail,01 - Enero,2026-01-19,45,2026-03-05,11336.74,41,31-60 días,Riesgo Moderado,Cliente Corporativo
FAC-2026-10004,Walmart,Retail,01 - Enero,2026-01-21,60,2026-03-22,21200.0,68,61-90 días,Riesgo Alto,Cliente Corporativo
FAC-2026-10005,Walmart,Retail,01 - Enero,2026-01-22,15,2026-02-06,21982.08,92,+90 días (Crítico),En Mora / Crítico,Cliente Corporativo
FAC-2026-10006,Walmart,Retail,01 - Enero,2026-01-06,30,2026-02-05,4847.01,0,Al Día,Al Día / OK,Cliente Corporativo
FAC-2026-10007,Walmart,Retail,01 - Enero,2026-01-12,30,2026-02-11,11379.67,0,Al Día,Al Día / OK,Cliente Corporativo
FAC-2026-10008,Walmart,Retail,01 - Enero,2026-01-17,45,2026-03-03,2060.21,14,1-30 días,Atraso Preventivo,Cliente Corporativo
FAC-2026-10009,Walmart,Retail,01 - Enero,2026-01-28,60,2026-03-29,2909.59,0,Al Día,Al Día / OK,Cliente Corporativo
FAC-2026-10010,Walmart,Retail,01 - Enero,2026-01-30,45,2026-03-16,74787.9,0,Al Día,Al Día / OK,Cliente Corporativo
FAC-2026-10011,Walmart,Retail,01 - Enero,2026-01-25,45,2026-03-11,4565.3,37,31-60 días,Riesgo Moderado,Cliente Corporativo
FAC-2026-10012,Walmart,Retail,01 - Enero,2026-01-07,30,2026-02-06,16112.67,88,61-90 días,Riesgo Alto,Cliente Corporativo
FAC-2026-10013,Walmart,Retail,01 - Enero,2026-01-26,15,2026-02-10,5925.47,0,Al Día,Al Día / OK,Cliente Corporativo
FAC-2026-10014,Walmart,Retail,01 - Enero,2026-01-28,45,2026-03-14,13503.85,16,1-30 días,Atraso Preventivo,Cliente Corporativo
FAC-2026-10015,Walmart,Retail,01 - Enero,2026-01-15,45,2026-03-01,4821.27,34,31-60 días,Riesgo Moderado,Cliente Corporativo
FAC-2026-10016,Walmart,Retail,01 - Enero,2026-01-04,30,2026-02-03,5396.16,0,Al Día,Al Día / OK,Cliente Corporativo
FAC-2026-10017,Walmart,Retail,01 - Enero,2026-01-04,30,2026-02-03,34445.36,0,Al Día,Al Día / OK,Cliente Corporativo
FAC-2026-10018,Walmart,Retail,01 - Enero,2026-01-12,30,2026-02-11,48227.41,0,Al Día,Al Día / OK,Cliente Corporativo
FAC-2026-10019,Falabella,Retail,01 - Enero,2026-01-31,60,2026-04-01,7825.25,0,Al Día,Al Día / OK,Cliente Corporativo
FAC-2026-10020,Falabella,Retail,01 - Enero,2026-01-14,45,2026-02-28,53477.83,29,1-30 días,Atraso Preventivo,Cliente Corporativo
FAC-2026-10021,Falabella,Retail,01 - Enero,2026-01-21,60,2026-03-22,6564.97,43,31-60 días,Riesgo Moderado,Cliente Corporativo
FAC-2026-10022,Falabella,Retail,01 - Enero,2026-01-21,60,2026-03-22,55255.66,86,61-90 días,Riesgo Alto,Cliente Corporativo
FAC-2026-10023,Falabella,Retail,01 - Enero,2026-01-28,60,2026-03-29,7121.85,131,+90 días (Crítico),En Mora / Crítico,Cliente Corporativo
FAC-2026-10024,Falabella,Retail,01 - Enero,2026-01-01,15,2026-01-16,5187.71,91,+90 días (Crítico),En Mora / Crítico,Cliente Corporativo
FAC-2026-10025,Falabella,Retail,01 - Enero,2026-01-24,45,2026-03-10,23565.23,47,31-60 días,Riesgo Moderado,Cliente Corporativo
FAC-2026-10026,Falabella,Retail,01 - Enero,2026-01-03,15,2026-01-18,9190.07,14,1-30 días,Atraso Preventivo,Cliente Corporativo
FAC-2026-10027,Falabella,Retail,01 - Enero,2026-01-09,60,2026-03-10,11943.1,38,31-60 días,Riesgo Moderado,Cliente Corporativo
FAC-2026-10028,Falabella,Retail,01 - Enero,2026-01-01,60,2026-03-02,21092.83,0,Al Día,Al Día / OK,Cliente Corporativo
FAC-2026-10029,Falabella,Retail,01 - Enero,2026-01-05,45,2026-02-19,40480.53,26,1-30 días,Atraso Preventivo,Cliente Corporativo
FAC-2026-10030,Falabella,Retail,01 - Enero,2026-01-01,45,2026-02-15,23684.27,0,Al Día,Al Día / OK,Cliente Corporativo
FAC-2026-10031,Falabella,Retail,01 - Enero,2026-01-01,15,2026-01-16,13454.67,18,1-30 días,Atraso Preventivo,Cliente Corporativo
FAC-2026-10032,Falabella,Retail,01 - Enero,2026-01-09,45,2026-02-23,1663.46,0,Al Día,Al Día / OK,Cliente Corporativo
FAC-2026-10033,Falabella,Retail,01 - Enero,2026-01-13,45,2026-02-27,19411.13,0,Al Día,Al Día / OK,Cliente Corporativo
FAC-2026-10034,Falabella,Retail,01 - Enero,2026-01-20,15,2026-02-04,44062.78,0,Al Día,Al Día / OK,Cliente Corporativo
FAC-2026-10035,Falabella,Retail,01 - Enero,2026-01-23,45,2026-03-09,26557.48,0,Al Día,Al Día / OK,Cliente Corporativo
FAC-2026-10036,Cencosud,Retail,01 - Enero,2026-01-04,15,2026-01-19,2781.67,0,Al Día,Al Día / OK,Cliente Corporativo
FAC-2026-10037,Cencosud,Retail,01 - Enero,2026-01-27,45,2026-03-13,35486.72,26,1-30 días,Atraso Preventivo,Cliente Corporativo
FAC-2026-10038,Cencosud,Retail,01 - Enero,2026-01-10,15,2026-01-25,17555.91,60,31-60 días,Riesgo Moderado,Cliente Corporativo
FAC-2026-10039,Cencosud,Retail,01 - Enero,2026-01-06,60,2026-03-07,5443.42,88,61-90 días,Riesgo Alto,Cliente Corporativo
FAC-2026-10040,Cencosud,Retail,01 - Enero,2026-01-20,30,2026-02-19,13901.6,152,+90 días (Crítico),En Mora / Crítico,Cliente Corporativo
FAC-2026-10041,Cencosud,Retail,01 - Enero,2026-01-23,60,2026-03-24,43919.63,0,Al Día,Al Día / OK,Cliente Corporativo
FAC-2026-10042,Cencosud,Retail,01 - Enero,2026-01-01,15,2026-01-16,31868.94,29,1-30 días,Atraso Preventivo,Cliente Corporativo
FAC-2026-10043,Cencosud,Retail,01 - Enero,2026-01-09,45,2026-02-23,14067.77,0,Al Día,Al Día / OK,Cliente Corporativo
FAC-2026-10044,Cencosud,Retail,01 - Enero,2026-01-09,30,2026-02-08,3498.25,0,Al Día,Al Día / OK,Cliente Corporativo
FAC-2026-10045,Cencosud,Retail,01 - Enero,2026-01-12,60,2026-03-13,5643.81,82,61-90 días,Riesgo Alto,Cliente Corporativo
FAC-2026-10046,Cencosud,Retail,01 - Enero,2026-01-24,15,2026-02-08,2407.68,0,Al Día,Al Día / OK,Cliente Corporativo
FAC-2026-10047,Cencosud,Retail,01 - Enero,2026-01-26,60,2026-03-27,22651.12,0,Al Día,Al Día / OK,Cliente Corporativo
FAC-2026-10048,Cencosud,Retail,01 - Enero,2026-01-03,15,2026-01-18,110866.89,0,Al Día,Al Día / OK,Cliente Corporativo
FAC-2026-10049,Cencosud,Retail,01 - Enero,2026-01-27,15,2026-02-11,1804.97,144,+90 días (Crítico),En Mora / Crítico,Cliente Corporativo
FAC-2026-10050,El Puerto de Liverpool,Retail,01 - Enero,2026-01-01,15,2026-01-16,5881.77,0,Al Día,Al Día / OK,Cliente Corporativo
FAC-2026-10051,El Puerto de Liverpool,Retail,01 - Enero,2026-01-02,15,2026-01-17,11001.03,16,1-30 días,Atraso Preventivo,Cliente Corporativo
FAC-2026-10052,El Puerto de Liverpool,Retail,01 - Enero,2026-01-06,60,2026-03-07,19342.48,53,31-60 días,Riesgo Moderado,Cliente Corporativo
FAC-2026-10053,El Puerto de Liverpool,Retail,01 - Enero,2026-01-11,60,2026-03-12,5936.53,87,61-90 días,Riesgo Alto,Cliente Corporativo
FAC-2026-10054,El Puerto de Liverpool,Retail,01 - Enero,2026-01-06,60,2026-03-07,17508.06,159,+90 días (Crítico),En Mora / Crítico,Cliente Corporativo
FAC-2026-10055,El Puerto de Liverpool,Retail,01 - Enero,2026-01-22,45,2026-03-08,33665.61,46,31-60 días,Riesgo Moderado,Cliente Corporativo
FAC-2026-10056,El Puerto de Liverpool,Retail,01 - Enero,2026-01-28,45,2026-03-14,1949.34,0,Al Día,Al Día / OK,Cliente Corporativo
FAC-2026-10057,El Puerto de Liverpool,Retail,01 - Enero,2026-01-20,60,2026-03-21,23553.23,23,1-30 días,Atraso Preventivo,Cliente Corporativo
FAC-2026-10058,El Puerto de Liverpool,Retail,01 - Enero,2026-01-31,45,2026-03-17,3020.18,0,Al Día,Al Día / OK,Cliente Corporativo
FAC-2026-10059,El Puerto de Liverpool,Retail,01 - Enero,2026-01-09,15,2026-01-24,14327.32,0,Al Día,Al Día / OK,Cliente Corporativo
FAC-2026-10060,El Puerto de Liverpool,Retail,01 - Enero,2026-01-08,15,2026-01-23,3368.0,29,1-30 días,Atraso Preventivo,Cliente Corporativo
FAC-2026-10061,El Puerto de Liverpool,Retail,01 - Enero,2026-01-23,45,2026-03-09,5870.7,33,31-60 días,Riesgo Moderado,Cliente Corporativo
FAC-2026-10062,El Puerto de Liverpool,Retail,01 - Enero,2026-01-16,30,2026-02-15,6640.07,150,+90 días (Crítico),En Mora / Crítico,Cliente Corporativo
FAC-2026-10063,El Puerto de Liverpool,Retail,01 - Enero,2026-01-01,60,2026-03-02,42721.94,159,+90 días (Crítico),En Mora / Crítico,Cliente Corporativo
FAC-2026-10064,El Puerto de Liverpool,Retail,01 - Enero,2026-01-27,45,2026-03-13,8932.22,0,Al Día,Al Día / OK,Cliente Corporativo
FAC-2026-10065,El Puerto de Liverpool,Retail,01 - Enero,2026-01-16,60,2026-03-17,10530.62,54,31-60 días,Riesgo Moderado,Cliente Corporativo
FAC-2026-10066,El Puerto de Liverpool,Retail,01 - Enero,2026-01-01,60,2026-03-02,4373.3,47,31-60 días,Riesgo Moderado,Cliente Corporativo
FAC-2026-10067,El Puerto de Liverpool,Retail,01 - Enero,2026-01-06,60,2026-03-07,9581.98,7,1-30 días,Atraso Preventivo,Cliente Corporativo
FAC-2026-10068,Coppel,Retail,01 - Enero,2026-01-25,45,2026-03-11,59689.0,0,Al Día,Al Día / OK,Cliente Corporativo
FAC-2026-10069,Coppel,Retail,01 - Enero,2026-01-18,60,2026-03-19,14231.17,18,1-30 días,Atraso Preventivo,Cliente Corporativo
FAC-2026-10070,Coppel,Retail,01 - Enero,2026-01-22,45,2026-03-08,84624.85,46,31-60 días,Riesgo Moderado,Cliente Corporativo
FAC-2026-10071,Coppel,Retail,01 - Enero,2026-01-04,15,2026-01-19,5833.18,64,61-90 días,Riesgo Alto,Cliente Corporativo
FAC-2026-10072,Coppel,Retail,01 - Enero,2026-01-21,60,2026-03-22,8803.14,110,+90 días (Crítico),En Mora / Crítico,Cliente Corporativo
FAC-2026-10073,Coppel,Retail,01 - Enero,2026-01-07,45,2026-02-21,15277.19,5,1-30 días,Atraso Preventivo,Cliente Corporativo
FAC-2026-10074,Coppel,Retail,01 - Enero,2026-01-27,45,2026-03-13,6234.6,26,1-30 días,Atraso Preventivo,Cliente Corporativo
FAC-2026-10075,Coppel,Retail,01 - Enero,2026-01-06,30,2026-02-05,41268.99,0,Al Día,Al Día / OK,Cliente Corporativo
FAC-2026-10076,Coppel,Retail,01 - Enero,2026-01-27,45,2026-03-13,16682.81,5,1-30 días,Atraso Preventivo,Cliente Corporativo
FAC-2026-10077,Coppel,Retail,01 - Enero,2026-01-01,15,2026-01-16,13647.63,0,Al Día,Al Día / OK,Cliente Corporativo
FAC-2026-10078,Coppel,Retail,01 - Enero,2026-01-04,45,2026-02-18,95020.2,21,1-30 días,Atraso Preventivo,Cliente Corporativo
FAC-2026-10079,Coppel,Retail,01 - Enero,2026-01-30,15,2026-02-14,39896.63,0,Al Día,Al Día / OK,Cliente Corporativo
FAC-2026-10080,Coppel,Retail,01 - Enero,2026-01-28,15,2026-02-12,11260.89,89,61-90 días,Riesgo Alto,Cliente Corporativo
FAC-2026-10081,Coppel,Retail,01 - Enero,2026-01-21,45,2026-03-07,7767.24,153,+90 días (Crítico),En Mora / Crítico,Cliente Corporativo
FAC-2026-10082,Coppel,Retail,01 - Enero,2026-01-23,15,2026-02-07,4542.94,0,Al Día,Al Día / OK,Cliente Corporativo
FAC-2026-10083,Coppel,Retail,01 - Enero,2026-01-25,30,2026-02-24,49071.01,86,61-90 días,Riesgo Alto,Cliente Corporativo
FAC-2026-10084,Coppel,Retail,01 - Enero,2026-01-14,60,2026-03-15,21218.41,0,Al Día,Al Día / OK,Cliente Corporativo
FAC-2026-10085,Coppel,Retail,01 - Enero,2026-01-23,30,2026-02-22,7499.46,0,Al Día,Al Día / OK,Cliente Corporativo
FAC-2026-10086,Coppel,Retail,01 - Enero,2026-01-26,15,2026-02-10,23021.18,39,31-60 días,Riesgo Moderado,Cliente Corporativo
FAC-2026-10087,Coppel,Retail,01 - Enero,2026-01-16,45,2026-03-02,31032.74,0,Al Día,Al Día / OK,Cliente Corporativo
FAC-2026-10088,Grupo Éxito,Retail,01 - Enero,2026-01-03,30,2026-02-02,33787.2,0,Al Día,Al Día / OK,Cliente Corporativo
FAC-2026-10089,Grupo Éxito,Retail,01 - Enero,2026-01-13,60,2026-03-14,1583.17,30,1-30 días,Atraso Preventivo,Cliente Corporativo
FAC-2026-10090,Grupo Éxito,Retail,01 - Enero,2026-01-04,15,2026-01-19,18295.51,50,31-60 días,Riesgo Moderado,Cliente Corporativo
FAC-2026-10091,Grupo Éxito,Retail,01 - Enero,2026-01-14,60,2026-03-15,36817.18,74,61-90 días,Riesgo Alto,Cliente Corporativo
FAC-2026-10092,Grupo Éxito,Retail,01 - Enero,2026-01-23,45,2026-03-09,10733.56,156,+90 días (Crítico),En Mora / Crítico,Cliente Corporativo
FAC-2026-10093,Grupo Éxito,Retail,01 - Enero,2026-01-22,45,2026-03-08,15281.3,0,Al Día,Al Día / OK,Cliente Corporativo
FAC-2026-10094,Grupo Éxito,Retail,01 - Enero,2026-01-29,30,2026-02-28,6384.31,26,1-30 días,Atraso Preventivo,Cliente Corporativo
FAC-2026-10095,Grupo Éxito,Retail,01 - Enero,2026-01-10,30,2026-02-09,15063.71,0,Al Día,Al Día / OK,Cliente Corporativo
FAC-2026-10096,Grupo Éxito,Retail,01 - Enero,2026-01-05,15,2026-01-20,5576.12,58,31-60 días,Riesgo Moderado,Cliente Corporativo
FAC-2026-10097,Grupo Éxito,Retail,01 - Enero,2026-01-05,45,2026-02-19,2155.17,0,Al Día,Al Día / OK,Cliente Corporativo
FAC-2026-10098,Grupo Éxito,Retail,01 - Enero,2026-01-20,30,2026-02-19,19461.67,0,Al Día,Al Día / OK,Cliente Corporativo
FAC-2026-10099,Grupo Éxito,Retail,01 - Enero,2026-01-20,60,2026-03-21,1954.82,120,+90 días (Crítico),En Mora / Crítico,Cliente Corporativo
FAC-2026-10100,Grupo Éxito,Retail,01 - Enero,2026-01-24,45,2026-03-10,25729.4,0,Al Día,Al Día / OK,Cliente Corporativo
FAC-2026-10101,Grupo Éxito,Retail,01 - Enero,2026-01-26,15,2026-02-10,2717.96,0,Al Día,Al Día / OK,Cliente Corporativo
FAC-2026-10102,Grupo Éxito,Retail,01 - Enero,2026-01-31,15,2026-02-15,4625.52,5,1-30 días,Atraso Preventivo,Cliente Corporativo
FAC-2026-10103,Grupo Éxito,Retail,01 - Enero,2026-01-01,45,2026-02-15,15542.23,0,Al Día,Al Día / OK,Cliente Corporativo
FAC-2026-10104,Grupo Éxito,Retail,01 - Enero,2026-01-16,15,2026-01-31,19503.46,25,1-30 días,Atraso Preventivo,Cliente Corporativo
FAC-2026-10105,Grupo Éxito,Retail,01 - Enero,2026-01-29,45,2026-03-15,18228.55,9,1-30 días,Atraso Preventivo,Cliente Corporativo
FAC-2026-10106,Grupo Éxito,Retail,01 - Enero,2026-01-23,45,2026-03-09,9120.25,0,Al Día,Al Día / OK,Cliente Corporativo
FAC-2026-10107,FEMSA Comercio (OXXO),Retail,01 - Enero,2026-01-05,30,2026-02-04,1731.97,0,Al Día,Al Día / OK,Cliente Corporativo
FAC-2026-10108,FEMSA Comercio (OXXO),Retail,01 - Enero,2026-01-14,60,2026-03-15,3082.23,9,1-30 días,Atraso Preventivo,Cliente Corporativo
FAC-2026-10109,FEMSA Comercio (OXXO),Retail,01 - Enero,2026-01-30,30,2026-03-01,20959.85,60,31-60 días,Riesgo Moderado,Cliente Corporativo
FAC-2026-10110,FEMSA Comercio (OXXO),Retail,01 - Enero,2026-01-12,60,2026-03-13,24559.74,86,61-90 días,Riesgo Alto,Cliente Corporativo
FAC-2026-10111,FEMSA Comercio (OXXO),Retail,01 - Enero,2026-01-21,45,2026-03-07,11498.06,123,+90 días (Crítico),En Mora / Crítico,Cliente Corporativo
FAC-2026-10112,FEMSA Comercio (OXXO),Retail,01 - Enero,2026-01-23,30,2026-02-22,40395.77,9,1-30 días,Atraso Preventivo,Cliente Corporativo
FAC-2026-10113,FEMSA Comercio (OXXO),Retail,01 - Enero,2026-01-20,45,2026-03-06,49972.73,0,Al Día,Al Día / OK,Cliente Corporativo
FAC-2026-10114,FEMSA Comercio (OXXO),Retail,01 - Enero,2026-01-01,60,2026-03-02,18421.05,8,1-30 días,Atraso Preventivo,Cliente Corporativo
FAC-2026-10115,FEMSA Comercio (OXXO),Retail,01 - Enero,2026-01-16,45,2026-03-02,17064.25,88,61-90 días,Riesgo Alto,Cliente Corporativo
FAC-2026-10116,FEMSA Comercio (OXXO),Retail,01 - Enero,2026-01-27,60,2026-03-28,16532.96,22,1-30 días,Atraso Preventivo,Cliente Corporativo
FAC-2026-10117,FEMSA Comercio (OXXO),Retail,01 - Enero,2026-01-01,15,2026-01-16,52286.29,41,31-60 días,Riesgo Moderado,Cliente Corporativo
FAC-2026-10118,FEMSA Comercio (OXXO),Retail,01 - Enero,2026-01-03,15,2026-01-18,5367.61,164,+90 días (Crítico),En Mora / Crítico,Cliente Corporativo
FAC-2026-10119,FEMSA Comercio (OXXO),Retail,01 - Enero,2026-01-29,15,2026-02-13,9725.24,0,Al Día,Al Día / OK,Cliente Corporativo
FAC-2026-10120,FEMSA Comercio (OXXO),Retail,01 - Enero,2026-01-29,45,2026-03-15,2529.29,27,1-30 días,Atraso Preventivo,Cliente Corporativo
FAC-2026-10121,FEMSA Comercio (OXXO),Retail,01 - Enero,2026-01-08,15,2026-01-23,8696.32,56,31-60 días,Riesgo Moderado,Cliente Corporativo
FAC-2026-10122,FEMSA Comercio (OXXO),Retail,01 - Enero,2026-01-19,15,2026-02-03,22449.91,0,Al Día,Al Día / OK,Cliente Corporativo
FAC-2026-10123,FEMSA Comercio (OXXO),Retail,01 - Enero,2026-01-18,15,2026-02-02,25109.28,84,61-90 días,Riesgo Alto,Cliente Corporativo
FAC-2026-10124,Chedraui,Retail,01 - Enero,2026-01-21,15,2026-02-05,6801.34,0,Al Día,Al Día / OK,Cliente Corporativo
FAC-2026-10125,Chedraui,Retail,01 - Enero,2026-01-10,15,2026-01-25,14948.56,13,1-30 días,Atraso Preventivo,Cliente Corporativo
FAC-2026-10126,Chedraui,Retail,01 - Enero,2026-01-03,15,2026-01-18,10013.27,33,31-60 días,Riesgo Moderado,Cliente Corporativo
FAC-2026-10127,Chedraui,Retail,01 - Enero,2026-01-18,15,2026-02-02,15400.75,67,61-90 días,Riesgo Alto,Cliente Corporativo
FAC-2026-10128,Chedraui,Retail,01 - Enero,2026-01-23,30,2026-02-22,5861.48,127,+90 días (Crítico),En Mora / Crítico,Cliente Corporativo
FAC-2026-10129,Chedraui,Retail,01 - Enero,2026-01-13,45,2026-02-27,9738.83,13,1-30 días,Atraso Preventivo,Cliente Corporativo
FAC-2026-10130,Chedraui,Retail,01 - Enero,2026-01-17,30,2026-02-16,10086.07,0,Al Día,Al Día / OK,Cliente Corporativo
FAC-2026-10131,Chedraui,Retail,01 - Enero,2026-01-13,45,2026-02-27,2189.44,0,Al Día,Al Día / OK,Cliente Corporativo
FAC-2026-10132,Chedraui,Retail,01 - Enero,2026-01-29,15,2026-02-13,8123.77,39,31-60 días,Riesgo Moderado,Cliente Corporativo
FAC-2026-10133,Chedraui,Retail,01 - Enero,2026-01-14,45,2026-02-28,13427.31,79,61-90 días,Riesgo Alto,Cliente Corporativo
FAC-2026-10134,Chedraui,Retail,01 - Enero,2026-01-16,15,2026-01-31,17803.41,0,Al Día,Al Día / OK,Cliente Corporativo
FAC-2026-10135,Chedraui,Retail,01 - Enero,2026-01-20,45,2026-03-06,53802.85,0,Al Día,Al Día / OK,Cliente Corporativo
FAC-2026-10136,Chedraui,Retail,01 - Enero,2026-01-16,15,2026-01-31,49307.19,0,Al Día,Al Día / OK,Cliente Corporativo
FAC-2026-10137,Chedraui,Retail,01 - Enero,2026-01-26,45,2026-03-12,25243.26,95,+90 días (Crítico),En Mora / Crítico,Cliente Corporativo
FAC-2026-10138,Chedraui,Retail,01 - Enero,2026-01-29,45,2026-03-15,3977.54,19,1-30 días,Atraso Preventivo,Cliente Corporativo
FAC-2026-10139,Chedraui,Retail,01 - Enero,2026-01-10,30,2026-02-09,2781.4,10,1-30 días,Atraso Preventivo,Cliente Corporativo
FAC-2026-10140,Chedraui,Retail,01 - Enero,2026-01-13,60,2026-03-14,32253.35,0,Al Día,Al Día / OK,Cliente Corporativo
FAC-2026-10141,Chedraui,Retail,01 - Enero,2026-01-26,30,2026-02-25,2795.77,0,Al Día,Al Día / OK,Cliente Corporativo
FAC-2026-10142,Chedraui,Retail,01 - Enero,2026-01-19,60,2026-03-20,9534.99,0,Al Día,Al Día / OK,Cliente Corporativo
FAC-2026-10143,América Móvil (Claro),Telecom,01 - Enero,2026-01-20,15,2026-02-04,48574.63,0,Al Día,Al Día / OK,Cliente Corporativo
FAC-2026-10144,América Móvil (Claro),Telecom,01 - Enero,2026-01-25,15,2026-02-09,8397.9,8,1-30 días,Atraso Preventivo,Cliente Corporativo
FAC-2026-10145,América Móvil (Claro),Telecom,01 - Enero,2026-01-28,45,2026-03-14,25519.88,49,31-60 días,Riesgo Moderado,Cliente Corporativo
FAC-2026-10146,América Móvil (Claro),Telecom,01 - Enero,2026-01-22,45,2026-03-08,6075.72,87,61-90 días,Riesgo Alto,Cliente Corporativo
FAC-2026-10147,América Móvil (Claro),Telecom,01 - Enero,2026-01-19,45,2026-03-05,6181.66,157,+90 días (Crítico),En Mora / Crítico,Cliente Corporativo
FAC-2026-10148,América Móvil (Claro),Telecom,01 - Enero,2026-01-28,30,2026-02-27,3476.84,0,Al Día,Al Día / OK,Cliente Corporativo
FAC-2026-10149,América Móvil (Claro),Telecom,01 - Enero,2026-01-29,45,2026-03-15,21768.38,5,1-30 días,Atraso Preventivo,Cliente Corporativo
FAC-2026-10150,América Móvil (Claro),Telecom,01 - Enero,2026-01-28,30,2026-02-27,12891.75,0,Al Día,Al Día / OK,Cliente Corporativo
FAC-2026-10151,América Móvil (Claro),Telecom,01 - Enero,2026-01-25,60,2026-03-26,11519.34,0,Al Día,Al Día / OK,Cliente Corporativo
FAC-2026-10152,América Móvil (Claro),Telecom,01 - Enero,2026-01-26,60,2026-03-27,1994.14,135,+90 días (Crítico),En Mora / Crítico,Cliente Corporativo
FAC-2026-10153,América Móvil (Claro),Telecom,01 - Enero,2026-01-21,60,2026-03-22,90422.91,0,Al Día,Al Día / OK,Cliente Corporativo
FAC-2026-10154,América Móvil (Claro),Telecom,01 - Enero,2026-01-05,60,2026-03-06,2611.77,24,1-30 días,Atraso Preventivo,Cliente Corporativo
FAC-2026-10155,América Móvil (Claro),Telecom,01 - Enero,2026-01-15,15,2026-01-30,7479.12,0,Al Día,Al Día / OK,Cliente Corporativo
FAC-2026-10156,América Móvil (Claro),Telecom,01 - Enero,2026-01-01,15,2026-01-16,42856.19,7,1-30 días,Atraso Preventivo,Cliente Corporativo
FAC-2026-10157,Telefónica (Movistar),Telecom,01 - Enero,2026-01-25,45,2026-03-11,6777.48,0,Al Día,Al Día / OK,Cliente Corporativo
FAC-2026-10158,Telefónica (Movistar),Telecom,01 - Enero,2026-01-16,60,2026-03-17,11230.8,10,1-30 días,Atraso Preventivo,Cliente Corporativo
FAC-2026-10159,Telefónica (Movistar),Telecom,01 - Enero,2026-01-28,15,2026-02-12,4475.1,38,31-60 días,Riesgo Moderado,Cliente Corporativo
FAC-2026-10160,Telefónica (Movistar),Telecom,01 - Enero,2026-01-04,30,2026-02-03,8475.26,68,61-90 días,Riesgo Alto,Cliente Corporativo
FAC-2026-10161,Telefónica (Movistar),Telecom,01 - Enero,2026-01-18,60,2026-03-19,6316.6,131,+90 días (Crítico),En Mora / Crítico,Cliente Corporativo
FAC-2026-10162,Telefónica (Movistar),Telecom,01 - Enero,2026-01-22,45,2026-03-08,7866.83,0,Al Día,Al Día / OK,Cliente Corporativo
FAC-2026-10163,Telefónica (Movistar),Telecom,01 - Enero,2026-01-20,15,2026-02-04,44729.42,17,1-30 días,Atraso Preventivo,Cliente Corporativo
FAC-2026-10164,Telefónica (Movistar),Telecom,01 - Enero,2026-01-29,30,2026-02-28,18307.27,65,61-90 días,Riesgo Alto,Cliente Corporativo
FAC-2026-10165,Telefónica (Movistar),Telecom,01 - Enero,2026-01-02,30,2026-02-01,15636.77,78,61-90 días,Riesgo Alto,Cliente Corporativo
FAC-2026-10166,Telefónica (Movistar),Telecom,01 - Enero,2026-01-05,45,2026-02-19,28259.18,0,Al Día,Al Día / OK,Cliente Corporativo
FAC-2026-10167,Telefónica (Movistar),Telecom,01 - Enero,2026-01-18,60,2026-03-19,17431.03,101,+90 días (Crítico),En Mora / Crítico,Cliente Corporativo
FAC-2026-10168,Telefónica (Movistar),Telecom,01 - Enero,2026-01-31,15,2026-02-15,16353.05,117,+90 días (Crítico),En Mora / Crítico,Cliente Corporativo
FAC-2026-10169,Telefónica (Movistar),Telecom,01 - Enero,2026-01-01,30,2026-01-31,3786.59,0,Al Día,Al Día / OK,Cliente Corporativo
FAC-2026-10170,Telefónica (Movistar),Telecom,01 - Enero,2026-01-21,60,2026-03-22,22381.12,0,Al Día,Al Día / OK,Cliente Corporativo
FAC-2026-10171,Telefónica (Movistar),Telecom,01 - Enero,2026-01-05,45,2026-02-19,15791.73,7,1-30 días,Atraso Preventivo,Cliente Corporativo
FAC-2026-10172,Millicom (Tigo),Telecom,01 - Enero,2026-01-05,15,2026-01-20,47838.75,0,Al Día,Al Día / OK,Cliente Corporativo
FAC-2026-10173,Millicom (Tigo),Telecom,01 - Enero,2026-01-10,45,2026-02-24,5913.84,21,1-30 días,Atraso Preventivo,Cliente Corporativo
FAC-2026-10174,Millicom (Tigo),Telecom,01 - Enero,2026-01-09,30,2026-02-08,50783.58,31,31-60 días,Riesgo Moderado,Cliente Corporativo
FAC-2026-10175,Millicom (Tigo),Telecom,01 - Enero,2026-01-13,60,2026-03-14,35188.71,90,61-90 días,Riesgo Alto,Cliente Corporativo
FAC-2026-10176,Millicom (Tigo),Telecom,01 - Enero,2026-01-08,60,2026-03-09,8594.73,124,+90 días (Crítico),En Mora / Crítico,Cliente Corporativo
FAC-2026-10177,Millicom (Tigo),Telecom,01 - Enero,2026-01-07,30,2026-02-06,12839.98,0,Al Día,Al Día / OK,Cliente Corporativo
FAC-2026-10178,Millicom (Tigo),Telecom,01 - Enero,2026-01-03,45,2026-02-17,31708.53,0,Al Día,Al Día / OK,Cliente Corporativo
FAC-2026-10179,Millicom (Tigo),Telecom,01 - Enero,2026-01-12,15,2026-01-27,29448.15,0,Al Día,Al Día / OK,Cliente Corporativo
FAC-2026-10180,Millicom (Tigo),Telecom,01 - Enero,2026-01-17,60,2026-03-18,11021.72,0,Al Día,Al Día / OK,Cliente Corporativo
FAC-2026-10181,Millicom (Tigo),Telecom,01 - Enero,2026-01-05,15,2026-01-20,5510.67,15,1-30 días,Atraso Preventivo,Cliente Corporativo
FAC-2026-10182,Millicom (Tigo),Telecom,01 - Enero,2026-01-06,60,2026-03-07,8970.37,0,Al Día,Al Día / OK,Cliente Corporativo
FAC-2026-10183,Millicom (Tigo),Telecom,01 - Enero,2026-01-02,30,2026-02-01,11555.75,0,Al Día,Al Día / OK,Cliente Corporativo
FAC-2026-10184,Millicom (Tigo),Telecom,01 - Enero,2026-01-31,30,2026-03-02,14187.45,0,Al Día,Al Día / OK,Cliente Corporativo
FAC-2026-10185,Millicom (Tigo),Telecom,01 - Enero,2026-01-24,45,2026-03-10,18715.63,0,Al Día,Al Día / OK,Cliente Corporativo
FAC-2026-10186,Millicom (Tigo),Telecom,01 - Enero,2026-01-19,15,2026-02-03,12269.59,64,61-90 días,Riesgo Alto,Cliente Corporativo
FAC-2026-10187,Millicom (Tigo),Telecom,01 - Enero,2026-01-17,30,2026-02-16,12262.57,24,1-30 días,Atraso Preventivo,Cliente Corporativo
FAC-2026-10188,Millicom (Tigo),Telecom,01 - Enero,2026-01-02,30,2026-02-01,8375.09,0,Al Día,Al Día / OK,Cliente Corporativo
FAC-2026-10189,Millicom (Tigo),Telecom,01 - Enero,2026-01-11,45,2026-02-25,2620.12,0,Al Día,Al Día / OK,Cliente Corporativo
FAC-2026-10190,Millicom (Tigo),Telecom,01 - Enero,2026-01-25,45,2026-03-11,4165.68,0,Al Día,Al Día / OK,Cliente Corporativo
FAC-2026-10191,Millicom (Tigo),Telecom,01 - Enero,2026-01-22,60,2026-03-23,22662.81,12,1-30 días,Atraso Preventivo,Cliente Corporativo
FAC-2026-10192,Entel,Telecom,01 - Enero,2026-01-25,45,2026-03-11,34683.96,0,Al Día,Al Día / OK,Cliente Corporativo
FAC-2026-10193,Entel,Telecom,01 - Enero,2026-01-27,15,2026-02-11,16238.26,22,1-30 días,Atraso Preventivo,Cliente Corporativo
FAC-2026-10194,Entel,Telecom,01 - Enero,2026-01-19,45,2026-03-05,4460.76,51,31-60 días,Riesgo Moderado,Cliente Corporativo
FAC-2026-10195,Entel,Telecom,01 - Enero,2026-01-28,30,2026-02-27,2017.14,89,61-90 días,Riesgo Alto,Cliente Corporativo
FAC-2026-10196,Entel,Telecom,01 - Enero,2026-01-06,15,2026-01-21,11382.07,95,+90 días (Crítico),En Mora / Crítico,Cliente Corporativo
FAC-2026-10197,Entel,Telecom,01 - Enero,2026-01-14,30,2026-02-13,8411.27,0,Al Día,Al Día / OK,Cliente Corporativo
FAC-2026-10198,Entel,Telecom,01 - Enero,2026-01-27,15,2026-02-11,13010.37,0,Al Día,Al Día / OK,Cliente Corporativo
FAC-2026-10199,Entel,Telecom,01 - Enero,2026-01-22,45,2026-03-08,4273.71,0,Al Día,Al Día / OK,Cliente Corporativo
FAC-2026-10200,Entel,Telecom,01 - Enero,2026-01-16,15,2026-01-31,37690.27,0,Al Día,Al Día / OK,Cliente Corporativo
FAC-2026-10201,Entel,Telecom,01 - Enero,2026-01-08,15,2026-01-23,5428.18,24,1-30 días,Atraso Preventivo,Cliente Corporativo
FAC-2026-10202,Entel,Telecom,01 - Enero,2026-01-31,60,2026-04-01,18534.03,0,Al Día,Al Día / OK,Cliente Corporativo
FAC-2026-10203,Entel,Telecom,01 - Enero,2026-01-23,30,2026-02-22,25972.12,0,Al Día,Al Día / OK,Cliente Corporativo
FAC-2026-10204,Entel,Telecom,01 - Enero,2026-01-14,45,2026-02-28,23690.85,0,Al Día,Al Día / OK,Cliente Corporativo
FAC-2026-10205,Entel,Telecom,01 - Enero,2026-01-15,45,2026-03-01,14871.53,0,Al Día,Al Día / OK,Cliente Corporativo
FAC-2026-10206,AT&T,Telecom,01 - Enero,2026-01-13,30,2026-02-12,10990.29,0,Al Día,Al Día / OK,Cliente Corporativo
FAC-2026-10207,AT&T,Telecom,01 - Enero,2026-01-03,45,2026-02-17,3272.57,19,1-30 días,Atraso Preventivo,Cliente Corporativo
FAC-2026-10208,AT&T,Telecom,01 - Enero,2026-01-23,15,2026-02-07,1824.41,58,31-60 días,Riesgo Moderado,Cliente Corporativo
FAC-2026-10209,AT&T,Telecom,01 - Enero,2026-01-25,15,2026-02-09,2994.99,67,61-90 días,Riesgo Alto,Cliente Corporativo
FAC-2026-10210,AT&T,Telecom,01 - Enero,2026-01-30,60,2026-03-31,36893.28,115,+90 días (Crítico),En Mora / Crítico,Cliente Corporativo
FAC-2026-10211,AT&T,Telecom,01 - Enero,2026-01-25,60,2026-03-26,20036.36,0,Al Día,Al Día / OK,Cliente Corporativo
FAC-2026-10212,AT&T,Telecom,01 - Enero,2026-01-18,45,2026-03-04,17110.62,26,1-30 días,Atraso Preventivo,Cliente Corporativo
FAC-2026-10213,AT&T,Telecom,01 - Enero,2026-01-08,60,2026-03-09,3656.72,0,Al Día,Al Día / OK,Cliente Corporativo
FAC-2026-10214,AT&T,Telecom,01 - Enero,2026-01-09,15,2026-01-24,19888.04,0,Al Día,Al Día / OK,Cliente Corporativo
FAC-2026-10215,AT&T,Telecom,01 - Enero,2026-01-02,45,2026-02-16,78711.52,0,Al Día,Al Día / OK,Cliente Corporativo
FAC-2026-10216,AT&T,Telecom,01 - Enero,2026-01-05,15,2026-01-20,3132.17,0,Al Día,Al Día / OK,Cliente Corporativo
FAC-2026-10217,AT&T,Telecom,01 - Enero,2026-01-06,30,2026-02-05,4352.97,0,Al Día,Al Día / OK,Cliente Corporativo
FAC-2026-10218,AT&T,Telecom,01 - Enero,2026-01-11,30,2026-02-10,4627.24,0,Al Día,Al Día / OK,Cliente Corporativo
FAC-2026-10219,AT&T,Telecom,01 - Enero,2026-01-23,15,2026-02-07,14581.42,0,Al Día,Al Día / OK,Cliente Corporativo
FAC-2026-10220,AT&T,Telecom,01 - Enero,2026-01-08,15,2026-01-23,10330.64,96,+90 días (Crítico),En Mora / Crítico,Cliente Corporativo
FAC-2026-10221,AT&T,Telecom,01 - Enero,2026-01-28,45,2026-03-14,67648.25,36,31-60 días,Riesgo Moderado,Cliente Corporativo
FAC-2026-10222,Liberty Latin America,Telecom,01 - Enero,2026-01-30,60,2026-03-31,22033.8,0,Al Día,Al Día / OK,Cliente Corporativo
FAC-2026-10223,Liberty Latin America,Telecom,01 - Enero,2026-01-30,15,2026-02-14,14518.41,6,1-30 días,Atraso Preventivo,Cliente Corporativo
FAC-2026-10224,Liberty Latin America,Telecom,01 - Enero,2026-01-08,30,2026-02-07,30680.18,49,31-60 días,Riesgo Moderado,Cliente Corporativo
FAC-2026-10225,Liberty Latin America,Telecom,01 - Enero,2026-01-05,30,2026-02-04,7757.41,86,61-90 días,Riesgo Alto,Cliente Corporativo
FAC-2026-10226,Liberty Latin America,Telecom,01 - Enero,2026-01-19,60,2026-03-20,5941.8,110,+90 días (Crítico),En Mora / Crítico,Cliente Corporativo
FAC-2026-10227,Liberty Latin America,Telecom,01 - Enero,2026-01-01,30,2026-01-31,16868.16,10,1-30 días,Atraso Preventivo,Cliente Corporativo
FAC-2026-10228,Liberty Latin America,Telecom,01 - Enero,2026-01-11,45,2026-02-25,14889.85,0,Al Día,Al Día / OK,Cliente Corporativo
FAC-2026-10229,Liberty Latin America,Telecom,01 - Enero,2026-01-01,30,2026-01-31,3798.29,0,Al Día,Al Día / OK,Cliente Corporativo
FAC-2026-10230,Liberty Latin America,Telecom,01 - Enero,2026-01-23,30,2026-02-22,21968.82,103,+90 días (Crítico),En Mora / Crítico,Cliente Corporativo
FAC-2026-10231,Liberty Latin America,Telecom,01 - Enero,2026-01-20,15,2026-02-04,1248.86,0,Al Día,Al Día / OK,Cliente Corporativo
FAC-2026-10232,Liberty Latin America,Telecom,01 - Enero,2026-01-09,45,2026-02-23,17969.93,0,Al Día,Al Día / OK,Cliente Corporativo
FAC-2026-10233,Liberty Latin America,Telecom,01 - Enero,2026-01-03,30,2026-02-02,35435.67,0,Al Día,Al Día / OK,Cliente Corporativo
FAC-2026-10234,Liberty Latin America,Telecom,01 - Enero,2026-01-28,60,2026-03-29,49838.5,0,Al Día,Al Día / OK,Cliente Corporativo
FAC-2026-10235,Liberty Latin America,Telecom,01 - Enero,2026-01-11,15,2026-01-26,9782.26,0,Al Día,Al Día / OK,Cliente Corporativo
FAC-2026-10236,Liberty Latin America,Telecom,01 - Enero,2026-01-01,60,2026-03-02,32878.51,12,1-30 días,Atraso Preventivo,Cliente Corporativo
FAC-2026-10237,Liberty Latin America,Telecom,01 - Enero,2026-01-05,30,2026-02-04,4430.0,7,1-30 días,Atraso Preventivo,Cliente Corporativo
FAC-2026-10238,Liberty Latin America,Telecom,01 - Enero,2026-01-05,45,2026-02-19,44121.23,30,1-30 días,Atraso Preventivo,Cliente Corporativo
FAC-2026-10239,Liberty Latin America,Telecom,01 - Enero,2026-01-25,15,2026-02-09,31729.49,22,1-30 días,Atraso Preventivo,Cliente Corporativo
FAC-2026-10240,Liberty Latin America,Telecom,01 - Enero,2026-01-07,60,2026-03-08,12380.9,0,Al Día,Al Día / OK,Cliente Corporativo
FAC-2026-10241,Telecom Argentina,Telecom,01 - Enero,2026-01-06,15,2026-01-21,23528.44,0,Al Día,Al Día / OK,Cliente Corporativo
FAC-2026-10242,Telecom Argentina,Telecom,01 - Enero,2026-01-15,15,2026-01-30,8525.07,29,1-30 días,Atraso Preventivo,Cliente Corporativo
FAC-2026-10243,Telecom Argentina,Telecom,01 - Enero,2026-01-15,45,2026-03-01,14048.52,32,31-60 días,Riesgo Moderado,Cliente Corporativo
FAC-2026-10244,Telecom Argentina,Telecom,01 - Enero,2026-01-08,60,2026-03-09,14023.88,79,61-90 días,Riesgo Alto,Cliente Corporativo
FAC-2026-10245,Telecom Argentina,Telecom,01 - Enero,2026-01-06,30,2026-02-05,17309.23,157,+90 días (Crítico),En Mora / Crítico,Cliente Corporativo
FAC-2026-10246,Telecom Argentina,Telecom,01 - Enero,2026-01-10,60,2026-03-11,39160.28,0,Al Día,Al Día / OK,Cliente Corporativo
FAC-2026-10247,Telecom Argentina,Telecom,01 - Enero,2026-01-01,60,2026-03-02,110489.53,8,1-30 días,Atraso Preventivo,Cliente Corporativo
FAC-2026-10248,Telecom Argentina,Telecom,01 - Enero,2026-01-25,15,2026-02-09,3980.4,27,1-30 días,Atraso Preventivo,Cliente Corporativo
FAC-2026-10249,Telecom Argentina,Telecom,01 - Enero,2026-01-04,30,2026-02-03,38886.01,9,1-30 días,Atraso Preventivo,Cliente Corporativo
FAC-2026-10250,Telecom Argentina,Telecom,01 - Enero,2026-01-01,30,2026-01-31,34927.39,45,31-60 días,Riesgo Moderado,Cliente Corporativo
FAC-2026-10251,Telecom Argentina,Telecom,01 - Enero,2026-01-24,60,2026-03-25,29928.1,0,Al Día,Al Día / OK,Cliente Corporativo
FAC-2026-10252,Telecom Argentina,Telecom,01 - Enero,2026-01-05,15,2026-01-20,24258.78,0,Al Día,Al Día / OK,Cliente Corporativo
FAC-2026-10253,Telecom Argentina,Telecom,01 - Enero,2026-01-02,45,2026-02-16,16204.41,23,1-30 días,Atraso Preventivo,Cliente Corporativo
FAC-2026-10254,Telecom Argentina,Telecom,01 - Enero,2026-01-26,45,2026-03-12,4807.22,24,1-30 días,Atraso Preventivo,Cliente Corporativo
FAC-2026-10255,Telecom Argentina,Telecom,01 - Enero,2026-01-10,60,2026-03-11,11117.06,12,1-30 días,Atraso Preventivo,Cliente Corporativo
FAC-2026-10256,Telecom Argentina,Telecom,01 - Enero,2026-01-26,30,2026-02-25,17084.0,30,1-30 días,Atraso Preventivo,Cliente Corporativo
FAC-2026-10257,Telecom Argentina,Telecom,01 - Enero,2026-01-30,30,2026-03-01,24509.57,19,1-30 días,Atraso Preventivo,Cliente Corporativo
FAC-2026-10258,Telecom Argentina,Telecom,01 - Enero,2026-01-11,60,2026-03-12,46384.16,0,Al Día,Al Día / OK,Cliente Corporativo
FAC-2026-10259,Telecom Argentina,Telecom,01 - Enero,2026-01-05,60,2026-03-06,20167.25,0,Al Día,Al Día / OK,Cliente Corporativo
FAC-2026-10260,Telecom Argentina,Telecom,01 - Enero,2026-01-17,60,2026-03-18,2485.41,0,Al Día,Al Día / OK,Cliente Corporativo
FAC-2026-10261,Banco Santander,Banca & Fintech,01 - Enero,2026-01-19,15,2026-02-03,3261.45,0,Al Día,Al Día / OK,Cliente Corporativo
FAC-2026-10262,Banco Santander,Banca & Fintech,01 - Enero,2026-01-09,30,2026-02-08,11089.83,15,1-30 días,Atraso Preventivo,Cliente Corporativo
FAC-2026-10263,Banco Santander,Banca & Fintech,01 - Enero,2026-01-14,15,2026-01-29,4395.15,51,31-60 días,Riesgo Moderado,Cliente Corporativo
FAC-2026-10264,Banco Santander,Banca & Fintech,01 - Enero,2026-01-04,30,2026-02-03,42080.93,83,61-90 días,Riesgo Alto,Cliente Corporativo
FAC-2026-10265,Banco Santander,Banca & Fintech,01 - Enero,2026-01-31,30,2026-03-02,5627.81,145,+90 días (Crítico),En Mora / Crítico,Cliente Corporativo
FAC-2026-10266,Banco Santander,Banca & Fintech,01 - Enero,2026-01-21,45,2026-03-07,8548.77,0,Al Día,Al Día / OK,Cliente Corporativo
FAC-2026-10267,Banco Santander,Banca & Fintech,01 - Enero,2026-01-20,15,2026-02-04,8502.85,0,Al Día,Al Día / OK,Cliente Corporativo
FAC-2026-10268,Banco Santander,Banca & Fintech,01 - Enero,2026-01-31,60,2026-04-01,46630.66,0,Al Día,Al Día / OK,Cliente Corporativo
FAC-2026-10269,Banco Santander,Banca & Fintech,01 - Enero,2026-01-02,45,2026-02-16,25275.16,0,Al Día,Al Día / OK,Cliente Corporativo
FAC-2026-10270,Banco Santander,Banca & Fintech,01 - Enero,2026-01-17,60,2026-03-18,12041.08,0,Al Día,Al Día / OK,Cliente Corporativo
FAC-2026-10271,Banco Santander,Banca & Fintech,01 - Enero,2026-01-19,30,2026-02-18,13617.98,0,Al Día,Al Día / OK,Cliente Corporativo
FAC-2026-10272,Banco Santander,Banca & Fintech,01 - Enero,2026-01-06,15,2026-01-21,28494.9,47,31-60 días,Riesgo Moderado,Cliente Corporativo
FAC-2026-10273,Banco Santander,Banca & Fintech,01 - Enero,2026-01-11,30,2026-02-10,5504.19,0,Al Día,Al Día / OK,Cliente Corporativo
FAC-2026-10274,Banco Santander,Banca & Fintech,01 - Enero,2026-01-17,45,2026-03-03,15867.75,139,+90 días (Crítico),En Mora / Crítico,Cliente Corporativo
FAC-2026-10275,Banco Santander,Banca & Fintech,01 - Enero,2026-01-22,60,2026-03-23,4870.35,0,Al Día,Al Día / OK,Cliente Corporativo
FAC-2026-10276,Banco Santander,Banca & Fintech,01 - Enero,2026-01-07,15,2026-01-22,10314.58,0,Al Día,Al Día / OK,Cliente Corporativo
FAC-2026-10277,Banco Santander,Banca & Fintech,01 - Enero,2026-01-19,45,2026-03-05,1870.22,21,1-30 días,Atraso Preventivo,Cliente Corporativo
FAC-2026-10278,Banco Santander,Banca & Fintech,01 - Enero,2026-01-30,60,2026-03-31,7467.66,22,1-30 días,Atraso Preventivo,Cliente Corporativo
FAC-2026-10279,Banco Santander,Banca & Fintech,01 - Enero,2026-01-19,45,2026-03-05,14961.87,0,Al Día,Al Día / OK,Cliente Corporativo
FAC-2026-10280,BBVA,Banca & Fintech,01 - Enero,2026-01-17,30,2026-02-16,12495.02,0,Al Día,Al Día / OK,Cliente Corporativo
FAC-2026-10281,BBVA,Banca & Fintech,01 - Enero,2026-01-19,45,2026-03-05,4712.88,8,1-30 días,Atraso Preventivo,Cliente Corporativo
FAC-2026-10282,BBVA,Banca & Fintech,01 - Enero,2026-01-29,45,2026-03-15,23889.83,37,31-60 días,Riesgo Moderado,Cliente Corporativo
FAC-2026-10283,BBVA,Banca & Fintech,01 - Enero,2026-01-10,30,2026-02-09,18025.17,79,61-90 días,Riesgo Alto,Cliente Corporativo
FAC-2026-10284,BBVA,Banca & Fintech,01 - Enero,2026-01-28,15,2026-02-12,4216.54,145,+90 días (Crítico),En Mora / Crítico,Cliente Corporativo
FAC-2026-10285,BBVA,Banca & Fintech,01 - Enero,2026-01-07,15,2026-01-22,15642.17,0,Al Día,Al Día / OK,Cliente Corporativo
FAC-2026-10286,BBVA,Banca & Fintech,01 - Enero,2026-01-03,60,2026-03-04,13876.03,0,Al Día,Al Día / OK,Cliente Corporativo
FAC-2026-10287,BBVA,Banca & Fintech,01 - Enero,2026-01-08,30,2026-02-07,16368.18,0,Al Día,Al Día / OK,Cliente Corporativo
FAC-2026-10288,BBVA,Banca & Fintech,01 - Enero,2026-01-19,15,2026-02-03,3085.32,12,1-30 días,Atraso Preventivo,Cliente Corporativo
FAC-2026-10289,BBVA,Banca & Fintech,01 - Enero,2026-01-24,30,2026-02-23,33118.52,18,1-30 días,Atraso Preventivo,Cliente Corporativo
FAC-2026-10290,BBVA,Banca & Fintech,01 - Enero,2026-01-04,60,2026-03-05,10587.66,25,1-30 días,Atraso Preventivo,Cliente Corporativo
FAC-2026-10291,BBVA,Banca & Fintech,01 - Enero,2026-01-23,60,2026-03-24,19254.89,0,Al Día,Al Día / OK,Cliente Corporativo
FAC-2026-10292,BBVA,Banca & Fintech,01 - Enero,2026-01-01,45,2026-02-15,4803.65,46,31-60 días,Riesgo Moderado,Cliente Corporativo
FAC-2026-10293,BBVA,Banca & Fintech,01 - Enero,2026-01-04,15,2026-01-19,41373.53,0,Al Día,Al Día / OK,Cliente Corporativo
FAC-2026-10294,Banco de Chile,Banca & Fintech,01 - Enero,2026-01-15,15,2026-01-30,8192.36,0,Al Día,Al Día / OK,Cliente Corporativo
FAC-2026-10295,Banco de Chile,Banca & Fintech,01 - Enero,2026-01-10,45,2026-02-24,8717.26,6,1-30 días,Atraso Preventivo,Cliente Corporativo
FAC-2026-10296,Banco de Chile,Banca & Fintech,01 - Enero,2026-01-23,60,2026-03-24,17157.0,50,31-60 días,Riesgo Moderado,Cliente Corporativo
FAC-2026-10297,Banco de Chile,Banca & Fintech,01 - Enero,2026-01-06,60,2026-03-07,8709.69,90,61-90 días,Riesgo Alto,Cliente Corporativo
FAC-2026-10298,Banco de Chile,Banca & Fintech,01 - Enero,2026-01-21,60,2026-03-22,3440.91,114,+90 días (Crítico),En Mora / Crítico,Cliente Corporativo
FAC-2026-10299,Banco de Chile,Banca & Fintech,01 - Enero,2026-01-24,45,2026-03-10,13136.85,47,31-60 días,Riesgo Moderado,Cliente Corporativo
FAC-2026-10300,Banco de Chile,Banca & Fintech,01 - Enero,2026-01-17,30,2026-02-16,19266.55,6,1-30 días,Atraso Preventivo,Cliente Corporativo
FAC-2026-10301,Banco de Chile,Banca & Fintech,01 - Enero,2026-01-07,15,2026-01-22,33624.97,0,Al Día,Al Día / OK,Cliente Corporativo
FAC-2026-10302,Banco de Chile,Banca & Fintech,01 - Enero,2026-01-04,30,2026-02-03,4590.39,0,Al Día,Al Día / OK,Cliente Corporativo
FAC-2026-10303,Banco de Chile,Banca & Fintech,01 - Enero,2026-01-23,15,2026-02-07,45423.99,0,Al Día,Al Día / OK,Cliente Corporativo
FAC-2026-10304,Banco de Chile,Banca & Fintech,01 - Enero,2026-01-21,30,2026-02-20,2451.69,10,1-30 días,Atraso Preventivo,Cliente Corporativo
FAC-2026-10305,Banco de Chile,Banca & Fintech,01 - Enero,2026-01-05,15,2026-01-20,24126.41,0,Al Día,Al Día / OK,Cliente Corporativo
FAC-2026-10306,Banco de Chile,Banca & Fintech,01 - Enero,2026-01-21,30,2026-02-20,6709.72,0,Al Día,Al Día / OK,Cliente Corporativo
FAC-2026-10307,Banco de Chile,Banca & Fintech,01 - Enero,2026-01-31,30,2026-03-02,17716.51,6,1-30 días,Atraso Preventivo,Cliente Corporativo
FAC-2026-10308,Banco de Chile,Banca & Fintech,01 - Enero,2026-01-25,15,2026-02-09,45447.77,0,Al Día,Al Día / OK,Cliente Corporativo
FAC-2026-10309,Banco de Chile,Banca & Fintech,01 - Enero,2026-01-26,15,2026-02-10,14370.9,0,Al Día,Al Día / OK,Cliente Corporativo
FAC-2026-10310,Banco de Chile,Banca & Fintech,01 - Enero,2026-01-02,60,2026-03-03,2755.71,61,61-90 días,Riesgo Alto,Cliente Corporativo
FAC-2026-10311,Banco de Chile,Banca & Fintech,01 - Enero,2026-01-04,45,2026-02-18,10076.56,0,Al Día,Al Día / OK,Cliente Corporativo
FAC-2026-10312,Bancolombia,Banca & Fintech,01 - Enero,2026-01-08,45,2026-02-22,8532.78,0,Al Día,Al Día / OK,Cliente Corporativo
FAC-2026-10313,Bancolombia,Banca & Fintech,01 - Enero,2026-01-17,45,2026-03-03,16582.35,11,1-30 días,Atraso Preventivo,Cliente Corporativo
FAC-2026-10314,Bancolombia,Banca & Fintech,01 - Enero,2026-01-22,30,2026-02-21,18934.65,53,31-60 días,Riesgo Moderado,Cliente Corporativo
FAC-2026-10315,Bancolombia,Banca & Fintech,01 - Enero,2026-01-22,30,2026-02-21,12078.78,65,61-90 días,Riesgo Alto,Cliente Corporativo
FAC-2026-10316,Bancolombia,Banca & Fintech,01 - Enero,2026-01-26,60,2026-03-27,4328.06,110,+90 días (Crítico),En Mora / Crítico,Cliente Corporativo
FAC-2026-10317,Bancolombia,Banca & Fintech,01 - Enero,2026-01-11,15,2026-01-26,17551.72,0,Al Día,Al Día / OK,Cliente Corporativo
FAC-2026-10318,Bancolombia,Banca & Fintech,01 - Enero,2026-01-02,15,2026-01-17,8799.23,25,1-30 días,Atraso Preventivo,Cliente Corporativo
FAC-2026-10319,Bancolombia,Banca & Fintech,01 - Enero,2026-01-08,15,2026-01-23,23169.5,0,Al Día,Al Día / OK,Cliente Corporativo
FAC-2026-10320,Bancolombia,Banca & Fintech,01 - Enero,2026-01-08,30,2026-02-07,2621.48,0,Al Día,Al Día / OK,Cliente Corporativo
FAC-2026-10321,Bancolombia,Banca & Fintech,01 - Enero,2026-01-18,15,2026-02-02,62988.04,0,Al Día,Al Día / OK,Cliente Corporativo
FAC-2026-10322,Bancolombia,Banca & Fintech,01 - Enero,2026-01-06,30,2026-02-05,7999.46,0,Al Día,Al Día / OK,Cliente Corporativo
FAC-2026-10323,Bancolombia,Banca & Fintech,01 - Enero,2026-01-27,45,2026-03-13,55208.83,107,+90 días (Crítico),En Mora / Crítico,Cliente Corporativo
FAC-2026-10324,Bancolombia,Banca & Fintech,01 - Enero,2026-01-23,15,2026-02-07,15252.06,0,Al Día,Al Día / OK,Cliente Corporativo
FAC-2026-10325,Bancolombia,Banca & Fintech,01 - Enero,2026-01-24,45,2026-03-10,26815.93,25,1-30 días,Atraso Preventivo,Cliente Corporativo
FAC-2026-10326,Bancolombia,Banca & Fintech,01 - Enero,2026-01-05,30,2026-02-04,6370.31,12,1-30 días,Atraso Preventivo,Cliente Corporativo
FAC-2026-10327,Bancolombia,Banca & Fintech,01 - Enero,2026-01-25,60,2026-03-26,80320.05,0,Al Día,Al Día / OK,Cliente Corporativo
FAC-2026-10328,Itaú Unibanco,Banca & Fintech,01 - Enero,2026-01-13,30,2026-02-12,2143.6,0,Al Día,Al Día / OK,Cliente Corporativo
FAC-2026-10329,Itaú Unibanco,Banca & Fintech,01 - Enero,2026-01-10,60,2026-03-11,119002.99,11,1-30 días,Atraso Preventivo,Cliente Corporativo
FAC-2026-10330,Itaú Unibanco,Banca & Fintech,01 - Enero,2026-01-26,15,2026-02-10,41033.84,52,31-60 días,Riesgo Moderado,Cliente Corporativo
FAC-2026-10331,Itaú Unibanco,Banca & Fintech,01 - Enero,2026-01-14,45,2026-02-28,22510.11,81,61-90 días,Riesgo Alto,Cliente Corporativo
FAC-2026-10332,Itaú Unibanco,Banca & Fintech,01 - Enero,2026-01-19,60,2026-03-20,58179.52,162,+90 días (Crítico),En Mora / Crítico,Cliente Corporativo
FAC-2026-10333,Itaú Unibanco,Banca & Fintech,01 - Enero,2026-01-29,30,2026-02-28,34705.69,24,1-30 días,Atraso Preventivo,Cliente Corporativo
FAC-2026-10334,Itaú Unibanco,Banca & Fintech,01 - Enero,2026-01-18,45,2026-03-04,20105.41,47,31-60 días,Riesgo Moderado,Cliente Corporativo
FAC-2026-10335,Itaú Unibanco,Banca & Fintech,01 - Enero,2026-01-24,45,2026-03-10,2641.36,17,1-30 días,Atraso Preventivo,Cliente Corporativo
FAC-2026-10336,Itaú Unibanco,Banca & Fintech,01 - Enero,2026-01-05,45,2026-02-19,24422.46,0,Al Día,Al Día / OK,Cliente Corporativo
FAC-2026-10337,Itaú Unibanco,Banca & Fintech,01 - Enero,2026-01-12,45,2026-02-26,15157.62,0,Al Día,Al Día / OK,Cliente Corporativo
FAC-2026-10338,Itaú Unibanco,Banca & Fintech,01 - Enero,2026-01-29,30,2026-02-28,18897.76,0,Al Día,Al Día / OK,Cliente Corporativo
FAC-2026-10339,Itaú Unibanco,Banca & Fintech,01 - Enero,2026-01-16,15,2026-01-31,1644.66,6,1-30 días,Atraso Preventivo,Cliente Corporativo
FAC-2026-10340,Itaú Unibanco,Banca & Fintech,01 - Enero,2026-01-10,30,2026-02-09,38587.04,0,Al Día,Al Día / OK,Cliente Corporativo
FAC-2026-10341,Itaú Unibanco,Banca & Fintech,01 - Enero,2026-01-13,30,2026-02-12,2506.85,63,61-90 días,Riesgo Alto,Cliente Corporativo
FAC-2026-10342,Itaú Unibanco,Banca & Fintech,01 - Enero,2026-01-14,60,2026-03-15,2868.8,0,Al Día,Al Día / OK,Cliente Corporativo
FAC-2026-10343,Itaú Unibanco,Banca & Fintech,01 - Enero,2026-01-30,15,2026-02-14,16847.49,0,Al Día,Al Día / OK,Cliente Corporativo
FAC-2026-10344,Itaú Unibanco,Banca & Fintech,01 - Enero,2026-01-12,45,2026-02-26,2931.24,0,Al Día,Al Día / OK,Cliente Corporativo
FAC-2026-10345,Itaú Unibanco,Banca & Fintech,01 - Enero,2026-01-31,45,2026-03-17,24920.09,0,Al Día,Al Día / OK,Cliente Corporativo
FAC-2026-10346,Itaú Unibanco,Banca & Fintech,01 - Enero,2026-01-17,45,2026-03-03,7543.24,0,Al Día,Al Día / OK,Cliente Corporativo
FAC-2026-10347,Nubank,Banca & Fintech,01 - Enero,2026-01-18,60,2026-03-19,21615.35,0,Al Día,Al Día / OK,Cliente Corporativo
FAC-2026-10348,Nubank,Banca & Fintech,01 - Enero,2026-01-05,15,2026-01-20,1788.57,20,1-30 días,Atraso Preventivo,Cliente Corporativo
FAC-2026-10349,Nubank,Banca & Fintech,01 - Enero,2026-01-14,45,2026-02-28,3354.97,39,31-60 días,Riesgo Moderado,Cliente Corporativo
FAC-2026-10350,Nubank,Banca & Fintech,01 - Enero,2026-01-25,60,2026-03-26,5439.6,64,61-90 días,Riesgo Alto,Cliente Corporativo
FAC-2026-10351,Nubank,Banca & Fintech,01 - Enero,2026-01-26,15,2026-02-10,6295.7,151,+90 días (Crítico),En Mora / Crítico,Cliente Corporativo
FAC-2026-10352,Nubank,Banca & Fintech,01 - Enero,2026-01-06,45,2026-02-20,17729.2,44,31-60 días,Riesgo Moderado,Cliente Corporativo
FAC-2026-10353,Nubank,Banca & Fintech,01 - Enero,2026-01-30,15,2026-02-14,86330.0,161,+90 días (Crítico),En Mora / Crítico,Cliente Corporativo
FAC-2026-10354,Nubank,Banca & Fintech,01 - Enero,2026-01-27,60,2026-03-28,18044.8,82,61-90 días,Riesgo Alto,Cliente Corporativo
FAC-2026-10355,Nubank,Banca & Fintech,01 - Enero,2026-01-13,30,2026-02-12,4696.06,0,Al Día,Al Día / OK,Cliente Corporativo
FAC-2026-10356,Nubank,Banca & Fintech,01 - Enero,2026-01-26,15,2026-02-10,28420.33,0,Al Día,Al Día / OK,Cliente Corporativo
FAC-2026-10357,Nubank,Banca & Fintech,01 - Enero,2026-01-06,15,2026-01-21,63787.52,0,Al Día,Al Día / OK,Cliente Corporativo
FAC-2026-10358,Nubank,Banca & Fintech,01 - Enero,2026-01-17,15,2026-02-01,14601.12,86,61-90 días,Riesgo Alto,Cliente Corporativo
FAC-2026-10359,Nubank,Banca & Fintech,01 - Enero,2026-01-27,30,2026-02-26,13362.12,0,Al Día,Al Día / OK,Cliente Corporativo
FAC-2026-10360,Nubank,Banca & Fintech,01 - Enero,2026-01-17,60,2026-03-18,5775.07,33,31-60 días,Riesgo Moderado,Cliente Corporativo
FAC-2026-10361,Nubank,Banca & Fintech,01 - Enero,2026-01-24,15,2026-02-08,17378.3,0,Al Día,Al Día / OK,Cliente Corporativo
FAC-2026-10362,Nubank,Banca & Fintech,01 - Enero,2026-01-14,15,2026-01-29,38987.85,0,Al Día,Al Día / OK,Cliente Corporativo
FAC-2026-10363,Banco Galicia,Banca & Fintech,01 - Enero,2026-01-03,45,2026-02-17,3719.27,0,Al Día,Al Día / OK,Cliente Corporativo
FAC-2026-10364,Banco Galicia,Banca & Fintech,01 - Enero,2026-01-09,45,2026-02-23,32089.62,29,1-30 días,Atraso Preventivo,Cliente Corporativo
FAC-2026-10365,Banco Galicia,Banca & Fintech,01 - Enero,2026-01-10,15,2026-01-25,18538.6,45,31-60 días,Riesgo Moderado,Cliente Corporativo
FAC-2026-10366,Banco Galicia,Banca & Fintech,01 - Enero,2026-01-05,45,2026-02-19,6787.01,87,61-90 días,Riesgo Alto,Cliente Corporativo
FAC-2026-10367,Banco Galicia,Banca & Fintech,01 - Enero,2026-01-28,45,2026-03-14,6312.36,128,+90 días (Crítico),En Mora / Crítico,Cliente Corporativo
FAC-2026-10368,Banco Galicia,Banca & Fintech,01 - Enero,2026-01-16,30,2026-02-15,60120.91,0,Al Día,Al Día / OK,Cliente Corporativo
FAC-2026-10369,Banco Galicia,Banca & Fintech,01 - Enero,2026-01-16,15,2026-01-31,35493.58,43,31-60 días,Riesgo Moderado,Cliente Corporativo
FAC-2026-10370,Banco Galicia,Banca & Fintech,01 - Enero,2026-01-08,15,2026-01-23,17354.79,0,Al Día,Al Día / OK,Cliente Corporativo
FAC-2026-10371,Banco Galicia,Banca & Fintech,01 - Enero,2026-01-26,45,2026-03-12,21598.57,0,Al Día,Al Día / OK,Cliente Corporativo
FAC-2026-10372,Banco Galicia,Banca & Fintech,01 - Enero,2026-01-27,15,2026-02-11,39160.41,0,Al Día,Al Día / OK,Cliente Corporativo
FAC-2026-10373,Banco Galicia,Banca & Fintech,01 - Enero,2026-01-19,60,2026-03-20,4281.47,5,1-30 días,Atraso Preventivo,Cliente Corporativo
FAC-2026-10374,Banco Galicia,Banca & Fintech,01 - Enero,2026-01-16,15,2026-01-31,6108.86,0,Al Día,Al Día / OK,Cliente Corporativo
FAC-2026-10375,Banco Galicia,Banca & Fintech,01 - Enero,2026-01-21,30,2026-02-20,22811.06,0,Al Día,Al Día / OK,Cliente Corporativo
FAC-2026-10376,Banco Galicia,Banca & Fintech,01 - Enero,2026-01-28,45,2026-03-14,38181.06,43,31-60 días,Riesgo Moderado,Cliente Corporativo
FAC-2026-10377,Banco Galicia,Banca & Fintech,01 - Enero,2026-01-19,45,2026-03-05,32061.06,40,31-60 días,Riesgo Moderado,Cliente Corporativo
FAC-2026-10378,Banco Galicia,Banca & Fintech,01 - Enero,2026-01-21,30,2026-02-20,31864.21,48,31-60 días,Riesgo Moderado,Cliente Corporativo
FAC-2026-10379,Banco Galicia,Banca & Fintech,01 - Enero,2026-01-14,15,2026-01-29,1315.31,0,Al Día,Al Día / OK,Cliente Corporativo
FAC-2026-10380,Banorte,Banca & Fintech,01 - Enero,2026-01-13,30,2026-02-12,7822.7,0,Al Día,Al Día / OK,Cliente Corporativo
FAC-2026-10381,Banorte,Banca & Fintech,01 - Enero,2026-01-09,15,2026-01-24,6313.44,12,1-30 días,Atraso Preventivo,Cliente Corporativo
FAC-2026-10382,Banorte,Banca & Fintech,01 - Enero,2026-01-28,60,2026-03-29,28819.82,54,31-60 días,Riesgo Moderado,Cliente Corporativo
FAC-2026-10383,Banorte,Banca & Fintech,01 - Enero,2026-01-16,30,2026-02-15,24402.54,79,61-90 días,Riesgo Alto,Cliente Corporativo
FAC-2026-10384,Banorte,Banca & Fintech,01 - Enero,2026-01-10,15,2026-01-25,9465.27,153,+90 días (Crítico),En Mora / Crítico,Cliente Corporativo
FAC-2026-10385,Banorte,Banca & Fintech,01 - Enero,2026-01-30,15,2026-02-14,51028.57,0,Al Día,Al Día / OK,Cliente Corporativo
FAC-2026-10386,Banorte,Banca & Fintech,01 - Enero,2026-01-04,30,2026-02-03,27731.36,77,61-90 días,Riesgo Alto,Cliente Corporativo
FAC-2026-10387,Banorte,Banca & Fintech,01 - Enero,2026-01-17,30,2026-02-16,2273.98,0,Al Día,Al Día / OK,Cliente Corporativo
FAC-2026-10388,Banorte,Banca & Fintech,01 - Enero,2026-01-24,45,2026-03-10,66543.5,44,31-60 días,Riesgo Moderado,Cliente Corporativo
FAC-2026-10389,Banorte,Banca & Fintech,01 - Enero,2026-01-29,60,2026-03-30,17442.8,7,1-30 días,Atraso Preventivo,Cliente Corporativo
FAC-2026-10390,Banorte,Banca & Fintech,01 - Enero,2026-01-12,45,2026-02-26,32218.31,0,Al Día,Al Día / OK,Cliente Corporativo
FAC-2026-10391,Banorte,Banca & Fintech,01 - Enero,2026-01-15,45,2026-03-01,21896.14,41,31-60 días,Riesgo Moderado,Cliente Corporativo
FAC-2026-10392,Banorte,Banca & Fintech,01 - Enero,2026-01-26,30,2026-02-25,106527.52,0,Al Día,Al Día / OK,Cliente Corporativo
FAC-2026-10393,Banorte,Banca & Fintech,01 - Enero,2026-01-17,45,2026-03-03,4416.18,0,Al Día,Al Día / OK,Cliente Corporativo
FAC-2026-10394,Banorte,Banca & Fintech,01 - Enero,2026-01-23,15,2026-02-07,34180.52,24,1-30 días,Atraso Preventivo,Cliente Corporativo
FAC-2026-10395,Banorte,Banca & Fintech,01 - Enero,2026-01-15,30,2026-02-14,3734.36,0,Al Día,Al Día / OK,Cliente Corporativo
FAC-2026-10396,Banorte,Banca & Fintech,01 - Enero,2026-01-03,15,2026-01-18,11392.02,146,+90 días (Crítico),En Mora / Crítico,Cliente Corporativo
FAC-2026-10397,Banorte,Banca & Fintech,01 - Enero,2026-01-21,45,2026-03-07,19516.17,0,Al Día,Al Día / OK,Cliente Corporativo
FAC-2026-10398,Banorte,Banca & Fintech,01 - Enero,2026-01-06,45,2026-02-20,75607.87,0,Al Día,Al Día / OK,Cliente Corporativo
FAC-2026-10399,Cemex,Industrial,01 - Enero,2026-01-01,30,2026-01-31,37424.04,0,Al Día,Al Día / OK,Cliente Corporativo
FAC-2026-10400,Cemex,Industrial,01 - Enero,2026-01-15,30,2026-02-14,2006.06,7,1-30 días,Atraso Preventivo,Cliente Corporativo
FAC-2026-10401,Cemex,Industrial,01 - Enero,2026-01-25,60,2026-03-26,14736.01,42,31-60 días,Riesgo Moderado,Cliente Corporativo
FAC-2026-10402,Cemex,Industrial,01 - Enero,2026-01-12,60,2026-03-13,56669.32,87,61-90 días,Riesgo Alto,Cliente Corporativo
FAC-2026-10403,Cemex,Industrial,01 - Enero,2026-01-14,15,2026-01-29,3029.46,107,+90 días (Crítico),En Mora / Crítico,Cliente Corporativo
FAC-2026-10404,Cemex,Industrial,01 - Enero,2026-01-15,45,2026-03-01,1524.42,50,31-60 días,Riesgo Moderado,Cliente Corporativo
FAC-2026-10405,Cemex,Industrial,01 - Enero,2026-01-29,60,2026-03-30,44914.03,0,Al Día,Al Día / OK,Cliente Corporativo
FAC-2026-10406,Cemex,Industrial,01 - Enero,2026-01-26,45,2026-03-12,12361.4,0,Al Día,Al Día / OK,Cliente Corporativo
FAC-2026-10407,Cemex,Industrial,01 - Enero,2026-01-30,30,2026-03-01,6319.33,16,1-30 días,Atraso Preventivo,Cliente Corporativo
FAC-2026-10408,Cemex,Industrial,01 - Enero,2026-01-09,30,2026-02-08,4356.06,0,Al Día,Al Día / OK,Cliente Corporativo
FAC-2026-10409,Cemex,Industrial,01 - Enero,2026-01-22,30,2026-02-21,17260.36,0,Al Día,Al Día / OK,Cliente Corporativo
FAC-2026-10410,Cemex,Industrial,01 - Enero,2026-01-08,45,2026-02-22,1410.39,171,+90 días (Crítico),En Mora / Crítico,Cliente Corporativo
FAC-2026-10411,Cemex,Industrial,01 - Enero,2026-01-18,30,2026-02-17,12968.56,0,Al Día,Al Día / OK,Cliente Corporativo
FAC-2026-10412,Cemex,Industrial,01 - Enero,2026-01-31,30,2026-03-02,22572.91,0,Al Día,Al Día / OK,Cliente Corporativo
FAC-2026-10413,Cemex,Industrial,01 - Enero,2026-01-01,60,2026-03-02,24391.0,12,1-30 días,Atraso Preventivo,Cliente Corporativo
FAC-2026-10414,Cemex,Industrial,01 - Enero,2026-01-19,60,2026-03-20,3152.42,0,Al Día,Al Día / OK,Cliente Corporativo
FAC-2026-10415,Cemex,Industrial,01 - Enero,2026-01-14,60,2026-03-15,13052.43,0,Al Día,Al Día / OK,Cliente Corporativo
FAC-2026-10416,Cemex,Industrial,01 - Enero,2026-01-28,60,2026-03-29,28114.28,0,Al Día,Al Día / OK,Cliente Corporativo
FAC-2026-10417,Cemex,Industrial,01 - Enero,2026-01-18,60,2026-03-19,14953.61,0,Al Día,Al Día / OK,Cliente Corporativo
FAC-2026-10418,Cemex,Industrial,01 - Enero,2026-01-09,15,2026-01-24,32523.53,0,Al Día,Al Día / OK,Cliente Corporativo
FAC-2026-10419,Grupo Bimbo,Industrial,01 - Enero,2026-01-26,30,2026-02-25,7719.96,0,Al Día,Al Día / OK,Cliente Corporativo
FAC-2026-10420,Grupo Bimbo,Industrial,01 - Enero,2026-01-06,45,2026-02-20,20211.34,30,1-30 días,Atraso Preventivo,Cliente Corporativo
FAC-2026-10421,Grupo Bimbo,Industrial,01 - Enero,2026-01-18,45,2026-03-04,2172.89,32,31-60 días,Riesgo Moderado,Cliente Corporativo
FAC-2026-10422,Grupo Bimbo,Industrial,01 - Enero,2026-01-12,15,2026-01-27,17688.55,68,61-90 días,Riesgo Alto,Cliente Corporativo
FAC-2026-10423,Grupo Bimbo,Industrial,01 - Enero,2026-01-03,45,2026-02-17,15953.07,96,+90 días (Crítico),En Mora / Crítico,Cliente Corporativo
FAC-2026-10424,Grupo Bimbo,Industrial,01 - Enero,2026-01-07,45,2026-02-21,23423.52,0,Al Día,Al Día / OK,Cliente Corporativo
FAC-2026-10425,Grupo Bimbo,Industrial,01 - Enero,2026-01-08,60,2026-03-09,8664.29,24,1-30 días,Atraso Preventivo,Cliente Corporativo
FAC-2026-10426,Grupo Bimbo,Industrial,01 - Enero,2026-01-27,45,2026-03-13,41736.91,0,Al Día,Al Día / OK,Cliente Corporativo
FAC-2026-10427,Grupo Bimbo,Industrial,01 - Enero,2026-01-04,30,2026-02-03,13001.99,56,31-60 días,Riesgo Moderado,Cliente Corporativo
FAC-2026-10428,Grupo Bimbo,Industrial,01 - Enero,2026-01-31,15,2026-02-15,11592.02,0,Al Día,Al Día / OK,Cliente Corporativo
FAC-2026-10429,Grupo Bimbo,Industrial,01 - Enero,2026-01-18,30,2026-02-17,4328.61,16,1-30 días,Atraso Preventivo,Cliente Corporativo
FAC-2026-10430,Grupo Bimbo,Industrial,01 - Enero,2026-01-13,45,2026-02-27,68233.85,0,Al Día,Al Día / OK,Cliente Corporativo
FAC-2026-10431,Grupo Bimbo,Industrial,01 - Enero,2026-01-04,15,2026-01-19,29265.84,0,Al Día,Al Día / OK,Cliente Corporativo
FAC-2026-10432,Ternium,Industrial,01 - Enero,2026-01-23,60,2026-03-24,12532.72,0,Al Día,Al Día / OK,Cliente Corporativo
FAC-2026-10433,Ternium,Industrial,01 - Enero,2026-01-18,30,2026-02-17,18447.02,22,1-30 días,Atraso Preventivo,Cliente Corporativo
FAC-2026-10434,Ternium,Industrial,01 - Enero,2026-01-05,60,2026-03-06,60390.24,54,31-60 días,Riesgo Moderado,Cliente Corporativo
FAC-2026-10435,Ternium,Industrial,01 - Enero,2026-01-03,60,2026-03-04,9760.42,70,61-90 días,Riesgo Alto,Cliente Corporativo
FAC-2026-10436,Ternium,Industrial,01 - Enero,2026-01-29,15,2026-02-13,1998.11,144,+90 días (Crítico),En Mora / Crítico,Cliente Corporativo
FAC-2026-10437,Ternium,Industrial,01 - Enero,2026-01-07,60,2026-03-08,59494.49,0,Al Día,Al Día / OK,Cliente Corporativo
FAC-2026-10438,Ternium,Industrial,01 - Enero,2026-01-26,15,2026-02-10,8841.87,35,31-60 días,Riesgo Moderado,Cliente Corporativo
FAC-2026-10439,Ternium,Industrial,01 - Enero,2026-01-12,30,2026-02-11,15307.13,114,+90 días (Crítico),En Mora / Crítico,Cliente Corporativo
FAC-2026-10440,Ternium,Industrial,01 - Enero,2026-01-19,60,2026-03-20,24454.59,30,1-30 días,Atraso Preventivo,Cliente Corporativo
FAC-2026-10441,Ternium,Industrial,01 - Enero,2026-01-04,30,2026-02-03,11058.58,8,1-30 días,Atraso Preventivo,Cliente Corporativo
FAC-2026-10442,Ternium,Industrial,01 - Enero,2026-01-10,45,2026-02-24,9209.31,26,1-30 días,Atraso Preventivo,Cliente Corporativo
FAC-2026-10443,Ternium,Industrial,01 - Enero,2026-01-03,15,2026-01-18,33741.79,0,Al Día,Al Día / OK,Cliente Corporativo
FAC-2026-10444,Ternium,Industrial,01 - Enero,2026-01-01,45,2026-02-15,44350.56,8,1-30 días,Atraso Preventivo,Cliente Corporativo
FAC-2026-10445,Arcor,Industrial,01 - Enero,2026-01-23,30,2026-02-22,5839.35,0,Al Día,Al Día / OK,Cliente Corporativo
FAC-2026-10446,Arcor,Industrial,01 - Enero,2026-01-14,30,2026-02-13,10024.54,27,1-30 días,Atraso Preventivo,Cliente Corporativo
FAC-2026-10447,Arcor,Industrial,01 - Enero,2026-01-06,15,2026-01-21,6043.95,39,31-60 días,Riesgo Moderado,Cliente Corporativo
FAC-2026-10448,Arcor,Industrial,01 - Enero,2026-01-28,15,2026-02-12,15879.87,75,61-90 días,Riesgo Alto,Cliente Corporativo
FAC-2026-10449,Arcor,Industrial,01 - Enero,2026-01-07,15,2026-01-22,15881.14,174,+90 días (Crítico),En Mora / Crítico,Cliente Corporativo
FAC-2026-10450,Arcor,Industrial,01 - Enero,2026-01-17,45,2026-03-03,10366.26,0,Al Día,Al Día / OK,Cliente Corporativo
FAC-2026-10451,Arcor,Industrial,01 - Enero,2026-01-03,15,2026-01-18,17179.21,0,Al Día,Al Día / OK,Cliente Corporativo
FAC-2026-10452,Arcor,Industrial,01 - Enero,2026-01-12,60,2026-03-13,6069.61,0,Al Día,Al Día / OK,Cliente Corporativo
FAC-2026-10453,Arcor,Industrial,01 - Enero,2026-01-31,45,2026-03-17,4548.68,52,31-60 días,Riesgo Moderado,Cliente Corporativo
FAC-2026-10454,Arcor,Industrial,01 - Enero,2026-01-10,15,2026-01-25,32977.38,0,Al Día,Al Día / OK,Cliente Corporativo
FAC-2026-10455,Arcor,Industrial,01 - Enero,2026-01-01,15,2026-01-16,18481.78,0,Al Día,Al Día / OK,Cliente Corporativo
FAC-2026-10456,Arcor,Industrial,01 - Enero,2026-01-01,15,2026-01-16,4502.37,0,Al Día,Al Día / OK,Cliente Corporativo
FAC-2026-10457,Arcor,Industrial,01 - Enero,2026-01-25,45,2026-03-11,14925.41,9,1-30 días,Atraso Preventivo,Cliente Corporativo
FAC-2026-10458,Arcor,Industrial,01 - Enero,2026-01-17,15,2026-02-01,17045.96,28,1-30 días,Atraso Preventivo,Cliente Corporativo
FAC-2026-10459,Arcor,Industrial,01 - Enero,2026-01-15,30,2026-02-14,3336.47,0,Al Día,Al Día / OK,Cliente Corporativo
FAC-2026-10460,Arcor,Industrial,01 - Enero,2026-01-18,30,2026-02-17,14835.25,0,Al Día,Al Día / OK,Cliente Corporativo
FAC-2026-10461,Arcor,Industrial,01 - Enero,2026-01-20,30,2026-02-19,3544.21,0,Al Día,Al Día / OK,Cliente Corporativo
FAC-2026-10462,Arcor,Industrial,01 - Enero,2026-01-06,15,2026-01-21,3162.79,65,61-90 días,Riesgo Alto,Cliente Corporativo
FAC-2026-10463,Alpek,Industrial,01 - Enero,2026-01-19,30,2026-02-18,20146.7,0,Al Día,Al Día / OK,Cliente Corporativo
FAC-2026-10464,Alpek,Industrial,01 - Enero,2026-01-20,15,2026-02-04,55192.87,22,1-30 días,Atraso Preventivo,Cliente Corporativo
FAC-2026-10465,Alpek,Industrial,01 - Enero,2026-01-11,30,2026-02-10,7744.43,32,31-60 días,Riesgo Moderado,Cliente Corporativo
FAC-2026-10466,Alpek,Industrial,01 - Enero,2026-01-29,15,2026-02-13,11203.88,67,61-90 días,Riesgo Alto,Cliente Corporativo
FAC-2026-10467,Alpek,Industrial,01 - Enero,2026-01-15,45,2026-03-01,8212.7,140,+90 días (Crítico),En Mora / Crítico,Cliente Corporativo
FAC-2026-10468,Alpek,Industrial,01 - Enero,2026-01-20,45,2026-03-06,7825.23,0,Al Día,Al Día / OK,Cliente Corporativo
FAC-2026-10469,Alpek,Industrial,01 - Enero,2026-01-16,30,2026-02-15,21344.13,0,Al Día,Al Día / OK,Cliente Corporativo
FAC-2026-10470,Alpek,Industrial,01 - Enero,2026-01-18,15,2026-02-02,21298.42,0,Al Día,Al Día / OK,Cliente Corporativo
FAC-2026-10471,Alpek,Industrial,01 - Enero,2026-01-06,15,2026-01-21,22434.42,137,+90 días (Crítico),En Mora / Crítico,Cliente Corporativo
FAC-2026-10472,Alpek,Industrial,01 - Enero,2026-01-23,45,2026-03-09,1518.08,70,61-90 días,Riesgo Alto,Cliente Corporativo
FAC-2026-10473,Alpek,Industrial,01 - Enero,2026-01-18,15,2026-02-02,16417.0,45,31-60 días,Riesgo Moderado,Cliente Corporativo
FAC-2026-10474,Alpek,Industrial,01 - Enero,2026-01-12,45,2026-02-26,46368.05,74,61-90 días,Riesgo Alto,Cliente Corporativo
FAC-2026-10475,Alpek,Industrial,01 - Enero,2026-01-01,45,2026-02-15,10211.73,74,61-90 días,Riesgo Alto,Cliente Corporativo
FAC-2026-10476,Alpek,Industrial,01 - Enero,2026-01-05,15,2026-01-20,20504.86,0,Al Día,Al Día / OK,Cliente Corporativo
FAC-2026-10477,Alpek,Industrial,01 - Enero,2026-01-18,60,2026-03-19,69237.54,0,Al Día,Al Día / OK,Cliente Corporativo
FAC-2026-10478,Alpek,Industrial,01 - Enero,2026-01-09,15,2026-01-24,2907.12,39,31-60 días,Riesgo Moderado,Cliente Corporativo
FAC-2026-10479,Alpek,Industrial,01 - Enero,2026-01-31,15,2026-02-15,20123.13,0,Al Día,Al Día / OK,Cliente Corporativo
FAC-2026-10480,Alpek,Industrial,01 - Enero,2026-01-06,30,2026-02-05,30890.24,79,61-90 días,Riesgo Alto,Cliente Corporativo
FAC-2026-10481,Grupo México,Industrial,01 - Enero,2026-01-18,15,2026-02-02,27077.05,0,Al Día,Al Día / OK,Cliente Corporativo
FAC-2026-10482,Grupo México,Industrial,01 - Enero,2026-01-19,15,2026-02-03,9037.28,15,1-30 días,Atraso Preventivo,Cliente Corporativo
FAC-2026-10483,Grupo México,Industrial,01 - Enero,2026-01-30,30,2026-03-01,1592.4,37,31-60 días,Riesgo Moderado,Cliente Corporativo
FAC-2026-10484,Grupo México,Industrial,01 - Enero,2026-01-15,15,2026-01-30,16558.84,72,61-90 días,Riesgo Alto,Cliente Corporativo
FAC-2026-10485,Grupo México,Industrial,01 - Enero,2026-01-15,15,2026-01-30,9370.97,109,+90 días (Crítico),En Mora / Crítico,Cliente Corporativo
FAC-2026-10486,Grupo México,Industrial,01 - Enero,2026-01-01,15,2026-01-16,11779.35,0,Al Día,Al Día / OK,Cliente Corporativo
FAC-2026-10487,Grupo México,Industrial,01 - Enero,2026-01-06,30,2026-02-05,21058.71,12,1-30 días,Atraso Preventivo,Cliente Corporativo
FAC-2026-10488,Grupo México,Industrial,01 - Enero,2026-01-10,30,2026-02-09,9798.43,0,Al Día,Al Día / OK,Cliente Corporativo
FAC-2026-10489,Grupo México,Industrial,01 - Enero,2026-01-26,60,2026-03-27,12942.38,0,Al Día,Al Día / OK,Cliente Corporativo
FAC-2026-10490,Grupo México,Industrial,01 - Enero,2026-01-21,15,2026-02-05,9810.32,0,Al Día,Al Día / OK,Cliente Corporativo
FAC-2026-10491,Grupo México,Industrial,01 - Enero,2026-01-02,60,2026-03-03,12856.65,16,1-30 días,Atraso Preventivo,Cliente Corporativo
FAC-2026-10492,Grupo México,Industrial,01 - Enero,2026-01-11,60,2026-03-12,25929.74,0,Al Día,Al Día / OK,Cliente Corporativo
FAC-2026-10493,Grupo México,Industrial,01 - Enero,2026-01-12,45,2026-02-26,32307.32,0,Al Día,Al Día / OK,Cliente Corporativo
FAC-2026-10494,Gerdau,Industrial,01 - Enero,2026-01-11,45,2026-02-25,37824.1,0,Al Día,Al Día / OK,Cliente Corporativo
FAC-2026-10495,Gerdau,Industrial,01 - Enero,2026-01-21,60,2026-03-22,5964.47,19,1-30 días,Atraso Preventivo,Cliente Corporativo
FAC-2026-10496,Gerdau,Industrial,01 - Enero,2026-01-11,45,2026-02-25,5013.48,45,31-60 días,Riesgo Moderado,Cliente Corporativo
FAC-2026-10497,Gerdau,Industrial,01 - Enero,2026-01-13,30,2026-02-12,3211.05,79,61-90 días,Riesgo Alto,Cliente Corporativo
FAC-2026-10498,Gerdau,Industrial,01 - Enero,2026-01-29,60,2026-03-30,19243.26,142,+90 días (Crítico),En Mora / Crítico,Cliente Corporativo
FAC-2026-10499,Gerdau,Industrial,01 - Enero,2026-01-15,60,2026-03-16,7913.29,0,Al Día,Al Día / OK,Cliente Corporativo
FAC-2026-10500,Gerdau,Industrial,01 - Enero,2026-01-04,30,2026-02-03,68886.94,21,1-30 días,Atraso Preventivo,Cliente Corporativo
FAC-2026-10501,Gerdau,Industrial,01 - Enero,2026-01-26,15,2026-02-10,3567.04,0,Al Día,Al Día / OK,Cliente Corporativo
FAC-2026-10502,Gerdau,Industrial,01 - Enero,2026-01-12,30,2026-02-11,7499.14,11,1-30 días,Atraso Preventivo,Cliente Corporativo
FAC-2026-10503,Gerdau,Industrial,01 - Enero,2026-01-17,30,2026-02-16,46164.4,0,Al Día,Al Día / OK,Cliente Corporativo
FAC-2026-10504,Gerdau,Industrial,01 - Enero,2026-01-20,60,2026-03-21,31646.18,0,Al Día,Al Día / OK,Cliente Corporativo
FAC-2026-10505,Gerdau,Industrial,01 - Enero,2026-01-12,60,2026-03-13,3344.27,0,Al Día,Al Día / OK,Cliente Corporativo
FAC-2026-10506,Gerdau,Industrial,01 - Enero,2026-01-13,45,2026-02-27,40007.04,25,1-30 días,Atraso Preventivo,Cliente Corporativo
FAC-2026-10507,Gerdau,Industrial,01 - Enero,2026-01-09,30,2026-02-08,18194.29,0,Al Día,Al Día / OK,Cliente Corporativo
FAC-2026-10508,Gerdau,Industrial,01 - Enero,2026-01-26,15,2026-02-10,27649.84,38,31-60 días,Riesgo Moderado,Cliente Corporativo
FAC-2026-10509,Gerdau,Industrial,01 - Enero,2026-01-17,30,2026-02-16,7673.21,0,Al Día,Al Día / OK,Cliente Corporativo
FAC-2026-10510,Gerdau,Industrial,01 - Enero,2026-01-24,45,2026-03-10,21022.78,37,31-60 días,Riesgo Moderado,Cliente Corporativo
FAC-2026-10511,Arca Continental,Industrial,01 - Enero,2026-01-18,45,2026-03-04,17144.67,0,Al Día,Al Día / OK,Cliente Corporativo
FAC-2026-10512,Arca Continental,Industrial,01 - Enero,2026-01-01,45,2026-02-15,4156.57,22,1-30 días,Atraso Preventivo,Cliente Corporativo
FAC-2026-10513,Arca Continental,Industrial,01 - Enero,2026-01-17,45,2026-03-03,33280.71,42,31-60 días,Riesgo Moderado,Cliente Corporativo
FAC-2026-10514,Arca Continental,Industrial,01 - Enero,2026-01-23,15,2026-02-07,4644.92,77,61-90 días,Riesgo Alto,Cliente Corporativo
FAC-2026-10515,Arca Continental,Industrial,01 - Enero,2026-01-05,45,2026-02-19,16446.96,125,+90 días (Crítico),En Mora / Crítico,Cliente Corporativo
FAC-2026-10516,Arca Continental,Industrial,01 - Enero,2026-01-11,30,2026-02-10,19194.86,0,Al Día,Al Día / OK,Cliente Corporativo
FAC-2026-10517,Arca Continental,Industrial,01 - Enero,2026-01-25,30,2026-02-24,6977.09,0,Al Día,Al Día / OK,Cliente Corporativo
FAC-2026-10518,Arca Continental,Industrial,01 - Enero,2026-01-07,15,2026-01-22,11261.38,14,1-30 días,Atraso Preventivo,Cliente Corporativo
FAC-2026-10519,Arca Continental,Industrial,01 - Enero,2026-01-07,15,2026-01-22,8709.03,11,1-30 días,Atraso Preventivo,Cliente Corporativo
FAC-2026-10520,Arca Continental,Industrial,01 - Enero,2026-01-14,45,2026-02-28,16746.01,10,1-30 días,Atraso Preventivo,Cliente Corporativo
FAC-2026-10521,Arca Continental,Industrial,01 - Enero,2026-01-07,15,2026-01-22,2811.92,0,Al Día,Al Día / OK,Cliente Corporativo
FAC-2026-10522,Arca Continental,Industrial,01 - Enero,2026-01-01,60,2026-03-02,8231.39,0,Al Día,Al Día / OK,Cliente Corporativo
FAC-2026-10523,Arca Continental,Industrial,01 - Enero,2026-01-27,30,2026-02-26,2495.12,0,Al Día,Al Día / OK,Cliente Corporativo
FAC-2026-10524,Arca Continental,Industrial,01 - Enero,2026-01-17,60,2026-03-18,30202.0,0,Al Día,Al Día / OK,Cliente Corporativo
FAC-2026-10525,Arca Continental,Industrial,01 - Enero,2026-01-27,60,2026-03-28,39376.61,0,Al Día,Al Día / OK,Cliente Corporativo
FAC-2026-10526,Arca Continental,Industrial,01 - Enero,2026-01-18,45,2026-03-04,8257.01,0,Al Día,Al Día / OK,Cliente Corporativo
FAC-2026-10527,Arca Continental,Industrial,01 - Enero,2026-01-03,30,2026-02-02,9760.47,27,1-30 días,Atraso Preventivo,Cliente Corporativo
FAC-2026-10528,Arca Continental,Industrial,01 - Enero,2026-01-06,15,2026-01-21,8504.75,120,+90 días (Crítico),En Mora / Crítico,Cliente Corporativo
FAC-2026-10529,Arca Continental,Industrial,01 - Enero,2026-01-22,60,2026-03-23,59905.4,0,Al Día,Al Día / OK,Cliente Corporativo
FAC-2026-10530,Arca Continental,Industrial,01 - Enero,2026-01-29,45,2026-03-15,15014.99,27,1-30 días,Atraso Preventivo,Cliente Corporativo
FAC-2026-10531,Mapfre,Seguros,01 - Enero,2026-01-30,30,2026-03-01,11076.19,0,Al Día,Al Día / OK,Cliente Corporativo
FAC-2026-10532,Mapfre,Seguros,01 - Enero,2026-01-16,60,2026-03-17,7226.31,21,1-30 días,Atraso Preventivo,Cliente Corporativo
FAC-2026-10533,Mapfre,Seguros,01 - Enero,2026-01-08,60,2026-03-09,43415.76,33,31-60 días,Riesgo Moderado,Cliente Corporativo
FAC-2026-10534,Mapfre,Seguros,01 - Enero,2026-01-13,45,2026-02-27,59996.17,88,61-90 días,Riesgo Alto,Cliente Corporativo
FAC-2026-10535,Mapfre,Seguros,01 - Enero,2026-01-22,15,2026-02-06,43376.95,174,+90 días (Crítico),En Mora / Crítico,Cliente Corporativo
FAC-2026-10536,Mapfre,Seguros,01 - Enero,2026-01-01,15,2026-01-16,18787.17,24,1-30 días,Atraso Preventivo,Cliente Corporativo
FAC-2026-10537,Mapfre,Seguros,01 - Enero,2026-01-18,60,2026-03-19,18079.23,5,1-30 días,Atraso Preventivo,Cliente Corporativo
FAC-2026-10538,Mapfre,Seguros,01 - Enero,2026-01-12,30,2026-02-11,2373.39,0,Al Día,Al Día / OK,Cliente Corporativo
FAC-2026-10539,Mapfre,Seguros,01 - Enero,2026-01-04,15,2026-01-19,8725.0,0,Al Día,Al Día / OK,Cliente Corporativo
FAC-2026-10540,Mapfre,Seguros,01 - Enero,2026-01-09,15,2026-01-24,6117.5,0,Al Día,Al Día / OK,Cliente Corporativo
FAC-2026-10541,Mapfre,Seguros,01 - Enero,2026-01-01,45,2026-02-15,11869.74,60,31-60 días,Riesgo Moderado,Cliente Corporativo
FAC-2026-10542,Mapfre,Seguros,01 - Enero,2026-01-04,30,2026-02-03,46526.83,0,Al Día,Al Día / OK,Cliente Corporativo
FAC-2026-10543,Mapfre,Seguros,01 - Enero,2026-01-11,45,2026-02-25,49220.39,102,+90 días (Crítico),En Mora / Crítico,Cliente Corporativo
FAC-2026-10544,Mapfre,Seguros,01 - Enero,2026-01-10,30,2026-02-09,21392.22,33,31-60 días,Riesgo Moderado,Cliente Corporativo
FAC-2026-10545,Mapfre,Seguros,01 - Enero,2026-01-10,30,2026-02-09,29294.27,7,1-30 días,Atraso Preventivo,Cliente Corporativo
FAC-2026-10546,Mapfre,Seguros,01 - Enero,2026-01-20,30,2026-02-19,10484.49,0,Al Día,Al Día / OK,Cliente Corporativo
FAC-2026-10547,Seguros SURA,Seguros,01 - Enero,2026-01-02,45,2026-02-16,20496.53,0,Al Día,Al Día / OK,Cliente Corporativo
FAC-2026-10548,Seguros SURA,Seguros,01 - Enero,2026-01-18,30,2026-02-17,15117.09,24,1-30 días,Atraso Preventivo,Cliente Corporativo
FAC-2026-10549,Seguros SURA,Seguros,01 - Enero,2026-01-10,15,2026-01-25,3774.69,32,31-60 días,Riesgo Moderado,Cliente Corporativo
FAC-2026-10550,Seguros SURA,Seguros,01 - Enero,2026-01-22,15,2026-02-06,16417.54,64,61-90 días,Riesgo Alto,Cliente Corporativo
FAC-2026-10551,Seguros SURA,Seguros,01 - Enero,2026-01-01,30,2026-01-31,24657.77,170,+90 días (Crítico),En Mora / Crítico,Cliente Corporativo
FAC-2026-10552,Seguros SURA,Seguros,01 - Enero,2026-01-20,45,2026-03-06,4048.72,66,61-90 días,Riesgo Alto,Cliente Corporativo
FAC-2026-10553,Seguros SURA,Seguros,01 - Enero,2026-01-21,30,2026-02-20,1670.72,0,Al Día,Al Día / OK,Cliente Corporativo
FAC-2026-10554,Seguros SURA,Seguros,01 - Enero,2026-01-25,45,2026-03-11,28188.21,150,+90 días (Crítico),En Mora / Crítico,Cliente Corporativo
FAC-2026-10555,Seguros SURA,Seguros,01 - Enero,2026-01-28,15,2026-02-12,11621.04,80,61-90 días,Riesgo Alto,Cliente Corporativo
FAC-2026-10556,Seguros SURA,Seguros,01 - Enero,2026-01-28,45,2026-03-14,18597.01,15,1-30 días,Atraso Preventivo,Cliente Corporativo
FAC-2026-10557,Seguros SURA,Seguros,01 - Enero,2026-01-28,45,2026-03-14,2339.62,0,Al Día,Al Día / OK,Cliente Corporativo
FAC-2026-10558,Seguros SURA,Seguros,01 - Enero,2026-01-19,30,2026-02-18,2278.63,0,Al Día,Al Día / OK,Cliente Corporativo
FAC-2026-10559,Seguros SURA,Seguros,01 - Enero,2026-01-11,30,2026-02-10,22576.06,0,Al Día,Al Día / OK,Cliente Corporativo
FAC-2026-10560,Seguros SURA,Seguros,01 - Enero,2026-01-09,45,2026-02-23,3961.95,0,Al Día,Al Día / OK,Cliente Corporativo
FAC-2026-10561,Seguros SURA,Seguros,01 - Enero,2026-01-09,60,2026-03-10,3117.42,0,Al Día,Al Día / OK,Cliente Corporativo
FAC-2026-10562,Seguros SURA,Seguros,01 - Enero,2026-01-16,60,2026-03-17,14019.08,0,Al Día,Al Día / OK,Cliente Corporativo
FAC-2026-10563,Seguros SURA,Seguros,01 - Enero,2026-01-07,60,2026-03-08,5690.84,37,31-60 días,Riesgo Moderado,Cliente Corporativo
FAC-2026-10564,GNP Seguros,Seguros,01 - Enero,2026-01-29,60,2026-03-30,18560.97,0,Al Día,Al Día / OK,Cliente Corporativo
FAC-2026-10565,GNP Seguros,Seguros,01 - Enero,2026-01-06,45,2026-02-20,3741.26,22,1-30 días,Atraso Preventivo,Cliente Corporativo
FAC-2026-10566,GNP Seguros,Seguros,01 - Enero,2026-01-20,45,2026-03-06,18484.57,60,31-60 días,Riesgo Moderado,Cliente Corporativo
FAC-2026-10567,GNP Seguros,Seguros,01 - Enero,2026-01-03,45,2026-02-17,10054.51,87,61-90 días,Riesgo Alto,Cliente Corporativo
FAC-2026-10568,GNP Seguros,Seguros,01 - Enero,2026-01-14,45,2026-02-28,1677.48,95,+90 días (Crítico),En Mora / Crítico,Cliente Corporativo
FAC-2026-10569,GNP Seguros,Seguros,01 - Enero,2026-01-30,45,2026-03-16,29320.63,0,Al Día,Al Día / OK,Cliente Corporativo
FAC-2026-10570,GNP Seguros,Seguros,01 - Enero,2026-01-21,30,2026-02-20,14994.93,28,1-30 días,Atraso Preventivo,Cliente Corporativo
FAC-2026-10571,GNP Seguros,Seguros,01 - Enero,2026-01-01,15,2026-01-16,6168.34,0,Al Día,Al Día / OK,Cliente Corporativo
FAC-2026-10572,GNP Seguros,Seguros,01 - Enero,2026-01-21,15,2026-02-05,1984.24,43,31-60 días,Riesgo Moderado,Cliente Corporativo
FAC-2026-10573,GNP Seguros,Seguros,01 - Enero,2026-01-17,45,2026-03-03,19896.83,0,Al Día,Al Día / OK,Cliente Corporativo
FAC-2026-10574,GNP Seguros,Seguros,01 - Enero,2026-01-21,60,2026-03-22,4109.21,0,Al Día,Al Día / OK,Cliente Corporativo
FAC-2026-10575,GNP Seguros,Seguros,01 - Enero,2026-01-30,60,2026-03-31,25265.28,46,31-60 días,Riesgo Moderado,Cliente Corporativo
FAC-2026-10576,GNP Seguros,Seguros,01 - Enero,2026-01-08,45,2026-02-22,10229.91,0,Al Día,Al Día / OK,Cliente Corporativo
FAC-2026-10577,GNP Seguros,Seguros,01 - Enero,2026-01-06,30,2026-02-05,3771.9,17,1-30 días,Atraso Preventivo,Cliente Corporativo
FAC-2026-10578,MetLife,Seguros,01 - Enero,2026-01-17,60,2026-03-18,7562.89,0,Al Día,Al Día / OK,Cliente Corporativo
FAC-2026-10579,MetLife,Seguros,01 - Enero,2026-01-01,30,2026-01-31,6202.86,20,1-30 días,Atraso Preventivo,Cliente Corporativo
FAC-2026-10580,MetLife,Seguros,01 - Enero,2026-01-10,30,2026-02-09,6168.29,56,31-60 días,Riesgo Moderado,Cliente Corporativo
FAC-2026-10581,MetLife,Seguros,01 - Enero,2026-01-08,15,2026-01-23,17722.52,88,61-90 días,Riesgo Alto,Cliente Corporativo
FAC-2026-10582,MetLife,Seguros,01 - Enero,2026-01-02,60,2026-03-03,11069.01,149,+90 días (Crítico),En Mora / Crítico,Cliente Corporativo
FAC-2026-10583,MetLife,Seguros,01 - Enero,2026-01-15,15,2026-01-30,14351.84,0,Al Día,Al Día / OK,Cliente Corporativo
FAC-2026-10584,MetLife,Seguros,01 - Enero,2026-01-19,15,2026-02-03,11742.25,5,1-30 días,Atraso Preventivo,Cliente Corporativo
FAC-2026-10585,MetLife,Seguros,01 - Enero,2026-01-08,15,2026-01-23,25882.27,0,Al Día,Al Día / OK,Cliente Corporativo
FAC-2026-10586,MetLife,Seguros,01 - Enero,2026-01-01,15,2026-01-16,1419.28,33,31-60 días,Riesgo Moderado,Cliente Corporativo
FAC-2026-10587,MetLife,Seguros,01 - Enero,2026-01-05,60,2026-03-06,12356.37,30,1-30 días,Atraso Preventivo,Cliente Corporativo
FAC-2026-10588,MetLife,Seguros,01 - Enero,2026-01-04,45,2026-02-18,20691.28,173,+90 días (Crítico),En Mora / Crítico,Cliente Corporativo
FAC-2026-10589,MetLife,Seguros,01 - Enero,2026-01-28,45,2026-03-14,3064.43,0,Al Día,Al Día / OK,Cliente Corporativo
FAC-2026-10590,MetLife,Seguros,01 - Enero,2026-01-30,30,2026-03-01,1581.01,14,1-30 días,Atraso Preventivo,Cliente Corporativo
FAC-2026-10591,Chubb Seguros,Seguros,01 - Enero,2026-01-16,60,2026-03-17,38166.45,0,Al Día,Al Día / OK,Cliente Corporativo
FAC-2026-10592,Chubb Seguros,Seguros,01 - Enero,2026-01-08,60,2026-03-09,17178.92,12,1-30 días,Atraso Preventivo,Cliente Corporativo
FAC-2026-10593,Chubb Seguros,Seguros,01 - Enero,2026-01-02,45,2026-02-16,1667.72,48,31-60 días,Riesgo Moderado,Cliente Corporativo
FAC-2026-10594,Chubb Seguros,Seguros,01 - Enero,2026-01-04,30,2026-02-03,25340.46,64,61-90 días,Riesgo Alto,Cliente Corporativo
FAC-2026-10595,Chubb Seguros,Seguros,01 - Enero,2026-01-09,15,2026-01-24,37685.33,152,+90 días (Crítico),En Mora / Crítico,Cliente Corporativo
FAC-2026-10596,Chubb Seguros,Seguros,01 - Enero,2026-01-21,60,2026-03-22,71589.73,0,Al Día,Al Día / OK,Cliente Corporativo
FAC-2026-10597,Chubb Seguros,Seguros,01 - Enero,2026-01-22,15,2026-02-06,31261.61,20,1-30 días,Atraso Preventivo,Cliente Corporativo
FAC-2026-10598,Chubb Seguros,Seguros,01 - Enero,2026-01-28,30,2026-02-27,8632.09,0,Al Día,Al Día / OK,Cliente Corporativo
FAC-2026-10599,Chubb Seguros,Seguros,01 - Enero,2026-01-08,30,2026-02-07,9578.66,0,Al Día,Al Día / OK,Cliente Corporativo
FAC-2026-10600,Chubb Seguros,Seguros,01 - Enero,2026-01-27,30,2026-02-26,18285.14,0,Al Día,Al Día / OK,Cliente Corporativo
FAC-2026-10601,Chubb Seguros,Seguros,01 - Enero,2026-01-22,60,2026-03-23,3531.74,0,Al Día,Al Día / OK,Cliente Corporativo
FAC-2026-10602,Chubb Seguros,Seguros,01 - Enero,2026-01-19,30,2026-02-18,89069.44,0,Al Día,Al Día / OK,Cliente Corporativo
FAC-2026-10603,Chubb Seguros,Seguros,01 - Enero,2026-01-26,60,2026-03-27,39255.38,0,Al Día,Al Día / OK,Cliente Corporativo
FAC-2026-10604,Chubb Seguros,Seguros,01 - Enero,2026-01-12,15,2026-01-27,19394.33,0,Al Día,Al Día / OK,Cliente Corporativo
FAC-2026-10605,AXA,Seguros,01 - Enero,2026-01-30,15,2026-02-14,62858.98,0,Al Día,Al Día / OK,Cliente Corporativo
FAC-2026-10606,AXA,Seguros,01 - Enero,2026-01-14,60,2026-03-15,25469.74,18,1-30 días,Atraso Preventivo,Cliente Corporativo
FAC-2026-10607,AXA,Seguros,01 - Enero,2026-01-12,60,2026-03-13,7672.01,41,31-60 días,Riesgo Moderado,Cliente Corporativo
FAC-2026-10608,AXA,Seguros,01 - Enero,2026-01-22,45,2026-03-08,45832.79,85,61-90 días,Riesgo Alto,Cliente Corporativo
FAC-2026-10609,AXA,Seguros,01 - Enero,2026-01-29,15,2026-02-13,3327.62,172,+90 días (Crítico),En Mora / Crítico,Cliente Corporativo
FAC-2026-10610,AXA,Seguros,01 - Enero,2026-01-15,60,2026-03-16,13888.59,45,31-60 días,Riesgo Moderado,Cliente Corporativo
FAC-2026-10611,AXA,Seguros,01 - Enero,2026-01-24,60,2026-03-25,26752.48,15,1-30 días,Atraso Preventivo,Cliente Corporativo
FAC-2026-10612,AXA,Seguros,01 - Enero,2026-01-01,60,2026-03-02,16184.28,26,1-30 días,Atraso Preventivo,Cliente Corporativo
FAC-2026-10613,AXA,Seguros,01 - Enero,2026-01-29,30,2026-02-28,38940.55,45,31-60 días,Riesgo Moderado,Cliente Corporativo
FAC-2026-10614,AXA,Seguros,01 - Enero,2026-01-05,45,2026-02-19,15897.74,0,Al Día,Al Día / OK,Cliente Corporativo
FAC-2026-10615,AXA,Seguros,01 - Enero,2026-01-08,15,2026-01-23,87687.04,7,1-30 días,Atraso Preventivo,Cliente Corporativo
FAC-2026-10616,AXA,Seguros,01 - Enero,2026-01-08,45,2026-02-22,30176.27,0,Al Día,Al Día / OK,Cliente Corporativo
FAC-2026-10617,AXA,Seguros,01 - Enero,2026-01-11,15,2026-01-26,18427.35,18,1-30 días,Atraso Preventivo,Cliente Corporativo
FAC-2026-10618,AXA,Seguros,01 - Enero,2026-01-27,30,2026-02-26,28767.24,0,Al Día,Al Día / OK,Cliente Corporativo
FAC-2026-10619,AXA,Seguros,01 - Enero,2026-01-20,60,2026-03-21,26962.56,0,Al Día,Al Día / OK,Cliente Corporativo
FAC-2026-10620,AXA,Seguros,01 - Enero,2026-01-22,60,2026-03-23,26120.6,18,1-30 días,Atraso Preventivo,Cliente Corporativo
FAC-2026-10621,AXA,Seguros,01 - Enero,2026-01-21,15,2026-02-05,4101.81,20,1-30 días,Atraso Preventivo,Cliente Corporativo
FAC-2026-10622,Seguros Bolívar,Seguros,01 - Enero,2026-01-23,30,2026-02-22,34983.77,0,Al Día,Al Día / OK,Cliente Corporativo
FAC-2026-10623,Seguros Bolívar,Seguros,01 - Enero,2026-01-05,30,2026-02-04,9287.91,8,1-30 días,Atraso Preventivo,Cliente Corporativo
FAC-2026-10624,Seguros Bolívar,Seguros,01 - Enero,2026-01-04,60,2026-03-05,36272.41,40,31-60 días,Riesgo Moderado,Cliente Corporativo
FAC-2026-10625,Seguros Bolívar,Seguros,01 - Enero,2026-01-03,30,2026-02-02,18904.75,65,61-90 días,Riesgo Alto,Cliente Corporativo
FAC-2026-10626,Seguros Bolívar,Seguros,01 - Enero,2026-01-22,60,2026-03-23,1972.04,111,+90 días (Crítico),En Mora / Crítico,Cliente Corporativo
FAC-2026-10627,Seguros Bolívar,Seguros,01 - Enero,2026-01-04,60,2026-03-05,10464.81,24,1-30 días,Atraso Preventivo,Cliente Corporativo
FAC-2026-10628,Seguros Bolívar,Seguros,01 - Enero,2026-01-07,60,2026-03-08,24333.6,0,Al Día,Al Día / OK,Cliente Corporativo
FAC-2026-10629,Seguros Bolívar,Seguros,01 - Enero,2026-01-05,60,2026-03-06,23048.99,0,Al Día,Al Día / OK,Cliente Corporativo
FAC-2026-10630,Seguros Bolívar,Seguros,01 - Enero,2026-01-24,30,2026-02-23,17664.86,0,Al Día,Al Día / OK,Cliente Corporativo
FAC-2026-10631,Seguros Bolívar,Seguros,01 - Enero,2026-01-19,45,2026-03-05,8197.81,0,Al Día,Al Día / OK,Cliente Corporativo
FAC-2026-10632,Seguros Bolívar,Seguros,01 - Enero,2026-01-31,30,2026-03-02,22598.53,0,Al Día,Al Día / OK,Cliente Corporativo
FAC-2026-10633,Seguros Bolívar,Seguros,01 - Enero,2026-01-12,30,2026-02-11,32586.89,121,+90 días (Crítico),En Mora / Crítico,Cliente Corporativo
FAC-2026-10634,Seguros Bolívar,Seguros,01 - Enero,2026-01-19,60,2026-03-20,3549.68,0,Al Día,Al Día / OK,Cliente Corporativo
FAC-2026-10635,Seguros Bolívar,Seguros,01 - Enero,2026-01-17,45,2026-03-03,9557.31,0,Al Día,Al Día / OK,Cliente Corporativo
FAC-2026-10636,Seguros Bolívar,Seguros,01 - Enero,2026-01-17,45,2026-03-03,116498.51,45,31-60 días,Riesgo Moderado,Cliente Corporativo
FAC-2026-10637,Seguros Bolívar,Seguros,01 - Enero,2026-01-28,30,2026-02-27,19467.8,21,1-30 días,Atraso Preventivo,Cliente Corporativo
FAC-2026-10638,Seguros Bolívar,Seguros,01 - Enero,2026-01-20,60,2026-03-21,22045.44,0,Al Día,Al Día / OK,Cliente Corporativo
FAC-2026-10639,Seguros Bolívar,Seguros,01 - Enero,2026-01-15,30,2026-02-14,16470.01,11,1-30 días,Atraso Preventivo,Cliente Corporativo
FAC-2026-10640,DHL Supply Chain,Logística,01 - Enero,2026-01-16,15,2026-01-31,4762.8,0,Al Día,Al Día / OK,Cliente Corporativo
FAC-2026-10641,DHL Supply Chain,Logística,01 - Enero,2026-01-29,30,2026-02-28,4390.81,22,1-30 días,Atraso Preventivo,Cliente Corporativo
FAC-2026-10642,DHL Supply Chain,Logística,01 - Enero,2026-01-11,15,2026-01-26,30011.83,60,31-60 días,Riesgo Moderado,Cliente Corporativo
FAC-2026-10643,DHL Supply Chain,Logística,01 - Enero,2026-01-13,30,2026-02-12,43960.84,77,61-90 días,Riesgo Alto,Cliente Corporativo
FAC-2026-10644,DHL Supply Chain,Logística,01 - Enero,2026-01-19,15,2026-02-03,6302.48,109,+90 días (Crítico),En Mora / Crítico,Cliente Corporativo
FAC-2026-10645,DHL Supply Chain,Logística,01 - Enero,2026-01-26,45,2026-03-12,12349.2,0,Al Día,Al Día / OK,Cliente Corporativo
FAC-2026-10646,DHL Supply Chain,Logística,01 - Enero,2026-01-20,15,2026-02-04,51064.4,0,Al Día,Al Día / OK,Cliente Corporativo
FAC-2026-10647,DHL Supply Chain,Logística,01 - Enero,2026-01-04,30,2026-02-03,43365.08,11,1-30 días,Atraso Preventivo,Cliente Corporativo
FAC-2026-10648,DHL Supply Chain,Logística,01 - Enero,2026-01-03,15,2026-01-18,27306.38,8,1-30 días,Atraso Preventivo,Cliente Corporativo
FAC-2026-10649,DHL Supply Chain,Logística,01 - Enero,2026-01-22,30,2026-02-21,26252.58,29,1-30 días,Atraso Preventivo,Cliente Corporativo
FAC-2026-10650,DHL Supply Chain,Logística,01 - Enero,2026-01-24,15,2026-02-08,7181.85,90,61-90 días,Riesgo Alto,Cliente Corporativo
FAC-2026-10651,DHL Supply Chain,Logística,01 - Enero,2026-01-10,30,2026-02-09,7006.39,0,Al Día,Al Día / OK,Cliente Corporativo
FAC-2026-10652,DHL Supply Chain,Logística,01 - Enero,2026-01-23,60,2026-03-24,6912.93,14,1-30 días,Atraso Preventivo,Cliente Corporativo
FAC-2026-10653,DHL Supply Chain,Logística,01 - Enero,2026-01-22,45,2026-03-08,28187.16,0,Al Día,Al Día / OK,Cliente Corporativo
FAC-2026-10654,DHL Supply Chain,Logística,01 - Enero,2026-01-12,15,2026-01-27,1815.45,0,Al Día,Al Día / OK,Cliente Corporativo
FAC-2026-10655,DHL Supply Chain,Logística,01 - Enero,2026-01-20,30,2026-02-19,8841.47,55,31-60 días,Riesgo Moderado,Cliente Corporativo
FAC-2026-10656,DHL Supply Chain,Logística,01 - Enero,2026-01-18,15,2026-02-02,42616.56,10,1-30 días,Atraso Preventivo,Cliente Corporativo
FAC-2026-10657,DHL Supply Chain,Logística,01 - Enero,2026-01-18,60,2026-03-19,3665.14,24,1-30 días,Atraso Preventivo,Cliente Corporativo
FAC-2026-10658,FedEx Express,Logística,01 - Enero,2026-01-16,45,2026-03-02,9499.43,0,Al Día,Al Día / OK,Cliente Corporativo
FAC-2026-10659,FedEx Express,Logística,01 - Enero,2026-01-26,60,2026-03-27,6321.09,28,1-30 días,Atraso Preventivo,Cliente Corporativo
FAC-2026-10660,FedEx Express,Logística,01 - Enero,2026-01-25,15,2026-02-09,63737.02,56,31-60 días,Riesgo Moderado,Cliente Corporativo
FAC-2026-10661,FedEx Express,Logística,01 - Enero,2026-01-05,45,2026-02-19,5032.29,83,61-90 días,Riesgo Alto,Cliente Corporativo
FAC-2026-10662,FedEx Express,Logística,01 - Enero,2026-01-24,15,2026-02-08,7406.87,109,+90 días (Crítico),En Mora / Crítico,Cliente Corporativo
FAC-2026-10663,FedEx Express,Logística,01 - Enero,2026-01-12,15,2026-01-27,1601.07,0,Al Día,Al Día / OK,Cliente Corporativo
FAC-2026-10664,FedEx Express,Logística,01 - Enero,2026-01-21,60,2026-03-22,2874.67,0,Al Día,Al Día / OK,Cliente Corporativo
FAC-2026-10665,FedEx Express,Logística,01 - Enero,2026-01-22,45,2026-03-08,72087.67,0,Al Día,Al Día / OK,Cliente Corporativo
FAC-2026-10666,FedEx Express,Logística,01 - Enero,2026-01-29,30,2026-02-28,15277.41,0,Al Día,Al Día / OK,Cliente Corporativo
FAC-2026-10667,FedEx Express,Logística,01 - Enero,2026-01-07,30,2026-02-06,18283.31,0,Al Día,Al Día / OK,Cliente Corporativo
FAC-2026-10668,FedEx Express,Logística,01 - Enero,2026-01-14,30,2026-02-13,4462.53,40,31-60 días,Riesgo Moderado,Cliente Corporativo
FAC-2026-10669,FedEx Express,Logística,01 - Enero,2026-01-02,30,2026-02-01,3047.81,32,31-60 días,Riesgo Moderado,Cliente Corporativo
FAC-2026-10670,FedEx Express,Logística,01 - Enero,2026-01-16,60,2026-03-17,26101.8,0,Al Día,Al Día / OK,Cliente Corporativo
FAC-2026-10671,FedEx Express,Logística,01 - Enero,2026-01-12,60,2026-03-13,30755.64,10,1-30 días,Atraso Preventivo,Cliente Corporativo
FAC-2026-10672,FedEx Express,Logística,01 - Enero,2026-01-10,45,2026-02-24,28975.44,0,Al Día,Al Día / OK,Cliente Corporativo
FAC-2026-10673,FedEx Express,Logística,01 - Enero,2026-01-07,15,2026-01-22,8414.37,0,Al Día,Al Día / OK,Cliente Corporativo
FAC-2026-10674,FedEx Express,Logística,01 - Enero,2026-01-14,60,2026-03-15,5326.75,0,Al Día,Al Día / OK,Cliente Corporativo
FAC-2026-10675,Maersk Logistics,Logística,01 - Enero,2026-01-21,45,2026-03-07,35368.56,0,Al Día,Al Día / OK,Cliente Corporativo
FAC-2026-10676,Maersk Logistics,Logística,01 - Enero,2026-01-28,30,2026-02-27,14642.32,13,1-30 días,Atraso Preventivo,Cliente Corporativo
FAC-2026-10677,Maersk Logistics,Logística,01 - Enero,2026-01-28,30,2026-02-27,1940.69,47,31-60 días,Riesgo Moderado,Cliente Corporativo
FAC-2026-10678,Maersk Logistics,Logística,01 - Enero,2026-01-25,60,2026-03-26,8237.3,90,61-90 días,Riesgo Alto,Cliente Corporativo
FAC-2026-10679,Maersk Logistics,Logística,01 - Enero,2026-01-12,15,2026-01-27,12520.51,132,+90 días (Crítico),En Mora / Crítico,Cliente Corporativo
FAC-2026-10680,Maersk Logistics,Logística,01 - Enero,2026-01-07,60,2026-03-08,10316.47,0,Al Día,Al Día / OK,Cliente Corporativo
FAC-2026-10681,Maersk Logistics,Logística,01 - Enero,2026-01-11,45,2026-02-25,5118.06,0,Al Día,Al Día / OK,Cliente Corporativo
FAC-2026-10682,Maersk Logistics,Logística,01 - Enero,2026-01-12,30,2026-02-11,9139.78,0,Al Día,Al Día / OK,Cliente Corporativo
FAC-2026-10683,Maersk Logistics,Logística,01 - Enero,2026-01-09,60,2026-03-10,7940.53,0,Al Día,Al Día / OK,Cliente Corporativo
FAC-2026-10684,Maersk Logistics,Logística,01 - Enero,2026-01-09,45,2026-02-23,42107.12,0,Al Día,Al Día / OK,Cliente Corporativo
FAC-2026-10685,Maersk Logistics,Logística,01 - Enero,2026-01-18,30,2026-02-17,15888.7,0,Al Día,Al Día / OK,Cliente Corporativo
FAC-2026-10686,Maersk Logistics,Logística,01 - Enero,2026-01-02,45,2026-02-16,43787.74,17,1-30 días,Atraso Preventivo,Cliente Corporativo
FAC-2026-10687,Maersk Logistics,Logística,01 - Enero,2026-01-18,45,2026-03-04,17608.5,123,+90 días (Crítico),En Mora / Crítico,Cliente Corporativo
FAC-2026-10688,Maersk Logistics,Logística,01 - Enero,2026-01-23,60,2026-03-24,24944.55,0,Al Día,Al Día / OK,Cliente Corporativo
FAC-2026-10689,Maersk Logistics,Logística,01 - Enero,2026-01-16,45,2026-03-02,30043.72,0,Al Día,Al Día / OK,Cliente Corporativo
FAC-2026-10690,Maersk Logistics,Logística,01 - Enero,2026-01-14,30,2026-02-13,30497.16,39,31-60 días,Riesgo Moderado,Cliente Corporativo
FAC-2026-10691,Maersk Logistics,Logística,01 - Enero,2026-01-14,45,2026-02-28,13157.14,153,+90 días (Crítico),En Mora / Crítico,Cliente Corporativo
FAC-2026-10692,Maersk Logistics,Logística,01 - Enero,2026-01-21,15,2026-02-05,4466.42,6,1-30 días,Atraso Preventivo,Cliente Corporativo
FAC-2026-10693,Kuehne+Nagel,Logística,01 - Enero,2026-01-06,30,2026-02-05,10423.59,0,Al Día,Al Día / OK,Cliente Corporativo
FAC-2026-10694,Kuehne+Nagel,Logística,01 - Enero,2026-01-23,60,2026-03-24,14626.81,9,1-30 días,Atraso Preventivo,Cliente Corporativo
FAC-2026-10695,Kuehne+Nagel,Logística,01 - Enero,2026-01-01,60,2026-03-02,29201.93,55,31-60 días,Riesgo Moderado,Cliente Corporativo
FAC-2026-10696,Kuehne+Nagel,Logística,01 - Enero,2026-01-26,30,2026-02-25,22538.26,90,61-90 días,Riesgo Alto,Cliente Corporativo
FAC-2026-10697,Kuehne+Nagel,Logística,01 - Enero,2026-01-29,60,2026-03-30,28853.75,99,+90 días (Crítico),En Mora / Crítico,Cliente Corporativo
FAC-2026-10698,Kuehne+Nagel,Logística,01 - Enero,2026-01-06,45,2026-02-20,12667.52,29,1-30 días,Atraso Preventivo,Cliente Corporativo
FAC-2026-10699,Kuehne+Nagel,Logística,01 - Enero,2026-01-15,60,2026-03-16,9171.35,0,Al Día,Al Día / OK,Cliente Corporativo
FAC-2026-10700,Kuehne+Nagel,Logística,01 - Enero,2026-01-02,30,2026-02-01,14616.42,58,31-60 días,Riesgo Moderado,Cliente Corporativo
FAC-2026-10701,Kuehne+Nagel,Logística,01 - Enero,2026-01-16,15,2026-01-31,2841.89,0,Al Día,Al Día / OK,Cliente Corporativo
FAC-2026-10702,Kuehne+Nagel,Logística,01 - Enero,2026-01-01,15,2026-01-16,43638.13,0,Al Día,Al Día / OK,Cliente Corporativo
FAC-2026-10703,Kuehne+Nagel,Logística,01 - Enero,2026-01-19,45,2026-03-05,18324.15,0,Al Día,Al Día / OK,Cliente Corporativo
FAC-2026-10704,Kuehne+Nagel,Logística,01 - Enero,2026-01-23,60,2026-03-24,34350.06,21,1-30 días,Atraso Preventivo,Cliente Corporativo
FAC-2026-10705,Kuehne+Nagel,Logística,01 - Enero,2026-01-11,30,2026-02-10,1768.98,125,+90 días (Crítico),En Mora / Crítico,Cliente Corporativo
FAC-2026-10706,Kuehne+Nagel,Logística,01 - Enero,2026-01-29,60,2026-03-30,8007.94,0,Al Día,Al Día / OK,Cliente Corporativo
FAC-2026-10707,Mercado Envíos,Logística,01 - Enero,2026-01-24,60,2026-03-25,19814.64,0,Al Día,Al Día / OK,Cliente Corporativo
FAC-2026-10708,Mercado Envíos,Logística,01 - Enero,2026-01-06,15,2026-01-21,5623.34,24,1-30 días,Atraso Preventivo,Cliente Corporativo
FAC-2026-10709,Mercado Envíos,Logística,01 - Enero,2026-01-08,45,2026-02-22,2783.37,53,31-60 días,Riesgo Moderado,Cliente Corporativo
FAC-2026-10710,Mercado Envíos,Logística,01 - Enero,2026-01-03,60,2026-03-04,13000.52,86,61-90 días,Riesgo Alto,Cliente Corporativo
FAC-2026-10711,Mercado Envíos,Logística,01 - Enero,2026-01-06,45,2026-02-20,2635.44,153,+90 días (Crítico),En Mora / Crítico,Cliente Corporativo
FAC-2026-10712,Mercado Envíos,Logística,01 - Enero,2026-01-21,15,2026-02-05,43307.95,18,1-30 días,Atraso Preventivo,Cliente Corporativo
FAC-2026-10713,Mercado Envíos,Logística,01 - Enero,2026-01-17,45,2026-03-03,20884.43,58,31-60 días,Riesgo Moderado,Cliente Corporativo
FAC-2026-10714,Mercado Envíos,Logística,01 - Enero,2026-01-18,45,2026-03-04,1203.39,57,31-60 días,Riesgo Moderado,Cliente Corporativo
FAC-2026-10715,Mercado Envíos,Logística,01 - Enero,2026-01-27,45,2026-03-13,9790.22,0,Al Día,Al Día / OK,Cliente Corporativo
FAC-2026-10716,Mercado Envíos,Logística,01 - Enero,2026-01-14,60,2026-03-15,3682.91,0,Al Día,Al Día / OK,Cliente Corporativo
FAC-2026-10717,Mercado Envíos,Logística,01 - Enero,2026-01-19,30,2026-02-18,11084.35,57,31-60 días,Riesgo Moderado,Cliente Corporativo
FAC-2026-10718,Mercado Envíos,Logística,01 - Enero,2026-01-25,60,2026-03-26,62194.43,30,1-30 días,Atraso Preventivo,Cliente Corporativo
FAC-2026-10719,Mercado Envíos,Logística,01 - Enero,2026-01-22,60,2026-03-23,44697.72,18,1-30 días,Atraso Preventivo,Cliente Corporativo
FAC-2026-10720,Estafeta,Logística,01 - Enero,2026-01-10,45,2026-02-24,27648.44,0,Al Día,Al Día / OK,Cliente Corporativo
FAC-2026-10721,Estafeta,Logística,01 - Enero,2026-01-20,15,2026-02-04,17038.06,11,1-30 días,Atraso Preventivo,Cliente Corporativo
FAC-2026-10722,Estafeta,Logística,01 - Enero,2026-01-09,45,2026-02-23,29794.44,58,31-60 días,Riesgo Moderado,Cliente Corporativo
FAC-2026-10723,Estafeta,Logística,01 - Enero,2026-01-28,45,2026-03-14,11060.8,75,61-90 días,Riesgo Alto,Cliente Corporativo
FAC-2026-10724,Estafeta,Logística,01 - Enero,2026-01-24,30,2026-02-23,13948.77,143,+90 días (Crítico),En Mora / Crítico,Cliente Corporativo
FAC-2026-10725,Estafeta,Logística,01 - Enero,2026-01-17,30,2026-02-16,16273.42,0,Al Día,Al Día / OK,Cliente Corporativo
FAC-2026-10726,Estafeta,Logística,01 - Enero,2026-01-20,15,2026-02-04,7549.26,51,31-60 días,Riesgo Moderado,Cliente Corporativo
FAC-2026-10727,Estafeta,Logística,01 - Enero,2026-01-27,30,2026-02-26,2399.97,8,1-30 días,Atraso Preventivo,Cliente Corporativo
FAC-2026-10728,Estafeta,Logística,01 - Enero,2026-01-28,60,2026-03-29,17390.76,59,31-60 días,Riesgo Moderado,Cliente Corporativo
FAC-2026-10729,Estafeta,Logística,01 - Enero,2026-01-09,60,2026-03-10,2680.71,0,Al Día,Al Día / OK,Cliente Corporativo
FAC-2026-10730,Estafeta,Logística,01 - Enero,2026-01-29,30,2026-02-28,16935.71,16,1-30 días,Atraso Preventivo,Cliente Corporativo
FAC-2026-10731,Estafeta,Logística,01 - Enero,2026-01-14,30,2026-02-13,2383.61,25,1-30 días,Atraso Preventivo,Cliente Corporativo
FAC-2026-10732,Estafeta,Logística,01 - Enero,2026-01-20,15,2026-02-04,25279.58,5,1-30 días,Atraso Preventivo,Cliente Corporativo
FAC-2026-10733,Estafeta,Logística,01 - Enero,2026-01-09,15,2026-01-24,37724.52,0,Al Día,Al Día / OK,Cliente Corporativo
FAC-2026-10734,Estafeta,Logística,01 - Enero,2026-01-02,60,2026-03-03,14315.94,68,61-90 días,Riesgo Alto,Cliente Corporativo
FAC-2026-10735,Estafeta,Logística,01 - Enero,2026-01-15,60,2026-03-16,11463.86,0,Al Día,Al Día / OK,Cliente Corporativo
FAC-2026-10736,Estafeta,Logística,01 - Enero,2026-01-15,45,2026-03-01,4442.04,30,1-30 días,Atraso Preventivo,Cliente Corporativo
FAC-2026-10737,Estafeta,Logística,01 - Enero,2026-01-22,60,2026-03-23,17323.43,66,61-90 días,Riesgo Alto,Cliente Corporativo
FAC-2026-10738,Estafeta,Logística,01 - Enero,2026-01-29,45,2026-03-15,14127.34,0,Al Día,Al Día / OK,Cliente Corporativo
FAC-2026-10739,Estafeta,Logística,01 - Enero,2026-01-28,60,2026-03-29,13238.05,0,Al Día,Al Día / OK,Cliente Corporativo
FAC-2026-10740,Pfizer,Salud & Farma,01 - Enero,2026-01-22,60,2026-03-23,49602.56,0,Al Día,Al Día / OK,Cliente Corporativo
FAC-2026-10741,Pfizer,Salud & Farma,01 - Enero,2026-01-02,45,2026-02-16,67503.77,27,1-30 días,Atraso Preventivo,Cliente Corporativo
FAC-2026-10742,Pfizer,Salud & Farma,01 - Enero,2026-01-08,45,2026-02-22,2677.18,36,31-60 días,Riesgo Moderado,Cliente Corporativo
FAC-2026-10743,Pfizer,Salud & Farma,01 - Enero,2026-01-25,30,2026-02-24,2149.25,77,61-90 días,Riesgo Alto,Cliente Corporativo
FAC-2026-10744,Pfizer,Salud & Farma,01 - Enero,2026-01-06,30,2026-02-05,3913.61,117,+90 días (Crítico),En Mora / Crítico,Cliente Corporativo
FAC-2026-10745,Pfizer,Salud & Farma,01 - Enero,2026-01-10,15,2026-01-25,12729.01,0,Al Día,Al Día / OK,Cliente Corporativo
FAC-2026-10746,Pfizer,Salud & Farma,01 - Enero,2026-01-03,60,2026-03-04,11878.4,0,Al Día,Al Día / OK,Cliente Corporativo
FAC-2026-10747,Pfizer,Salud & Farma,01 - Enero,2026-01-20,60,2026-03-21,35851.45,10,1-30 días,Atraso Preventivo,Cliente Corporativo
FAC-2026-10748,Pfizer,Salud & Farma,01 - Enero,2026-01-17,30,2026-02-16,3257.72,50,31-60 días,Riesgo Moderado,Cliente Corporativo
FAC-2026-10749,Pfizer,Salud & Farma,01 - Enero,2026-01-26,45,2026-03-12,5637.95,47,31-60 días,Riesgo Moderado,Cliente Corporativo
FAC-2026-10750,Pfizer,Salud & Farma,01 - Enero,2026-01-10,45,2026-02-24,7058.71,0,Al Día,Al Día / OK,Cliente Corporativo
FAC-2026-10751,Pfizer,Salud & Farma,01 - Enero,2026-01-24,15,2026-02-08,31887.93,0,Al Día,Al Día / OK,Cliente Corporativo
FAC-2026-10752,Pfizer,Salud & Farma,01 - Enero,2026-01-21,45,2026-03-07,38518.34,53,31-60 días,Riesgo Moderado,Cliente Corporativo
FAC-2026-10753,Pfizer,Salud & Farma,01 - Enero,2026-01-13,60,2026-03-14,11980.62,23,1-30 días,Atraso Preventivo,Cliente Corporativo
FAC-2026-10754,Pfizer,Salud & Farma,01 - Enero,2026-01-31,30,2026-03-02,10093.57,0,Al Día,Al Día / OK,Cliente Corporativo
FAC-2026-10755,Pfizer,Salud & Farma,01 - Enero,2026-01-19,60,2026-03-20,23733.8,59,31-60 días,Riesgo Moderado,Cliente Corporativo
FAC-2026-10756,Genomma Lab,Salud & Farma,01 - Enero,2026-01-12,15,2026-01-27,7422.48,0,Al Día,Al Día / OK,Cliente Corporativo
FAC-2026-10757,Genomma Lab,Salud & Farma,01 - Enero,2026-01-13,30,2026-02-12,50777.35,11,1-30 días,Atraso Preventivo,Cliente Corporativo
FAC-2026-10758,Genomma Lab,Salud & Farma,01 - Enero,2026-01-05,60,2026-03-06,17687.27,55,31-60 días,Riesgo Moderado,Cliente Corporativo
FAC-2026-10759,Genomma Lab,Salud & Farma,01 - Enero,2026-01-23,30,2026-02-22,29812.54,73,61-90 días,Riesgo Alto,Cliente Corporativo
FAC-2026-10760,Genomma Lab,Salud & Farma,01 - Enero,2026-01-17,45,2026-03-03,20063.88,174,+90 días (Crítico),En Mora / Crítico,Cliente Corporativo
FAC-2026-10761,Genomma Lab,Salud & Farma,01 - Enero,2026-01-04,30,2026-02-03,9489.6,34,31-60 días,Riesgo Moderado,Cliente Corporativo
FAC-2026-10762,Genomma Lab,Salud & Farma,01 - Enero,2026-01-19,45,2026-03-05,26238.32,0,Al Día,Al Día / OK,Cliente Corporativo
FAC-2026-10763,Genomma Lab,Salud & Farma,01 - Enero,2026-01-01,60,2026-03-02,9086.71,0,Al Día,Al Día / OK,Cliente Corporativo
FAC-2026-10764,Genomma Lab,Salud & Farma,01 - Enero,2026-01-07,30,2026-02-06,19915.15,13,1-30 días,Atraso Preventivo,Cliente Corporativo
FAC-2026-10765,Genomma Lab,Salud & Farma,01 - Enero,2026-01-19,45,2026-03-05,19395.58,18,1-30 días,Atraso Preventivo,Cliente Corporativo
FAC-2026-10766,Genomma Lab,Salud & Farma,01 - Enero,2026-01-22,15,2026-02-06,24370.62,7,1-30 días,Atraso Preventivo,Cliente Corporativo
FAC-2026-10767,Genomma Lab,Salud & Farma,01 - Enero,2026-01-27,15,2026-02-11,32991.52,36,31-60 días,Riesgo Moderado,Cliente Corporativo
FAC-2026-10768,Genomma Lab,Salud & Farma,01 - Enero,2026-01-30,60,2026-03-31,11068.33,39,31-60 días,Riesgo Moderado,Cliente Corporativo
FAC-2026-10769,Genomma Lab,Salud & Farma,01 - Enero,2026-01-03,45,2026-02-17,16695.4,0,Al Día,Al Día / OK,Cliente Corporativo
FAC-2026-10770,Bayer,Salud & Farma,01 - Enero,2026-01-26,15,2026-02-10,3600.03,0,Al Día,Al Día / OK,Cliente Corporativo
FAC-2026-10771,Bayer,Salud & Farma,01 - Enero,2026-01-17,45,2026-03-03,22400.43,29,1-30 días,Atraso Preventivo,Cliente Corporativo
FAC-2026-10772,Bayer,Salud & Farma,01 - Enero,2026-01-25,30,2026-02-24,9340.5,58,31-60 días,Riesgo Moderado,Cliente Corporativo
FAC-2026-10773,Bayer,Salud & Farma,01 - Enero,2026-01-11,30,2026-02-10,19383.09,64,61-90 días,Riesgo Alto,Cliente Corporativo
FAC-2026-10774,Bayer,Salud & Farma,01 - Enero,2026-01-23,15,2026-02-07,33158.2,143,+90 días (Crítico),En Mora / Crítico,Cliente Corporativo
FAC-2026-10775,Bayer,Salud & Farma,01 - Enero,2026-01-28,60,2026-03-29,11965.1,7,1-30 días,Atraso Preventivo,Cliente Corporativo
FAC-2026-10776,Bayer,Salud & Farma,01 - Enero,2026-01-12,45,2026-02-26,8111.95,27,1-30 días,Atraso Preventivo,Cliente Corporativo
FAC-2026-10777,Bayer,Salud & Farma,01 - Enero,2026-01-16,60,2026-03-17,17741.64,0,Al Día,Al Día / OK,Cliente Corporativo
FAC-2026-10778,Bayer,Salud & Farma,01 - Enero,2026-01-04,60,2026-03-05,14102.17,11,1-30 días,Atraso Preventivo,Cliente Corporativo
FAC-2026-10779,Bayer,Salud & Farma,01 - Enero,2026-01-28,15,2026-02-12,40946.83,9,1-30 días,Atraso Preventivo,Cliente Corporativo
FAC-2026-10780,Bayer,Salud & Farma,01 - Enero,2026-01-01,45,2026-02-15,1663.99,0,Al Día,Al Día / OK,Cliente Corporativo
FAC-2026-10781,Bayer,Salud & Farma,01 - Enero,2026-01-28,30,2026-02-27,9976.01,15,1-30 días,Atraso Preventivo,Cliente Corporativo
FAC-2026-10782,Bayer,Salud & Farma,01 - Enero,2026-01-27,30,2026-02-26,21548.58,21,1-30 días,Atraso Preventivo,Cliente Corporativo
FAC-2026-10783,Bayer,Salud & Farma,01 - Enero,2026-01-05,60,2026-03-06,5623.74,0,Al Día,Al Día / OK,Cliente Corporativo
FAC-2026-10784,Bayer,Salud & Farma,01 - Enero,2026-01-12,30,2026-02-11,22181.37,0,Al Día,Al Día / OK,Cliente Corporativo
FAC-2026-10785,Bayer,Salud & Farma,01 - Enero,2026-01-13,30,2026-02-12,1702.61,0,Al Día,Al Día / OK,Cliente Corporativo
FAC-2026-10786,Bayer,Salud & Farma,01 - Enero,2026-01-27,45,2026-03-13,3082.54,94,+90 días (Crítico),En Mora / Crítico,Cliente Corporativo
FAC-2026-10787,Bayer,Salud & Farma,01 - Enero,2026-01-14,30,2026-02-13,4338.9,87,61-90 días,Riesgo Alto,Cliente Corporativo
FAC-2026-10788,Farmacias Benavides,Salud & Farma,01 - Enero,2026-01-18,30,2026-02-17,24083.41,0,Al Día,Al Día / OK,Cliente Corporativo
FAC-2026-10789,Farmacias Benavides,Salud & Farma,01 - Enero,2026-01-15,15,2026-01-30,38354.68,14,1-30 días,Atraso Preventivo,Cliente Corporativo
FAC-2026-10790,Farmacias Benavides,Salud & Farma,01 - Enero,2026-01-29,15,2026-02-13,9015.03,40,31-60 días,Riesgo Moderado,Cliente Corporativo
FAC-2026-10791,Farmacias Benavides,Salud & Farma,01 - Enero,2026-01-03,45,2026-02-17,16278.8,66,61-90 días,Riesgo Alto,Cliente Corporativo
FAC-2026-10792,Farmacias Benavides,Salud & Farma,01 - Enero,2026-01-28,15,2026-02-12,6943.95,119,+90 días (Crítico),En Mora / Crítico,Cliente Corporativo
FAC-2026-10793,Farmacias Benavides,Salud & Farma,01 - Enero,2026-01-30,60,2026-03-31,64768.93,0,Al Día,Al Día / OK,Cliente Corporativo
FAC-2026-10794,Farmacias Benavides,Salud & Farma,01 - Enero,2026-01-22,60,2026-03-23,14877.07,139,+90 días (Crítico),En Mora / Crítico,Cliente Corporativo
FAC-2026-10795,Farmacias Benavides,Salud & Farma,01 - Enero,2026-01-13,30,2026-02-12,34023.99,0,Al Día,Al Día / OK,Cliente Corporativo
FAC-2026-10796,Farmacias Benavides,Salud & Farma,01 - Enero,2026-01-03,30,2026-02-02,5096.02,43,31-60 días,Riesgo Moderado,Cliente Corporativo
FAC-2026-10797,Farmacias Benavides,Salud & Farma,01 - Enero,2026-01-17,15,2026-02-01,6870.9,0,Al Día,Al Día / OK,Cliente Corporativo
FAC-2026-10798,Farmacias Benavides,Salud & Farma,01 - Enero,2026-01-12,45,2026-02-26,4451.04,23,1-30 días,Atraso Preventivo,Cliente Corporativo
FAC-2026-10799,Farmacias Benavides,Salud & Farma,01 - Enero,2026-01-31,60,2026-04-01,18914.27,103,+90 días (Crítico),En Mora / Crítico,Cliente Corporativo
FAC-2026-10800,Farmacias Benavides,Salud & Farma,01 - Enero,2026-01-11,60,2026-03-12,92838.74,0,Al Día,Al Día / OK,Cliente Corporativo
FAC-2026-10801,Farmacias Benavides,Salud & Farma,01 - Enero,2026-01-28,30,2026-02-27,29509.09,29,1-30 días,Atraso Preventivo,Cliente Corporativo
FAC-2026-10802,Farmacias Benavides,Salud & Farma,01 - Enero,2026-01-19,15,2026-02-03,1924.66,12,1-30 días,Atraso Preventivo,Cliente Corporativo
FAC-2026-10803,Farmacias Benavides,Salud & Farma,01 - Enero,2026-01-17,15,2026-02-01,5852.04,0,Al Día,Al Día / OK,Cliente Corporativo
FAC-2026-10804,Farmacias Benavides,Salud & Farma,01 - Enero,2026-01-27,15,2026-02-11,14920.58,26,1-30 días,Atraso Preventivo,Cliente Corporativo
FAC-2026-10805,Farmacias Benavides,Salud & Farma,01 - Enero,2026-01-12,30,2026-02-11,29335.41,0,Al Día,Al Día / OK,Cliente Corporativo
FAC-2026-10806,Farmacias Benavides,Salud & Farma,01 - Enero,2026-01-28,15,2026-02-12,12518.85,24,1-30 días,Atraso Preventivo,Cliente Corporativo
FAC-2026-10807,Eurofarma,Salud & Farma,01 - Enero,2026-01-26,60,2026-03-27,57397.07,0,Al Día,Al Día / OK,Cliente Corporativo
FAC-2026-10808,Eurofarma,Salud & Farma,01 - Enero,2026-01-19,45,2026-03-05,64902.44,30,1-30 días,Atraso Preventivo,Cliente Corporativo
FAC-2026-10809,Eurofarma,Salud & Farma,01 - Enero,2026-01-12,60,2026-03-13,15716.14,36,31-60 días,Riesgo Moderado,Cliente Corporativo
FAC-2026-10810,Eurofarma,Salud & Farma,01 - Enero,2026-01-26,60,2026-03-27,13325.19,66,61-90 días,Riesgo Alto,Cliente Corporativo
FAC-2026-10811,Eurofarma,Salud & Farma,01 - Enero,2026-01-30,60,2026-03-31,9318.26,113,+90 días (Crítico),En Mora / Crítico,Cliente Corporativo
FAC-2026-10812,Eurofarma,Salud & Farma,01 - Enero,2026-01-25,45,2026-03-11,41674.71,23,1-30 días,Atraso Preventivo,Cliente Corporativo
FAC-2026-10813,Eurofarma,Salud & Farma,01 - Enero,2026-01-27,30,2026-02-26,17788.75,0,Al Día,Al Día / OK,Cliente Corporativo
FAC-2026-10814,Eurofarma,Salud & Farma,01 - Enero,2026-01-15,60,2026-03-16,5227.26,33,31-60 días,Riesgo Moderado,Cliente Corporativo
FAC-2026-10815,Eurofarma,Salud & Farma,01 - Enero,2026-01-09,60,2026-03-10,19599.64,47,31-60 días,Riesgo Moderado,Cliente Corporativo
FAC-2026-10816,Eurofarma,Salud & Farma,01 - Enero,2026-01-01,60,2026-03-02,7928.76,0,Al Día,Al Día / OK,Cliente Corporativo
FAC-2026-10817,Eurofarma,Salud & Farma,01 - Enero,2026-01-03,45,2026-02-17,65262.2,0,Al Día,Al Día / OK,Cliente Corporativo
FAC-2026-10818,Eurofarma,Salud & Farma,01 - Enero,2026-01-29,45,2026-03-15,12861.74,22,1-30 días,Atraso Preventivo,Cliente Corporativo
FAC-2026-10819,Eurofarma,Salud & Farma,01 - Enero,2026-01-29,30,2026-02-28,14684.49,26,1-30 días,Atraso Preventivo,Cliente Corporativo
FAC-2026-10820,Eurofarma,Salud & Farma,01 - Enero,2026-01-30,15,2026-02-14,30573.73,0,Al Día,Al Día / OK,Cliente Corporativo
FAC-2026-10821,Eurofarma,Salud & Farma,01 - Enero,2026-01-24,45,2026-03-10,58026.52,0,Al Día,Al Día / OK,Cliente Corporativo
FAC-2026-10822,Sanofi,Salud & Farma,01 - Enero,2026-01-15,45,2026-03-01,99561.17,0,Al Día,Al Día / OK,Cliente Corporativo
FAC-2026-10823,Sanofi,Salud & Farma,01 - Enero,2026-01-08,30,2026-02-07,3005.67,21,1-30 días,Atraso Preventivo,Cliente Corporativo
FAC-2026-10824,Sanofi,Salud & Farma,01 - Enero,2026-01-30,45,2026-03-16,22922.61,33,31-60 días,Riesgo Moderado,Cliente Corporativo
FAC-2026-10825,Sanofi,Salud & Farma,01 - Enero,2026-01-25,15,2026-02-09,2644.44,61,61-90 días,Riesgo Alto,Cliente Corporativo
FAC-2026-10826,Sanofi,Salud & Farma,01 - Enero,2026-01-13,60,2026-03-14,24940.05,98,+90 días (Crítico),En Mora / Crítico,Cliente Corporativo
FAC-2026-10827,Sanofi,Salud & Farma,01 - Enero,2026-01-09,45,2026-02-23,18316.07,33,31-60 días,Riesgo Moderado,Cliente Corporativo
FAC-2026-10828,Sanofi,Salud & Farma,01 - Enero,2026-01-08,45,2026-02-22,2654.94,0,Al Día,Al Día / OK,Cliente Corporativo
FAC-2026-10829,Sanofi,Salud & Farma,01 - Enero,2026-01-04,30,2026-02-03,7778.66,0,Al Día,Al Día / OK,Cliente Corporativo
FAC-2026-10830,Sanofi,Salud & Farma,01 - Enero,2026-01-08,45,2026-02-22,54309.54,17,1-30 días,Atraso Preventivo,Cliente Corporativo
FAC-2026-10831,Sanofi,Salud & Farma,01 - Enero,2026-01-02,15,2026-01-17,37778.38,87,61-90 días,Riesgo Alto,Cliente Corporativo
FAC-2026-10832,Sanofi,Salud & Farma,01 - Enero,2026-01-02,60,2026-03-03,34421.37,0,Al Día,Al Día / OK,Cliente Corporativo
FAC-2026-10833,Sanofi,Salud & Farma,01 - Enero,2026-01-28,60,2026-03-29,4023.91,0,Al Día,Al Día / OK,Cliente Corporativo
FAC-2026-10834,Sanofi,Salud & Farma,01 - Enero,2026-01-26,15,2026-02-10,7138.2,6,1-30 días,Atraso Preventivo,Cliente Corporativo
FAC-2026-10835,Sanofi,Salud & Farma,01 - Enero,2026-01-08,45,2026-02-22,6770.55,90,61-90 días,Riesgo Alto,Cliente Corporativo
FAC-2026-10836,Sanofi,Salud & Farma,01 - Enero,2026-01-22,15,2026-02-06,5811.98,11,1-30 días,Atraso Preventivo,Cliente Corporativo
FAC-2026-10837,Sanofi,Salud & Farma,01 - Enero,2026-01-09,30,2026-02-08,5548.76,111,+90 días (Crítico),En Mora / Crítico,Cliente Corporativo
FAC-2026-10838,Sanofi,Salud & Farma,01 - Enero,2026-01-19,15,2026-02-03,24099.98,21,1-30 días,Atraso Preventivo,Cliente Corporativo
FAC-2026-10839,Sanofi,Salud & Farma,01 - Enero,2026-01-30,30,2026-03-01,15760.4,12,1-30 días,Atraso Preventivo,Cliente Corporativo
FAC-2026-10840,Sanofi,Salud & Farma,01 - Enero,2026-01-20,60,2026-03-21,12397.42,0,Al Día,Al Día / OK,Cliente Corporativo
FAC-2026-10841,Sanofi,Salud & Farma,01 - Enero,2026-01-14,60,2026-03-15,7364.07,0,Al Día,Al Día / OK,Cliente Corporativo
FAC-2026-10842,Walmart,Retail,02 - Febrero,2026-02-04,15,2026-02-19,41282.53,0,Al Día,Al Día / OK,Cliente Corporativo
FAC-2026-10843,Walmart,Retail,02 - Febrero,2026-02-08,30,2026-03-10,12484.96,16,1-30 días,Atraso Preventivo,Cliente Corporativo
FAC-2026-10844,Walmart,Retail,02 - Febrero,2026-02-14,30,2026-03-16,29276.18,48,31-60 días,Riesgo Moderado,Cliente Corporativo
FAC-2026-10845,Walmart,Retail,02 - Febrero,2026-02-11,15,2026-02-26,9738.59,72,61-90 días,Riesgo Alto,Cliente Corporativo
FAC-2026-10846,Walmart,Retail,02 - Febrero,2026-02-25,45,2026-04-11,21586.43,116,+90 días (Crítico),En Mora / Crítico,Cliente Corporativo
FAC-2026-10847,Walmart,Retail,02 - Febrero,2026-02-06,15,2026-02-21,34112.2,0,Al Día,Al Día / OK,Cliente Corporativo
FAC-2026-10848,Walmart,Retail,02 - Febrero,2026-02-09,30,2026-03-11,25510.02,0,Al Día,Al Día / OK,Cliente Corporativo
FAC-2026-10849,Walmart,Retail,02 - Febrero,2026-02-28,45,2026-04-14,6874.49,41,31-60 días,Riesgo Moderado,Cliente Corporativo
FAC-2026-10850,Walmart,Retail,02 - Febrero,2026-02-27,30,2026-03-29,29200.39,0,Al Día,Al Día / OK,Cliente Corporativo
FAC-2026-10851,Walmart,Retail,02 - Febrero,2026-02-15,45,2026-04-01,44531.65,0,Al Día,Al Día / OK,Cliente Corporativo
FAC-2026-10852,Walmart,Retail,02 - Febrero,2026-02-16,60,2026-04-17,3419.83,127,+90 días (Crítico),En Mora / Crítico,Cliente Corporativo
FAC-2026-10853,Walmart,Retail,02 - Febrero,2026-02-23,30,2026-03-25,23104.44,29,1-30 días,Atraso Preventivo,Cliente Corporativo
FAC-2026-10854,Walmart,Retail,02 - Febrero,2026-02-10,45,2026-03-27,23671.8,0,Al Día,Al Día / OK,Cliente Corporativo
FAC-2026-10855,Walmart,Retail,02 - Febrero,2026-02-13,15,2026-02-28,55403.53,101,+90 días (Crítico),En Mora / Crítico,Cliente Corporativo
FAC-2026-10856,Walmart,Retail,02 - Febrero,2026-02-15,15,2026-03-02,3204.11,0,Al Día,Al Día / OK,Cliente Corporativo
FAC-2026-10857,Walmart,Retail,02 - Febrero,2026-02-19,45,2026-04-05,3192.91,14,1-30 días,Atraso Preventivo,Cliente Corporativo
FAC-2026-10858,Walmart,Retail,02 - Febrero,2026-02-22,60,2026-04-23,37354.34,0,Al Día,Al Día / OK,Cliente Corporativo
FAC-2026-10859,Walmart,Retail,02 - Febrero,2026-02-03,45,2026-03-20,19313.07,0,Al Día,Al Día / OK,Cliente Corporativo
FAC-2026-10860,Falabella,Retail,02 - Febrero,2026-02-03,60,2026-04-04,1546.17,0,Al Día,Al Día / OK,Cliente Corporativo
FAC-2026-10861,Falabella,Retail,02 - Febrero,2026-02-07,15,2026-02-22,10119.49,17,1-30 días,Atraso Preventivo,Cliente Corporativo
FAC-2026-10862,Falabella,Retail,02 - Febrero,2026-02-13,60,2026-04-14,5311.99,32,31-60 días,Riesgo Moderado,Cliente Corporativo
FAC-2026-10863,Falabella,Retail,02 - Febrero,2026-02-09,30,2026-03-11,22478.77,71,61-90 días,Riesgo Alto,Cliente Corporativo
FAC-2026-10864,Falabella,Retail,02 - Febrero,2026-02-22,15,2026-03-09,2085.61,135,+90 días (Crítico),En Mora / Crítico,Cliente Corporativo
FAC-2026-10865,Falabella,Retail,02 - Febrero,2026-02-24,60,2026-04-25,25247.43,22,1-30 días,Atraso Preventivo,Cliente Corporativo
FAC-2026-10866,Falabella,Retail,02 - Febrero,2026-02-06,60,2026-04-07,21833.65,0,Al Día,Al Día / OK,Cliente Corporativo
FAC-2026-10867,Falabella,Retail,02 - Febrero,2026-02-22,30,2026-03-24,7299.27,25,1-30 días,Atraso Preventivo,Cliente Corporativo
FAC-2026-10868,Falabella,Retail,02 - Febrero,2026-02-03,15,2026-02-18,3328.22,0,Al Día,Al Día / OK,Cliente Corporativo
FAC-2026-10869,Falabella,Retail,02 - Febrero,2026-02-10,15,2026-02-25,33685.04,0,Al Día,Al Día / OK,Cliente Corporativo
FAC-2026-10870,Falabella,Retail,02 - Febrero,2026-02-14,15,2026-03-01,8607.03,0,Al Día,Al Día / OK,Cliente Corporativo
FAC-2026-10871,Falabella,Retail,02 - Febrero,2026-02-22,15,2026-03-09,10808.87,0,Al Día,Al Día / OK,Cliente Corporativo
FAC-2026-10872,Falabella,Retail,02 - Febrero,2026-02-25,45,2026-04-11,14826.35,0,Al Día,Al Día / OK,Cliente Corporativo
FAC-2026-10873,Cencosud,Retail,02 - Febrero,2026-02-22,60,2026-04-23,1659.57,0,Al Día,Al Día / OK,Cliente Corporativo
FAC-2026-10874,Cencosud,Retail,02 - Febrero,2026-02-11,15,2026-02-26,2180.79,8,1-30 días,Atraso Preventivo,Cliente Corporativo
FAC-2026-10875,Cencosud,Retail,02 - Febrero,2026-02-26,30,2026-03-28,7480.3,31,31-60 días,Riesgo Moderado,Cliente Corporativo
FAC-2026-10876,Cencosud,Retail,02 - Febrero,2026-02-28,60,2026-04-29,5471.39,75,61-90 días,Riesgo Alto,Cliente Corporativo
FAC-2026-10877,Cencosud,Retail,02 - Febrero,2026-02-28,30,2026-03-30,3646.57,166,+90 días (Crítico),En Mora / Crítico,Cliente Corporativo
FAC-2026-10878,Cencosud,Retail,02 - Febrero,2026-02-10,45,2026-03-27,9452.0,0,Al Día,Al Día / OK,Cliente Corporativo
FAC-2026-10879,Cencosud,Retail,02 - Febrero,2026-02-05,30,2026-03-07,8465.09,0,Al Día,Al Día / OK,Cliente Corporativo
FAC-2026-10880,Cencosud,Retail,02 - Febrero,2026-02-25,15,2026-03-12,8901.43,11,1-30 días,Atraso Preventivo,Cliente Corporativo
FAC-2026-10881,Cencosud,Retail,02 - Febrero,2026-02-12,60,2026-04-13,19915.59,25,1-30 días,Atraso Preventivo,Cliente Corporativo
FAC-2026-10882,Cencosud,Retail,02 - Febrero,2026-02-07,60,2026-04-08,15452.08,39,31-60 días,Riesgo Moderado,Cliente Corporativo
FAC-2026-10883,Cencosud,Retail,02 - Febrero,2026-02-08,15,2026-02-23,12224.67,28,1-30 días,Atraso Preventivo,Cliente Corporativo
FAC-2026-10884,Cencosud,Retail,02 - Febrero,2026-02-22,45,2026-04-08,2423.14,0,Al Día,Al Día / OK,Cliente Corporativo
FAC-2026-10885,Cencosud,Retail,02 - Febrero,2026-02-09,15,2026-02-24,13112.36,0,Al Día,Al Día / OK,Cliente Corporativo
FAC-2026-10886,Cencosud,Retail,02 - Febrero,2026-02-15,60,2026-04-16,2272.53,0,Al Día,Al Día / OK,Cliente Corporativo
FAC-2026-10887,Cencosud,Retail,02 - Febrero,2026-02-26,60,2026-04-27,14818.67,65,61-90 días,Riesgo Alto,Cliente Corporativo
FAC-2026-10888,Cencosud,Retail,02 - Febrero,2026-02-20,30,2026-03-22,9393.65,26,1-30 días,Atraso Preventivo,Cliente Corporativo
FAC-2026-10889,Cencosud,Retail,02 - Febrero,2026-02-27,30,2026-03-29,3931.63,0,Al Día,Al Día / OK,Cliente Corporativo
FAC-2026-10890,El Puerto de Liverpool,Retail,02 - Febrero,2026-02-26,15,2026-03-13,25822.47,0,Al Día,Al Día / OK,Cliente Corporativo
FAC-2026-10891,El Puerto de Liverpool,Retail,02 - Febrero,2026-02-13,45,2026-03-30,65472.91,15,1-30 días,Atraso Preventivo,Cliente Corporativo
FAC-2026-10892,El Puerto de Liverpool,Retail,02 - Febrero,2026-02-08,60,2026-04-09,9360.7,34,31-60 días,Riesgo Moderado,Cliente Corporativo
FAC-2026-10893,El Puerto de Liverpool,Retail,02 - Febrero,2026-02-28,45,2026-04-14,28059.93,71,61-90 días,Riesgo Alto,Cliente Corporativo
FAC-2026-10894,El Puerto de Liverpool,Retail,02 - Febrero,2026-02-15,60,2026-04-16,11657.7,144,+90 días (Crítico),En Mora / Crítico,Cliente Corporativo
FAC-2026-10895,El Puerto de Liverpool,Retail,02 - Febrero,2026-02-09,30,2026-03-11,4068.32,0,Al Día,Al Día / OK,Cliente Corporativo
FAC-2026-10896,El Puerto de Liverpool,Retail,02 - Febrero,2026-02-05,60,2026-04-06,2020.57,15,1-30 días,Atraso Preventivo,Cliente Corporativo
FAC-2026-10897,El Puerto de Liverpool,Retail,02 - Febrero,2026-02-01,30,2026-03-03,26969.9,0,Al Día,Al Día / OK,Cliente Corporativo
FAC-2026-10898,El Puerto de Liverpool,Retail,02 - Febrero,2026-02-26,15,2026-03-13,6981.15,96,+90 días (Crítico),En Mora / Crítico,Cliente Corporativo
FAC-2026-10899,El Puerto de Liverpool,Retail,02 - Febrero,2026-02-22,30,2026-03-24,15436.74,0,Al Día,Al Día / OK,Cliente Corporativo
FAC-2026-10900,El Puerto de Liverpool,Retail,02 - Febrero,2026-02-13,45,2026-03-30,4461.99,0,Al Día,Al Día / OK,Cliente Corporativo
FAC-2026-10901,El Puerto de Liverpool,Retail,02 - Febrero,2026-02-08,60,2026-04-09,34601.81,42,31-60 días,Riesgo Moderado,Cliente Corporativo
FAC-2026-10902,El Puerto de Liverpool,Retail,02 - Febrero,2026-02-16,45,2026-04-02,10152.25,15,1-30 días,Atraso Preventivo,Cliente Corporativo
FAC-2026-10903,El Puerto de Liverpool,Retail,02 - Febrero,2026-02-12,30,2026-03-14,19417.48,0,Al Día,Al Día / OK,Cliente Corporativo
FAC-2026-10904,El Puerto de Liverpool,Retail,02 - Febrero,2026-02-28,60,2026-04-29,56244.61,0,Al Día,Al Día / OK,Cliente Corporativo
FAC-2026-10905,El Puerto de Liverpool,Retail,02 - Febrero,2026-02-25,60,2026-04-26,11540.43,0,Al Día,Al Día / OK,Cliente Corporativo
FAC-2026-10906,El Puerto de Liverpool,Retail,02 - Febrero,2026-02-19,45,2026-04-05,18727.85,0,Al Día,Al Día / OK,Cliente Corporativo
FAC-2026-10907,El Puerto de Liverpool,Retail,02 - Febrero,2026-02-26,30,2026-03-28,29515.48,0,Al Día,Al Día / OK,Cliente Corporativo
FAC-2026-10908,El Puerto de Liverpool,Retail,02 - Febrero,2026-02-27,15,2026-03-14,10251.61,71,61-90 días,Riesgo Alto,Cliente Corporativo
FAC-2026-10909,Coppel,Retail,02 - Febrero,2026-02-16,30,2026-03-18,56105.53,0,Al Día,Al Día / OK,Cliente Corporativo
FAC-2026-10910,Coppel,Retail,02 - Febrero,2026-02-08,15,2026-02-23,11867.73,14,1-30 días,Atraso Preventivo,Cliente Corporativo
FAC-2026-10911,Coppel,Retail,02 - Febrero,2026-02-04,45,2026-03-21,17873.78,60,31-60 días,Riesgo Moderado,Cliente Corporativo
FAC-2026-10912,Coppel,Retail,02 - Febrero,2026-02-07,15,2026-02-22,53069.27,87,61-90 días,Riesgo Alto,Cliente Corporativo
FAC-2026-10913,Coppel,Retail,02 - Febrero,2026-02-18,30,2026-03-20,1694.83,134,+90 días (Crítico),En Mora / Crítico,Cliente Corporativo
FAC-2026-10914,Coppel,Retail,02 - Febrero,2026-02-04,15,2026-02-19,15652.93,0,Al Día,Al Día / OK,Cliente Corporativo
FAC-2026-10915,Coppel,Retail,02 - Febrero,2026-02-11,15,2026-02-26,8186.18,0,Al Día,Al Día / OK,Cliente Corporativo
FAC-2026-10916,Coppel,Retail,02 - Febrero,2026-02-02,45,2026-03-19,11277.2,26,1-30 días,Atraso Preventivo,Cliente Corporativo
FAC-2026-10917,Coppel,Retail,02 - Febrero,2026-02-25,15,2026-03-12,20747.9,0,Al Día,Al Día / OK,Cliente Corporativo
FAC-2026-10918,Coppel,Retail,02 - Febrero,2026-02-10,60,2026-04-11,10330.08,0,Al Día,Al Día / OK,Cliente Corporativo
FAC-2026-10919,Coppel,Retail,02 - Febrero,2026-02-27,30,2026-03-29,14140.5,122,+90 días (Crítico),En Mora / Crítico,Cliente Corporativo
FAC-2026-10920,Coppel,Retail,02 - Febrero,2026-02-07,15,2026-02-22,26463.03,24,1-30 días,Atraso Preventivo,Cliente Corporativo
FAC-2026-10921,Coppel,Retail,02 - Febrero,2026-02-03,45,2026-03-20,7002.11,87,61-90 días,Riesgo Alto,Cliente Corporativo
FAC-2026-10922,Coppel,Retail,02 - Febrero,2026-02-17,30,2026-03-19,16552.98,174,+90 días (Crítico),En Mora / Crítico,Cliente Corporativo
FAC-2026-10923,Grupo Éxito,Retail,02 - Febrero,2026-02-18,60,2026-04-19,31565.51,0,Al Día,Al Día / OK,Cliente Corporativo
FAC-2026-10924,Grupo Éxito,Retail,02 - Febrero,2026-02-01,30,2026-03-03,41563.3,30,1-30 días,Atraso Preventivo,Cliente Corporativo
FAC-2026-10925,Grupo Éxito,Retail,02 - Febrero,2026-02-20,45,2026-04-06,30802.93,40,31-60 días,Riesgo Moderado,Cliente Corporativo
FAC-2026-10926,Grupo Éxito,Retail,02 - Febrero,2026-02-09,15,2026-02-24,2086.94,65,61-90 días,Riesgo Alto,Cliente Corporativo
FAC-2026-10927,Grupo Éxito,Retail,02 - Febrero,2026-02-17,30,2026-03-19,49579.33,131,+90 días (Crítico),En Mora / Crítico,Cliente Corporativo
FAC-2026-10928,Grupo Éxito,Retail,02 - Febrero,2026-02-11,60,2026-04-12,8310.49,7,1-30 días,Atraso Preventivo,Cliente Corporativo
FAC-2026-10929,Grupo Éxito,Retail,02 - Febrero,2026-02-19,45,2026-04-05,11321.39,0,Al Día,Al Día / OK,Cliente Corporativo
FAC-2026-10930,Grupo Éxito,Retail,02 - Febrero,2026-02-23,45,2026-04-09,10987.97,35,31-60 días,Riesgo Moderado,Cliente Corporativo
FAC-2026-10931,Grupo Éxito,Retail,02 - Febrero,2026-02-04,45,2026-03-21,13588.3,0,Al Día,Al Día / OK,Cliente Corporativo
FAC-2026-10932,Grupo Éxito,Retail,02 - Febrero,2026-02-20,15,2026-03-07,7509.78,13,1-30 días,Atraso Preventivo,Cliente Corporativo
FAC-2026-10933,Grupo Éxito,Retail,02 - Febrero,2026-02-16,45,2026-04-02,19392.93,0,Al Día,Al Día / OK,Cliente Corporativo
FAC-2026-10934,Grupo Éxito,Retail,02 - Febrero,2026-02-27,60,2026-04-28,39289.39,0,Al Día,Al Día / OK,Cliente Corporativo
FAC-2026-10935,Grupo Éxito,Retail,02 - Febrero,2026-02-01,45,2026-03-18,32754.02,0,Al Día,Al Día / OK,Cliente Corporativo
FAC-2026-10936,Grupo Éxito,Retail,02 - Febrero,2026-02-04,30,2026-03-06,20337.58,28,1-30 días,Atraso Preventivo,Cliente Corporativo
FAC-2026-10937,Grupo Éxito,Retail,02 - Febrero,2026-02-03,30,2026-03-05,2036.39,53,31-60 días,Riesgo Moderado,Cliente Corporativo
FAC-2026-10938,Grupo Éxito,Retail,02 - Febrero,2026-02-20,45,2026-04-06,15441.64,90,61-90 días,Riesgo Alto,Cliente Corporativo
FAC-2026-10939,Grupo Éxito,Retail,02 - Febrero,2026-02-09,15,2026-02-24,9294.48,26,1-30 días,Atraso Preventivo,Cliente Corporativo
FAC-2026-10940,FEMSA Comercio (OXXO),Retail,02 - Febrero,2026-02-25,30,2026-03-27,5081.51,0,Al Día,Al Día / OK,Cliente Corporativo
FAC-2026-10941,FEMSA Comercio (OXXO),Retail,02 - Febrero,2026-02-07,30,2026-03-09,7297.17,25,1-30 días,Atraso Preventivo,Cliente Corporativo
FAC-2026-10942,FEMSA Comercio (OXXO),Retail,02 - Febrero,2026-02-03,60,2026-04-04,2352.74,49,31-60 días,Riesgo Moderado,Cliente Corporativo
FAC-2026-10943,FEMSA Comercio (OXXO),Retail,02 - Febrero,2026-02-04,60,2026-04-05,5563.7,72,61-90 días,Riesgo Alto,Cliente Corporativo
FAC-2026-10944,FEMSA Comercio (OXXO),Retail,02 - Febrero,2026-02-04,45,2026-03-21,31686.84,131,+90 días (Crítico),En Mora / Crítico,Cliente Corporativo
FAC-2026-10945,FEMSA Comercio (OXXO),Retail,02 - Febrero,2026-02-26,30,2026-03-28,23645.18,35,31-60 días,Riesgo Moderado,Cliente Corporativo
FAC-2026-10946,FEMSA Comercio (OXXO),Retail,02 - Febrero,2026-02-27,45,2026-04-13,9543.54,0,Al Día,Al Día / OK,Cliente Corporativo
FAC-2026-10947,FEMSA Comercio (OXXO),Retail,02 - Febrero,2026-02-27,45,2026-04-13,5683.58,37,31-60 días,Riesgo Moderado,Cliente Corporativo
FAC-2026-10948,FEMSA Comercio (OXXO),Retail,02 - Febrero,2026-02-22,15,2026-03-09,4116.9,0,Al Día,Al Día / OK,Cliente Corporativo
FAC-2026-10949,FEMSA Comercio (OXXO),Retail,02 - Febrero,2026-02-16,45,2026-04-02,26431.17,0,Al Día,Al Día / OK,Cliente Corporativo
FAC-2026-10950,FEMSA Comercio (OXXO),Retail,02 - Febrero,2026-02-27,30,2026-03-29,6836.38,13,1-30 días,Atraso Preventivo,Cliente Corporativo
FAC-2026-10951,FEMSA Comercio (OXXO),Retail,02 - Febrero,2026-02-10,30,2026-03-12,17763.29,0,Al Día,Al Día / OK,Cliente Corporativo
FAC-2026-10952,FEMSA Comercio (OXXO),Retail,02 - Febrero,2026-02-20,45,2026-04-06,15981.4,25,1-30 días,Atraso Preventivo,Cliente Corporativo
FAC-2026-10953,FEMSA Comercio (OXXO),Retail,02 - Febrero,2026-02-17,15,2026-03-04,9496.1,23,1-30 días,Atraso Preventivo,Cliente Corporativo
FAC-2026-10954,FEMSA Comercio (OXXO),Retail,02 - Febrero,2026-02-09,45,2026-03-26,4776.41,38,31-60 días,Riesgo Moderado,Cliente Corporativo
FAC-2026-10955,FEMSA Comercio (OXXO),Retail,02 - Febrero,2026-02-07,45,2026-03-24,22550.12,45,31-60 días,Riesgo Moderado,Cliente Corporativo
FAC-2026-10956,FEMSA Comercio (OXXO),Retail,02 - Febrero,2026-02-07,15,2026-02-22,1764.19,47,31-60 días,Riesgo Moderado,Cliente Corporativo
FAC-2026-10957,FEMSA Comercio (OXXO),Retail,02 - Febrero,2026-02-09,15,2026-02-24,5520.49,0,Al Día,Al Día / OK,Cliente Corporativo
FAC-2026-10958,FEMSA Comercio (OXXO),Retail,02 - Febrero,2026-02-20,60,2026-04-21,3477.99,0,Al Día,Al Día / OK,Cliente Corporativo
FAC-2026-10959,Chedraui,Retail,02 - Febrero,2026-02-17,60,2026-04-18,19289.85,0,Al Día,Al Día / OK,Cliente Corporativo
FAC-2026-10960,Chedraui,Retail,02 - Febrero,2026-02-13,45,2026-03-30,7483.09,5,1-30 días,Atraso Preventivo,Cliente Corporativo
FAC-2026-10961,Chedraui,Retail,02 - Febrero,2026-02-26,45,2026-04-12,26183.85,34,31-60 días,Riesgo Moderado,Cliente Corporativo
FAC-2026-10962,Chedraui,Retail,02 - Febrero,2026-02-04,30,2026-03-06,1908.26,77,61-90 días,Riesgo Alto,Cliente Corporativo
FAC-2026-10963,Chedraui,Retail,02 - Febrero,2026-02-20,45,2026-04-06,20962.11,168,+90 días (Crítico),En Mora / Crítico,Cliente Corporativo
FAC-2026-10964,Chedraui,Retail,02 - Febrero,2026-02-02,15,2026-02-17,15936.0,0,Al Día,Al Día / OK,Cliente Corporativo
FAC-2026-10965,Chedraui,Retail,02 - Febrero,2026-02-19,30,2026-03-21,62621.71,0,Al Día,Al Día / OK,Cliente Corporativo
FAC-2026-10966,Chedraui,Retail,02 - Febrero,2026-02-19,15,2026-03-06,24014.27,0,Al Día,Al Día / OK,Cliente Corporativo
FAC-2026-10967,Chedraui,Retail,02 - Febrero,2026-02-06,60,2026-04-07,30170.2,0,Al Día,Al Día / OK,Cliente Corporativo
FAC-2026-10968,Chedraui,Retail,02 - Febrero,2026-02-03,45,2026-03-20,3742.24,0,Al Día,Al Día / OK,Cliente Corporativo
FAC-2026-10969,Chedraui,Retail,02 - Febrero,2026-02-10,15,2026-02-25,7873.61,0,Al Día,Al Día / OK,Cliente Corporativo
FAC-2026-10970,Chedraui,Retail,02 - Febrero,2026-02-23,30,2026-03-25,13731.29,49,31-60 días,Riesgo Moderado,Cliente Corporativo
FAC-2026-10971,Chedraui,Retail,02 - Febrero,2026-02-08,45,2026-03-25,50483.09,0,Al Día,Al Día / OK,Cliente Corporativo
FAC-2026-10972,Chedraui,Retail,02 - Febrero,2026-02-18,60,2026-04-19,1420.16,141,+90 días (Crítico),En Mora / Crítico,Cliente Corporativo
FAC-2026-10973,Chedraui,Retail,02 - Febrero,2026-02-16,60,2026-04-17,15527.54,0,Al Día,Al Día / OK,Cliente Corporativo
FAC-2026-10974,Chedraui,Retail,02 - Febrero,2026-02-21,45,2026-04-07,10747.97,0,Al Día,Al Día / OK,Cliente Corporativo
FAC-2026-10975,Chedraui,Retail,02 - Febrero,2026-02-06,15,2026-02-21,39064.93,0,Al Día,Al Día / OK,Cliente Corporativo
FAC-2026-10976,Chedraui,Retail,02 - Febrero,2026-02-05,30,2026-03-07,9116.96,0,Al Día,Al Día / OK,Cliente Corporativo
FAC-2026-10977,América Móvil (Claro),Telecom,02 - Febrero,2026-02-18,60,2026-04-19,7990.54,0,Al Día,Al Día / OK,Cliente Corporativo
FAC-2026-10978,América Móvil (Claro),Telecom,02 - Febrero,2026-02-22,15,2026-03-09,5178.69,6,1-30 días,Atraso Preventivo,Cliente Corporativo
FAC-2026-10979,América Móvil (Claro),Telecom,02 - Febrero,2026-02-07,60,2026-04-08,17923.69,31,31-60 días,Riesgo Moderado,Cliente Corporativo
FAC-2026-10980,América Móvil (Claro),Telecom,02 - Febrero,2026-02-22,45,2026-04-08,3476.23,75,61-90 días,Riesgo Alto,Cliente Corporativo
FAC-2026-10981,América Móvil (Claro),Telecom,02 - Febrero,2026-02-23,45,2026-04-09,16204.82,144,+90 días (Crítico),En Mora / Crítico,Cliente Corporativo
FAC-2026-10982,América Móvil (Claro),Telecom,02 - Febrero,2026-02-24,30,2026-03-26,71951.38,69,61-90 días,Riesgo Alto,Cliente Corporativo
FAC-2026-10983,América Móvil (Claro),Telecom,02 - Febrero,2026-02-26,30,2026-03-28,4758.18,0,Al Día,Al Día / OK,Cliente Corporativo
FAC-2026-10984,América Móvil (Claro),Telecom,02 - Febrero,2026-02-06,30,2026-03-08,10503.22,0,Al Día,Al Día / OK,Cliente Corporativo
FAC-2026-10985,América Móvil (Claro),Telecom,02 - Febrero,2026-02-05,30,2026-03-07,5316.78,13,1-30 días,Atraso Preventivo,Cliente Corporativo
FAC-2026-10986,América Móvil (Claro),Telecom,02 - Febrero,2026-02-17,60,2026-04-18,17941.66,0,Al Día,Al Día / OK,Cliente Corporativo
FAC-2026-10987,América Móvil (Claro),Telecom,02 - Febrero,2026-02-02,15,2026-02-17,7300.59,6,1-30 días,Atraso Preventivo,Cliente Corporativo
FAC-2026-10988,América Móvil (Claro),Telecom,02 - Febrero,2026-02-10,30,2026-03-12,17485.62,133,+90 días (Crítico),En Mora / Crítico,Cliente Corporativo
FAC-2026-10989,América Móvil (Claro),Telecom,02 - Febrero,2026-02-27,15,2026-03-14,7550.62,80,61-90 días,Riesgo Alto,Cliente Corporativo
FAC-2026-10990,América Móvil (Claro),Telecom,02 - Febrero,2026-02-22,60,2026-04-23,2939.08,24,1-30 días,Atraso Preventivo,Cliente Corporativo
FAC-2026-10991,América Móvil (Claro),Telecom,02 - Febrero,2026-02-02,30,2026-03-04,61551.24,26,1-30 días,Atraso Preventivo,Cliente Corporativo
FAC-2026-10992,América Móvil (Claro),Telecom,02 - Febrero,2026-02-15,45,2026-04-01,21268.43,5,1-30 días,Atraso Preventivo,Cliente Corporativo
FAC-2026-10993,Telefónica (Movistar),Telecom,02 - Febrero,2026-02-06,15,2026-02-21,13436.54,0,Al Día,Al Día / OK,Cliente Corporativo
FAC-2026-10994,Telefónica (Movistar),Telecom,02 - Febrero,2026-02-27,60,2026-04-28,33670.07,6,1-30 días,Atraso Preventivo,Cliente Corporativo
FAC-2026-10995,Telefónica (Movistar),Telecom,02 - Febrero,2026-02-01,45,2026-03-18,11038.79,56,31-60 días,Riesgo Moderado,Cliente Corporativo
FAC-2026-10996,Telefónica (Movistar),Telecom,02 - Febrero,2026-02-21,45,2026-04-07,22841.37,87,61-90 días,Riesgo Alto,Cliente Corporativo
FAC-2026-10997,Telefónica (Movistar),Telecom,02 - Febrero,2026-02-16,15,2026-03-03,17202.01,112,+90 días (Crítico),En Mora / Crítico,Cliente Corporativo
FAC-2026-10998,Telefónica (Movistar),Telecom,02 - Febrero,2026-02-25,15,2026-03-12,1479.26,0,Al Día,Al Día / OK,Cliente Corporativo
FAC-2026-10999,Telefónica (Movistar),Telecom,02 - Febrero,2026-02-04,45,2026-03-21,11969.39,0,Al Día,Al Día / OK,Cliente Corporativo
FAC-2026-11000,Telefónica (Movistar),Telecom,02 - Febrero,2026-02-01,30,2026-03-03,34164.16,0,Al Día,Al Día / OK,Cliente Corporativo
FAC-2026-11001,Telefónica (Movistar),Telecom,02 - Febrero,2026-02-10,60,2026-04-11,20884.95,20,1-30 días,Atraso Preventivo,Cliente Corporativo
FAC-2026-11002,Telefónica (Movistar),Telecom,02 - Febrero,2026-02-10,30,2026-03-12,2949.6,22,1-30 días,Atraso Preventivo,Cliente Corporativo
FAC-2026-11003,Telefónica (Movistar),Telecom,02 - Febrero,2026-02-27,15,2026-03-14,36760.5,58,31-60 días,Riesgo Moderado,Cliente Corporativo
FAC-2026-11004,Telefónica (Movistar),Telecom,02 - Febrero,2026-02-04,15,2026-02-19,11584.9,0,Al Día,Al Día / OK,Cliente Corporativo
FAC-2026-11005,Telefónica (Movistar),Telecom,02 - Febrero,2026-02-19,60,2026-04-20,15448.61,0,Al Día,Al Día / OK,Cliente Corporativo
FAC-2026-11006,Telefónica (Movistar),Telecom,02 - Febrero,2026-02-09,30,2026-03-11,2925.14,17,1-30 días,Atraso Preventivo,Cliente Corporativo
FAC-2026-11007,Telefónica (Movistar),Telecom,02 - Febrero,2026-02-17,15,2026-03-04,1449.14,50,31-60 días,Riesgo Moderado,Cliente Corporativo
FAC-2026-11008,Telefónica (Movistar),Telecom,02 - Febrero,2026-02-01,15,2026-02-16,2645.1,0,Al Día,Al Día / OK,Cliente Corporativo
FAC-2026-11009,Telefónica (Movistar),Telecom,02 - Febrero,2026-02-02,60,2026-04-03,11153.78,0,Al Día,Al Día / OK,Cliente Corporativo
FAC-2026-11010,Telefónica (Movistar),Telecom,02 - Febrero,2026-02-26,15,2026-03-13,9579.62,22,1-30 días,Atraso Preventivo,Cliente Corporativo
FAC-2026-11011,Millicom (Tigo),Telecom,02 - Febrero,2026-02-23,30,2026-03-25,36100.21,0,Al Día,Al Día / OK,Cliente Corporativo
FAC-2026-11012,Millicom (Tigo),Telecom,02 - Febrero,2026-02-19,60,2026-04-20,26226.1,17,1-30 días,Atraso Preventivo,Cliente Corporativo
FAC-2026-11013,Millicom (Tigo),Telecom,02 - Febrero,2026-02-03,30,2026-03-05,23231.49,36,31-60 días,Riesgo Moderado,Cliente Corporativo
FAC-2026-11014,Millicom (Tigo),Telecom,02 - Febrero,2026-02-24,45,2026-04-10,7013.59,74,61-90 días,Riesgo Alto,Cliente Corporativo
FAC-2026-11015,Millicom (Tigo),Telecom,02 - Febrero,2026-02-14,30,2026-03-16,42065.72,171,+90 días (Crítico),En Mora / Crítico,Cliente Corporativo
FAC-2026-11016,Millicom (Tigo),Telecom,02 - Febrero,2026-02-11,15,2026-02-26,37270.45,0,Al Día,Al Día / OK,Cliente Corporativo
FAC-2026-11017,Millicom (Tigo),Telecom,02 - Febrero,2026-02-01,30,2026-03-03,29069.07,48,31-60 días,Riesgo Moderado,Cliente Corporativo
FAC-2026-11018,Millicom (Tigo),Telecom,02 - Febrero,2026-02-21,30,2026-03-23,19487.73,15,1-30 días,Atraso Preventivo,Cliente Corporativo
FAC-2026-11019,Millicom (Tigo),Telecom,02 - Febrero,2026-02-06,30,2026-03-08,14983.91,0,Al Día,Al Día / OK,Cliente Corporativo
FAC-2026-11020,Millicom (Tigo),Telecom,02 - Febrero,2026-02-11,15,2026-02-26,32547.06,22,1-30 días,Atraso Preventivo,Cliente Corporativo
FAC-2026-11021,Millicom (Tigo),Telecom,02 - Febrero,2026-02-22,60,2026-04-23,1598.83,0,Al Día,Al Día / OK,Cliente Corporativo
FAC-2026-11022,Millicom (Tigo),Telecom,02 - Febrero,2026-02-04,30,2026-03-06,2240.68,0,Al Día,Al Día / OK,Cliente Corporativo
FAC-2026-11023,Millicom (Tigo),Telecom,02 - Febrero,2026-02-22,60,2026-04-23,7139.04,75,61-90 días,Riesgo Alto,Cliente Corporativo
FAC-2026-11024,Millicom (Tigo),Telecom,02 - Febrero,2026-02-03,30,2026-03-05,10660.12,0,Al Día,Al Día / OK,Cliente Corporativo
FAC-2026-11025,Millicom (Tigo),Telecom,02 - Febrero,2026-02-06,30,2026-03-08,14277.86,0,Al Día,Al Día / OK,Cliente Corporativo
FAC-2026-11026,Millicom (Tigo),Telecom,02 - Febrero,2026-02-17,30,2026-03-19,39620.14,78,61-90 días,Riesgo Alto,Cliente Corporativo
FAC-2026-11027,Millicom (Tigo),Telecom,02 - Febrero,2026-02-13,45,2026-03-30,30703.73,7,1-30 días,Atraso Preventivo,Cliente Corporativo
FAC-2026-11028,Millicom (Tigo),Telecom,02 - Febrero,2026-02-01,60,2026-04-02,14225.13,87,61-90 días,Riesgo Alto,Cliente Corporativo
FAC-2026-11029,Entel,Telecom,02 - Febrero,2026-02-23,15,2026-03-10,8562.93,0,Al Día,Al Día / OK,Cliente Corporativo
FAC-2026-11030,Entel,Telecom,02 - Febrero,2026-02-26,60,2026-04-27,26416.58,28,1-30 días,Atraso Preventivo,Cliente Corporativo
FAC-2026-11031,Entel,Telecom,02 - Febrero,2026-02-23,30,2026-03-25,50358.87,53,31-60 días,Riesgo Moderado,Cliente Corporativo
FAC-2026-11032,Entel,Telecom,02 - Febrero,2026-02-04,30,2026-03-06,8982.22,70,61-90 días,Riesgo Alto,Cliente Corporativo
FAC-2026-11033,Entel,Telecom,02 - Febrero,2026-02-26,45,2026-04-12,34940.85,170,+90 días (Crítico),En Mora / Crítico,Cliente Corporativo
FAC-2026-11034,Entel,Telecom,02 - Febrero,2026-02-09,30,2026-03-11,8923.38,7,1-30 días,Atraso Preventivo,Cliente Corporativo
FAC-2026-11035,Entel,Telecom,02 - Febrero,2026-02-09,30,2026-03-11,33952.68,27,1-30 días,Atraso Preventivo,Cliente Corporativo
FAC-2026-11036,Entel,Telecom,02 - Febrero,2026-02-23,60,2026-04-24,1440.11,29,1-30 días,Atraso Preventivo,Cliente Corporativo
FAC-2026-11037,Entel,Telecom,02 - Febrero,2026-02-09,15,2026-02-24,10730.78,0,Al Día,Al Día / OK,Cliente Corporativo
FAC-2026-11038,Entel,Telecom,02 - Febrero,2026-02-14,60,2026-04-15,3450.98,0,Al Día,Al Día / OK,Cliente Corporativo
FAC-2026-11039,Entel,Telecom,02 - Febrero,2026-02-17,45,2026-04-03,24032.54,0,Al Día,Al Día / OK,Cliente Corporativo
FAC-2026-11040,Entel,Telecom,02 - Febrero,2026-02-06,60,2026-04-07,4367.59,0,Al Día,Al Día / OK,Cliente Corporativo
FAC-2026-11041,Entel,Telecom,02 - Febrero,2026-02-01,30,2026-03-03,4461.96,0,Al Día,Al Día / OK,Cliente Corporativo
FAC-2026-11042,Entel,Telecom,02 - Febrero,2026-02-10,45,2026-03-27,9072.77,0,Al Día,Al Día / OK,Cliente Corporativo
FAC-2026-11043,Entel,Telecom,02 - Febrero,2026-02-28,45,2026-04-14,14382.39,0,Al Día,Al Día / OK,Cliente Corporativo
FAC-2026-11044,Entel,Telecom,02 - Febrero,2026-02-28,45,2026-04-14,2270.38,0,Al Día,Al Día / OK,Cliente Corporativo
FAC-2026-11045,Entel,Telecom,02 - Febrero,2026-02-22,45,2026-04-08,5662.01,0,Al Día,Al Día / OK,Cliente Corporativo
FAC-2026-11046,AT&T,Telecom,02 - Febrero,2026-02-28,60,2026-04-29,16826.33,0,Al Día,Al Día / OK,Cliente Corporativo
FAC-2026-11047,AT&T,Telecom,02 - Febrero,2026-02-09,45,2026-03-26,10464.3,5,1-30 días,Atraso Preventivo,Cliente Corporativo
FAC-2026-11048,AT&T,Telecom,02 - Febrero,2026-02-19,45,2026-04-05,9992.77,40,31-60 días,Riesgo Moderado,Cliente Corporativo
FAC-2026-11049,AT&T,Telecom,02 - Febrero,2026-02-10,15,2026-02-25,12593.96,89,61-90 días,Riesgo Alto,Cliente Corporativo
FAC-2026-11050,AT&T,Telecom,02 - Febrero,2026-02-19,15,2026-03-06,17469.51,91,+90 días (Crítico),En Mora / Crítico,Cliente Corporativo
FAC-2026-11051,AT&T,Telecom,02 - Febrero,2026-02-15,15,2026-03-02,3443.9,25,1-30 días,Atraso Preventivo,Cliente Corporativo
FAC-2026-11052,AT&T,Telecom,02 - Febrero,2026-02-07,60,2026-04-08,5357.81,107,+90 días (Crítico),En Mora / Crítico,Cliente Corporativo
FAC-2026-11053,AT&T,Telecom,02 - Febrero,2026-02-05,30,2026-03-07,27889.44,37,31-60 días,Riesgo Moderado,Cliente Corporativo
FAC-2026-11054,AT&T,Telecom,02 - Febrero,2026-02-07,15,2026-02-22,36247.32,21,1-30 días,Atraso Preventivo,Cliente Corporativo
FAC-2026-11055,AT&T,Telecom,02 - Febrero,2026-02-27,15,2026-03-14,40228.09,0,Al Día,Al Día / OK,Cliente Corporativo
FAC-2026-11056,AT&T,Telecom,02 - Febrero,2026-02-11,60,2026-04-12,1380.52,20,1-30 días,Atraso Preventivo,Cliente Corporativo
FAC-2026-11057,AT&T,Telecom,02 - Febrero,2026-02-28,15,2026-03-15,33754.92,0,Al Día,Al Día / OK,Cliente Corporativo
FAC-2026-11058,AT&T,Telecom,02 - Febrero,2026-02-25,30,2026-03-27,3652.72,49,31-60 días,Riesgo Moderado,Cliente Corporativo
FAC-2026-11059,AT&T,Telecom,02 - Febrero,2026-02-22,15,2026-03-09,14060.95,0,Al Día,Al Día / OK,Cliente Corporativo
FAC-2026-11060,AT&T,Telecom,02 - Febrero,2026-02-19,30,2026-03-21,13121.69,0,Al Día,Al Día / OK,Cliente Corporativo
FAC-2026-11061,AT&T,Telecom,02 - Febrero,2026-02-11,15,2026-02-26,19982.69,0,Al Día,Al Día / OK,Cliente Corporativo
FAC-2026-11062,AT&T,Telecom,02 - Febrero,2026-02-18,45,2026-04-04,5396.5,0,Al Día,Al Día / OK,Cliente Corporativo
FAC-2026-11063,AT&T,Telecom,02 - Febrero,2026-02-08,30,2026-03-10,4809.99,0,Al Día,Al Día / OK,Cliente Corporativo
FAC-2026-11064,AT&T,Telecom,02 - Febrero,2026-02-08,60,2026-04-09,20010.5,50,31-60 días,Riesgo Moderado,Cliente Corporativo
FAC-2026-11065,AT&T,Telecom,02 - Febrero,2026-02-13,30,2026-03-15,30516.51,0,Al Día,Al Día / OK,Cliente Corporativo
FAC-2026-11066,Liberty Latin America,Telecom,02 - Febrero,2026-02-15,60,2026-04-16,95449.66,0,Al Día,Al Día / OK,Cliente Corporativo
FAC-2026-11067,Liberty Latin America,Telecom,02 - Febrero,2026-02-27,30,2026-03-29,5477.67,7,1-30 días,Atraso Preventivo,Cliente Corporativo
FAC-2026-11068,Liberty Latin America,Telecom,02 - Febrero,2026-02-22,30,2026-03-24,2639.02,38,31-60 días,Riesgo Moderado,Cliente Corporativo
FAC-2026-11069,Liberty Latin America,Telecom,02 - Febrero,2026-02-04,45,2026-03-21,22024.66,88,61-90 días,Riesgo Alto,Cliente Corporativo
FAC-2026-11070,Liberty Latin America,Telecom,02 - Febrero,2026-02-26,45,2026-04-12,5427.6,120,+90 días (Crítico),En Mora / Crítico,Cliente Corporativo
FAC-2026-11071,Liberty Latin America,Telecom,02 - Febrero,2026-02-17,15,2026-03-04,30579.01,0,Al Día,Al Día / OK,Cliente Corporativo
FAC-2026-11072,Liberty Latin America,Telecom,02 - Febrero,2026-02-24,45,2026-04-10,16858.57,0,Al Día,Al Día / OK,Cliente Corporativo
FAC-2026-11073,Liberty Latin America,Telecom,02 - Febrero,2026-02-09,30,2026-03-11,14451.73,0,Al Día,Al Día / OK,Cliente Corporativo
FAC-2026-11074,Liberty Latin America,Telecom,02 - Febrero,2026-02-07,60,2026-04-08,3921.61,0,Al Día,Al Día / OK,Cliente Corporativo
FAC-2026-11075,Liberty Latin America,Telecom,02 - Febrero,2026-02-05,45,2026-03-22,20750.56,11,1-30 días,Atraso Preventivo,Cliente Corporativo
FAC-2026-11076,Liberty Latin America,Telecom,02 - Febrero,2026-02-28,30,2026-03-30,6576.91,21,1-30 días,Atraso Preventivo,Cliente Corporativo
FAC-2026-11077,Liberty Latin America,Telecom,02 - Febrero,2026-02-03,15,2026-02-18,35661.06,8,1-30 días,Atraso Preventivo,Cliente Corporativo
FAC-2026-11078,Liberty Latin America,Telecom,02 - Febrero,2026-02-21,30,2026-03-23,12761.48,16,1-30 días,Atraso Preventivo,Cliente Corporativo
FAC-2026-11079,Liberty Latin America,Telecom,02 - Febrero,2026-02-13,45,2026-03-30,5267.37,0,Al Día,Al Día / OK,Cliente Corporativo
FAC-2026-11080,Liberty Latin America,Telecom,02 - Febrero,2026-02-27,15,2026-03-14,5555.28,0,Al Día,Al Día / OK,Cliente Corporativo
FAC-2026-11081,Liberty Latin America,Telecom,02 - Febrero,2026-02-12,30,2026-03-14,4946.82,0,Al Día,Al Día / OK,Cliente Corporativo
FAC-2026-11082,Liberty Latin America,Telecom,02 - Febrero,2026-02-17,30,2026-03-19,11761.21,16,1-30 días,Atraso Preventivo,Cliente Corporativo
FAC-2026-11083,Liberty Latin America,Telecom,02 - Febrero,2026-02-23,30,2026-03-25,6912.84,77,61-90 días,Riesgo Alto,Cliente Corporativo
FAC-2026-11084,Telecom Argentina,Telecom,02 - Febrero,2026-02-06,15,2026-02-21,6405.75,0,Al Día,Al Día / OK,Cliente Corporativo
FAC-2026-11085,Telecom Argentina,Telecom,02 - Febrero,2026-02-06,45,2026-03-23,13537.0,5,1-30 días,Atraso Preventivo,Cliente Corporativo
FAC-2026-11086,Telecom Argentina,Telecom,02 - Febrero,2026-02-28,15,2026-03-15,6721.82,56,31-60 días,Riesgo Moderado,Cliente Corporativo
FAC-2026-11087,Telecom Argentina,Telecom,02 - Febrero,2026-02-27,60,2026-04-28,6418.21,67,61-90 días,Riesgo Alto,Cliente Corporativo
FAC-2026-11088,Telecom Argentina,Telecom,02 - Febrero,2026-02-07,15,2026-02-22,29083.93,169,+90 días (Crítico),En Mora / Crítico,Cliente Corporativo
FAC-2026-11089,Telecom Argentina,Telecom,02 - Febrero,2026-02-23,45,2026-04-09,2865.67,0,Al Día,Al Día / OK,Cliente Corporativo
FAC-2026-11090,Telecom Argentina,Telecom,02 - Febrero,2026-02-05,60,2026-04-06,11392.38,0,Al Día,Al Día / OK,Cliente Corporativo
FAC-2026-11091,Telecom Argentina,Telecom,02 - Febrero,2026-02-01,15,2026-02-16,1816.62,0,Al Día,Al Día / OK,Cliente Corporativo
FAC-2026-11092,Telecom Argentina,Telecom,02 - Febrero,2026-02-21,60,2026-04-22,15869.04,0,Al Día,Al Día / OK,Cliente Corporativo
FAC-2026-11093,Telecom Argentina,Telecom,02 - Febrero,2026-02-24,30,2026-03-26,11286.11,10,1-30 días,Atraso Preventivo,Cliente Corporativo
FAC-2026-11094,Telecom Argentina,Telecom,02 - Febrero,2026-02-14,45,2026-03-31,25188.12,0,Al Día,Al Día / OK,Cliente Corporativo
FAC-2026-11095,Telecom Argentina,Telecom,02 - Febrero,2026-02-07,60,2026-04-08,34743.01,22,1-30 días,Atraso Preventivo,Cliente Corporativo
FAC-2026-11096,Telecom Argentina,Telecom,02 - Febrero,2026-02-11,15,2026-02-26,2995.13,10,1-30 días,Atraso Preventivo,Cliente Corporativo
FAC-2026-11097,Telecom Argentina,Telecom,02 - Febrero,2026-02-20,60,2026-04-21,26023.01,0,Al Día,Al Día / OK,Cliente Corporativo
FAC-2026-11098,Telecom Argentina,Telecom,02 - Febrero,2026-02-10,45,2026-03-27,16440.18,125,+90 días (Crítico),En Mora / Crítico,Cliente Corporativo
FAC-2026-11099,Telecom Argentina,Telecom,02 - Febrero,2026-02-16,15,2026-03-03,59669.21,0,Al Día,Al Día / OK,Cliente Corporativo
FAC-2026-11100,Telecom Argentina,Telecom,02 - Febrero,2026-02-11,45,2026-03-28,16232.29,52,31-60 días,Riesgo Moderado,Cliente Corporativo
FAC-2026-11101,Telecom Argentina,Telecom,02 - Febrero,2026-02-28,60,2026-04-29,1485.63,0,Al Día,Al Día / OK,Cliente Corporativo
FAC-2026-11102,Telecom Argentina,Telecom,02 - Febrero,2026-02-14,60,2026-04-15,1914.89,8,1-30 días,Atraso Preventivo,Cliente Corporativo
FAC-2026-11103,Telecom Argentina,Telecom,02 - Febrero,2026-02-15,60,2026-04-16,51371.7,7,1-30 días,Atraso Preventivo,Cliente Corporativo
FAC-2026-11104,Banco Santander,Banca & Fintech,02 - Febrero,2026-02-05,15,2026-02-20,9735.6,0,Al Día,Al Día / OK,Cliente Corporativo
FAC-2026-11105,Banco Santander,Banca & Fintech,02 - Febrero,2026-02-19,15,2026-03-06,76308.04,8,1-30 días,Atraso Preventivo,Cliente Corporativo
FAC-2026-11106,Banco Santander,Banca & Fintech,02 - Febrero,2026-02-19,45,2026-04-05,21163.02,32,31-60 días,Riesgo Moderado,Cliente Corporativo
FAC-2026-11107,Banco Santander,Banca & Fintech,02 - Febrero,2026-02-11,15,2026-02-26,14984.35,80,61-90 días,Riesgo Alto,Cliente Corporativo
FAC-2026-11108,Banco Santander,Banca & Fintech,02 - Febrero,2026-02-23,60,2026-04-24,43852.68,101,+90 días (Crítico),En Mora / Crítico,Cliente Corporativo
FAC-2026-11109,Banco Santander,Banca & Fintech,02 - Febrero,2026-02-28,15,2026-03-15,98998.43,9,1-30 días,Atraso Preventivo,Cliente Corporativo
FAC-2026-11110,Banco Santander,Banca & Fintech,02 - Febrero,2026-02-12,30,2026-03-14,12330.29,21,1-30 días,Atraso Preventivo,Cliente Corporativo
FAC-2026-11111,Banco Santander,Banca & Fintech,02 - Febrero,2026-02-06,15,2026-02-21,54837.71,0,Al Día,Al Día / OK,Cliente Corporativo
FAC-2026-11112,Banco Santander,Banca & Fintech,02 - Febrero,2026-02-18,45,2026-04-04,3298.89,22,1-30 días,Atraso Preventivo,Cliente Corporativo
FAC-2026-11113,Banco Santander,Banca & Fintech,02 - Febrero,2026-02-11,15,2026-02-26,22332.69,27,1-30 días,Atraso Preventivo,Cliente Corporativo
FAC-2026-11114,Banco Santander,Banca & Fintech,02 - Febrero,2026-02-25,15,2026-03-12,15761.63,0,Al Día,Al Día / OK,Cliente Corporativo
FAC-2026-11115,Banco Santander,Banca & Fintech,02 - Febrero,2026-02-01,60,2026-04-02,4757.99,31,31-60 días,Riesgo Moderado,Cliente Corporativo
FAC-2026-11116,Banco Santander,Banca & Fintech,02 - Febrero,2026-02-12,30,2026-03-14,21034.19,0,Al Día,Al Día / OK,Cliente Corporativo
FAC-2026-11117,Banco Santander,Banca & Fintech,02 - Febrero,2026-02-14,30,2026-03-16,22015.89,0,Al Día,Al Día / OK,Cliente Corporativo
FAC-2026-11118,Banco Santander,Banca & Fintech,02 - Febrero,2026-02-01,45,2026-03-18,12078.58,0,Al Día,Al Día / OK,Cliente Corporativo
FAC-2026-11119,Banco Santander,Banca & Fintech,02 - Febrero,2026-02-08,30,2026-03-10,15019.15,10,1-30 días,Atraso Preventivo,Cliente Corporativo
FAC-2026-11120,Banco Santander,Banca & Fintech,02 - Febrero,2026-02-24,30,2026-03-26,4203.67,0,Al Día,Al Día / OK,Cliente Corporativo
FAC-2026-11121,Banco Santander,Banca & Fintech,02 - Febrero,2026-02-05,15,2026-02-20,46959.74,0,Al Día,Al Día / OK,Cliente Corporativo
FAC-2026-11122,Banco Santander,Banca & Fintech,02 - Febrero,2026-02-26,45,2026-04-12,17428.91,12,1-30 días,Atraso Preventivo,Cliente Corporativo
FAC-2026-11123,BBVA,Banca & Fintech,02 - Febrero,2026-02-20,60,2026-04-21,2601.5,0,Al Día,Al Día / OK,Cliente Corporativo
FAC-2026-11124,BBVA,Banca & Fintech,02 - Febrero,2026-02-26,30,2026-03-28,16436.9,21,1-30 días,Atraso Preventivo,Cliente Corporativo
FAC-2026-11125,BBVA,Banca & Fintech,02 - Febrero,2026-02-20,45,2026-04-06,20274.05,46,31-60 días,Riesgo Moderado,Cliente Corporativo
FAC-2026-11126,BBVA,Banca & Fintech,02 - Febrero,2026-02-11,45,2026-03-28,33304.02,76,61-90 días,Riesgo Alto,Cliente Corporativo
FAC-2026-11127,BBVA,Banca & Fintech,02 - Febrero,2026-02-15,60,2026-04-16,9031.35,138,+90 días (Crítico),En Mora / Crítico,Cliente Corporativo
FAC-2026-11128,BBVA,Banca & Fintech,02 - Febrero,2026-02-24,60,2026-04-25,5229.03,33,31-60 días,Riesgo Moderado,Cliente Corporativo
FAC-2026-11129,BBVA,Banca & Fintech,02 - Febrero,2026-02-05,30,2026-03-07,18568.81,27,1-30 días,Atraso Preventivo,Cliente Corporativo
FAC-2026-11130,BBVA,Banca & Fintech,02 - Febrero,2026-02-15,45,2026-04-01,8550.98,18,1-30 días,Atraso Preventivo,Cliente Corporativo
FAC-2026-11131,BBVA,Banca & Fintech,02 - Febrero,2026-02-07,15,2026-02-22,21118.25,139,+90 días (Crítico),En Mora / Crítico,Cliente Corporativo
FAC-2026-11132,BBVA,Banca & Fintech,02 - Febrero,2026-02-10,30,2026-03-12,15648.38,0,Al Día,Al Día / OK,Cliente Corporativo
FAC-2026-11133,BBVA,Banca & Fintech,02 - Febrero,2026-02-02,30,2026-03-04,4513.17,0,Al Día,Al Día / OK,Cliente Corporativo
FAC-2026-11134,BBVA,Banca & Fintech,02 - Febrero,2026-02-27,60,2026-04-28,52571.02,0,Al Día,Al Día / OK,Cliente Corporativo
FAC-2026-11135,BBVA,Banca & Fintech,02 - Febrero,2026-02-20,45,2026-04-06,66265.8,0,Al Día,Al Día / OK,Cliente Corporativo
FAC-2026-11136,BBVA,Banca & Fintech,02 - Febrero,2026-02-25,60,2026-04-26,1357.4,0,Al Día,Al Día / OK,Cliente Corporativo
FAC-2026-11137,BBVA,Banca & Fintech,02 - Febrero,2026-02-23,60,2026-04-24,19124.83,0,Al Día,Al Día / OK,Cliente Corporativo
FAC-2026-11138,BBVA,Banca & Fintech,02 - Febrero,2026-02-24,60,2026-04-25,9102.01,58,31-60 días,Riesgo Moderado,Cliente Corporativo
FAC-2026-11139,BBVA,Banca & Fintech,02 - Febrero,2026-02-13,60,2026-04-14,31000.9,116,+90 días (Crítico),En Mora / Crítico,Cliente Corporativo
FAC-2026-11140,BBVA,Banca & Fintech,02 - Febrero,2026-02-18,60,2026-04-19,78999.27,0,Al Día,Al Día / OK,Cliente Corporativo
FAC-2026-11141,BBVA,Banca & Fintech,02 - Febrero,2026-02-24,45,2026-04-10,33022.76,0,Al Día,Al Día / OK,Cliente Corporativo
FAC-2026-11142,Banco de Chile,Banca & Fintech,02 - Febrero,2026-02-11,60,2026-04-12,16864.67,0,Al Día,Al Día / OK,Cliente Corporativo
FAC-2026-11143,Banco de Chile,Banca & Fintech,02 - Febrero,2026-02-05,60,2026-04-06,25766.53,10,1-30 días,Atraso Preventivo,Cliente Corporativo
FAC-2026-11144,Banco de Chile,Banca & Fintech,02 - Febrero,2026-02-14,60,2026-04-15,1550.33,33,31-60 días,Riesgo Moderado,Cliente Corporativo
FAC-2026-11145,Banco de Chile,Banca & Fintech,02 - Febrero,2026-02-28,30,2026-03-30,2873.67,83,61-90 días,Riesgo Alto,Cliente Corporativo
FAC-2026-11146,Banco de Chile,Banca & Fintech,02 - Febrero,2026-02-23,45,2026-04-09,21594.73,147,+90 días (Crítico),En Mora / Crítico,Cliente Corporativo
FAC-2026-11147,Banco de Chile,Banca & Fintech,02 - Febrero,2026-02-24,30,2026-03-26,24438.11,0,Al Día,Al Día / OK,Cliente Corporativo
FAC-2026-11148,Banco de Chile,Banca & Fintech,02 - Febrero,2026-02-16,30,2026-03-18,20842.4,12,1-30 días,Atraso Preventivo,Cliente Corporativo
FAC-2026-11149,Banco de Chile,Banca & Fintech,02 - Febrero,2026-02-10,45,2026-03-27,3631.49,0,Al Día,Al Día / OK,Cliente Corporativo
FAC-2026-11150,Banco de Chile,Banca & Fintech,02 - Febrero,2026-02-13,15,2026-02-28,9558.61,12,1-30 días,Atraso Preventivo,Cliente Corporativo
FAC-2026-11151,Banco de Chile,Banca & Fintech,02 - Febrero,2026-02-27,15,2026-03-14,25561.32,0,Al Día,Al Día / OK,Cliente Corporativo
FAC-2026-11152,Banco de Chile,Banca & Fintech,02 - Febrero,2026-02-12,60,2026-04-13,3439.98,11,1-30 días,Atraso Preventivo,Cliente Corporativo
FAC-2026-11153,Banco de Chile,Banca & Fintech,02 - Febrero,2026-02-16,30,2026-03-18,22783.56,0,Al Día,Al Día / OK,Cliente Corporativo
FAC-2026-11154,Banco de Chile,Banca & Fintech,02 - Febrero,2026-02-27,15,2026-03-14,43250.18,0,Al Día,Al Día / OK,Cliente Corporativo
FAC-2026-11155,Banco de Chile,Banca & Fintech,02 - Febrero,2026-02-13,15,2026-02-28,16296.58,36,31-60 días,Riesgo Moderado,Cliente Corporativo
FAC-2026-11156,Banco de Chile,Banca & Fintech,02 - Febrero,2026-02-25,60,2026-04-26,19828.56,0,Al Día,Al Día / OK,Cliente Corporativo
FAC-2026-11157,Banco de Chile,Banca & Fintech,02 - Febrero,2026-02-04,60,2026-04-05,25558.62,29,1-30 días,Atraso Preventivo,Cliente Corporativo
FAC-2026-11158,Banco de Chile,Banca & Fintech,02 - Febrero,2026-02-27,30,2026-03-29,35921.61,0,Al Día,Al Día / OK,Cliente Corporativo
FAC-2026-11159,Bancolombia,Banca & Fintech,02 - Febrero,2026-02-21,30,2026-03-23,32314.98,0,Al Día,Al Día / OK,Cliente Corporativo
FAC-2026-11160,Bancolombia,Banca & Fintech,02 - Febrero,2026-02-03,15,2026-02-18,29452.64,26,1-30 días,Atraso Preventivo,Cliente Corporativo
FAC-2026-11161,Bancolombia,Banca & Fintech,02 - Febrero,2026-02-22,60,2026-04-23,15251.54,59,31-60 días,Riesgo Moderado,Cliente Corporativo
FAC-2026-11162,Bancolombia,Banca & Fintech,02 - Febrero,2026-02-23,60,2026-04-24,3969.1,90,61-90 días,Riesgo Alto,Cliente Corporativo
FAC-2026-11163,Bancolombia,Banca & Fintech,02 - Febrero,2026-02-14,60,2026-04-15,8826.44,100,+90 días (Crítico),En Mora / Crítico,Cliente Corporativo
FAC-2026-11164,Bancolombia,Banca & Fintech,02 - Febrero,2026-02-12,15,2026-02-27,4665.38,9,1-30 días,Atraso Preventivo,Cliente Corporativo
FAC-2026-11165,Bancolombia,Banca & Fintech,02 - Febrero,2026-02-25,45,2026-04-11,5630.99,0,Al Día,Al Día / OK,Cliente Corporativo
FAC-2026-11166,Bancolombia,Banca & Fintech,02 - Febrero,2026-02-26,60,2026-04-27,6699.06,0,Al Día,Al Día / OK,Cliente Corporativo
FAC-2026-11167,Bancolombia,Banca & Fintech,02 - Febrero,2026-02-13,15,2026-02-28,2189.99,48,31-60 días,Riesgo Moderado,Cliente Corporativo
FAC-2026-11168,Bancolombia,Banca & Fintech,02 - Febrero,2026-02-20,15,2026-03-07,6750.99,0,Al Día,Al Día / OK,Cliente Corporativo
FAC-2026-11169,Bancolombia,Banca & Fintech,02 - Febrero,2026-02-01,45,2026-03-18,7465.22,0,Al Día,Al Día / OK,Cliente Corporativo
FAC-2026-11170,Bancolombia,Banca & Fintech,02 - Febrero,2026-02-08,30,2026-03-10,7401.9,83,61-90 días,Riesgo Alto,Cliente Corporativo
FAC-2026-11171,Bancolombia,Banca & Fintech,02 - Febrero,2026-02-08,45,2026-03-25,44232.62,0,Al Día,Al Día / OK,Cliente Corporativo
FAC-2026-11172,Bancolombia,Banca & Fintech,02 - Febrero,2026-02-07,15,2026-02-22,26931.32,0,Al Día,Al Día / OK,Cliente Corporativo
FAC-2026-11173,Bancolombia,Banca & Fintech,02 - Febrero,2026-02-16,45,2026-04-02,11317.67,0,Al Día,Al Día / OK,Cliente Corporativo
FAC-2026-11174,Itaú Unibanco,Banca & Fintech,02 - Febrero,2026-02-17,30,2026-03-19,120000.0,0,Al Día,Al Día / OK,Cliente Corporativo
FAC-2026-11175,Itaú Unibanco,Banca & Fintech,02 - Febrero,2026-02-18,15,2026-03-05,29622.65,18,1-30 días,Atraso Preventivo,Cliente Corporativo
FAC-2026-11176,Itaú Unibanco,Banca & Fintech,02 - Febrero,2026-02-13,45,2026-03-30,24527.92,51,31-60 días,Riesgo Moderado,Cliente Corporativo
FAC-2026-11177,Itaú Unibanco,Banca & Fintech,02 - Febrero,2026-02-16,45,2026-04-02,12932.57,77,61-90 días,Riesgo Alto,Cliente Corporativo
FAC-2026-11178,Itaú Unibanco,Banca & Fintech,02 - Febrero,2026-02-20,45,2026-04-06,11607.72,163,+90 días (Crítico),En Mora / Crítico,Cliente Corporativo
FAC-2026-11179,Itaú Unibanco,Banca & Fintech,02 - Febrero,2026-02-21,45,2026-04-07,35709.6,5,1-30 días,Atraso Preventivo,Cliente Corporativo
FAC-2026-11180,Itaú Unibanco,Banca & Fintech,02 - Febrero,2026-02-09,30,2026-03-11,1655.2,134,+90 días (Crítico),En Mora / Crítico,Cliente Corporativo
FAC-2026-11181,Itaú Unibanco,Banca & Fintech,02 - Febrero,2026-02-02,60,2026-04-03,2115.97,0,Al Día,Al Día / OK,Cliente Corporativo
FAC-2026-11182,Itaú Unibanco,Banca & Fintech,02 - Febrero,2026-02-01,15,2026-02-16,18071.56,0,Al Día,Al Día / OK,Cliente Corporativo
FAC-2026-11183,Itaú Unibanco,Banca & Fintech,02 - Febrero,2026-02-08,45,2026-03-25,9797.43,0,Al Día,Al Día / OK,Cliente Corporativo
FAC-2026-11184,Itaú Unibanco,Banca & Fintech,02 - Febrero,2026-02-08,30,2026-03-10,26208.8,0,Al Día,Al Día / OK,Cliente Corporativo
FAC-2026-11185,Itaú Unibanco,Banca & Fintech,02 - Febrero,2026-02-11,45,2026-03-28,21563.77,30,1-30 días,Atraso Preventivo,Cliente Corporativo
FAC-2026-11186,Itaú Unibanco,Banca & Fintech,02 - Febrero,2026-02-21,60,2026-04-22,9399.47,66,61-90 días,Riesgo Alto,Cliente Corporativo
FAC-2026-11187,Itaú Unibanco,Banca & Fintech,02 - Febrero,2026-02-06,15,2026-02-21,14589.91,23,1-30 días,Atraso Preventivo,Cliente Corporativo
FAC-2026-11188,Itaú Unibanco,Banca & Fintech,02 - Febrero,2026-02-09,15,2026-02-24,8818.46,0,Al Día,Al Día / OK,Cliente Corporativo
FAC-2026-11189,Itaú Unibanco,Banca & Fintech,02 - Febrero,2026-02-17,15,2026-03-04,1962.93,153,+90 días (Crítico),En Mora / Crítico,Cliente Corporativo
FAC-2026-11190,Nubank,Banca & Fintech,02 - Febrero,2026-02-07,60,2026-04-08,16052.71,0,Al Día,Al Día / OK,Cliente Corporativo
FAC-2026-11191,Nubank,Banca & Fintech,02 - Febrero,2026-02-06,45,2026-03-23,7613.05,28,1-30 días,Atraso Preventivo,Cliente Corporativo
FAC-2026-11192,Nubank,Banca & Fintech,02 - Febrero,2026-02-02,30,2026-03-04,16145.76,53,31-60 días,Riesgo Moderado,Cliente Corporativo
FAC-2026-11193,Nubank,Banca & Fintech,02 - Febrero,2026-02-20,60,2026-04-21,6699.82,82,61-90 días,Riesgo Alto,Cliente Corporativo
FAC-2026-11194,Nubank,Banca & Fintech,02 - Febrero,2026-02-11,60,2026-04-12,11229.7,148,+90 días (Crítico),En Mora / Crítico,Cliente Corporativo
FAC-2026-11195,Nubank,Banca & Fintech,02 - Febrero,2026-02-17,15,2026-03-04,11497.29,0,Al Día,Al Día / OK,Cliente Corporativo
FAC-2026-11196,Nubank,Banca & Fintech,02 - Febrero,2026-02-19,30,2026-03-21,3962.08,0,Al Día,Al Día / OK,Cliente Corporativo
FAC-2026-11197,Nubank,Banca & Fintech,02 - Febrero,2026-02-24,45,2026-04-10,8771.88,40,31-60 días,Riesgo Moderado,Cliente Corporativo
FAC-2026-11198,Nubank,Banca & Fintech,02 - Febrero,2026-02-08,15,2026-02-23,51542.81,68,61-90 días,Riesgo Alto,Cliente Corporativo
FAC-2026-11199,Nubank,Banca & Fintech,02 - Febrero,2026-02-18,60,2026-04-19,4443.34,0,Al Día,Al Día / OK,Cliente Corporativo
FAC-2026-11200,Nubank,Banca & Fintech,02 - Febrero,2026-02-15,60,2026-04-16,8718.19,28,1-30 días,Atraso Preventivo,Cliente Corporativo
FAC-2026-11201,Nubank,Banca & Fintech,02 - Febrero,2026-02-13,15,2026-02-28,6298.26,33,31-60 días,Riesgo Moderado,Cliente Corporativo
FAC-2026-11202,Nubank,Banca & Fintech,02 - Febrero,2026-02-22,30,2026-03-24,26433.98,50,31-60 días,Riesgo Moderado,Cliente Corporativo
FAC-2026-11203,Nubank,Banca & Fintech,02 - Febrero,2026-02-10,45,2026-03-27,3394.89,35,31-60 días,Riesgo Moderado,Cliente Corporativo
FAC-2026-11204,Banco Galicia,Banca & Fintech,02 - Febrero,2026-02-27,60,2026-04-28,26034.91,0,Al Día,Al Día / OK,Cliente Corporativo
FAC-2026-11205,Banco Galicia,Banca & Fintech,02 - Febrero,2026-02-03,60,2026-04-04,18927.64,13,1-30 días,Atraso Preventivo,Cliente Corporativo
FAC-2026-11206,Banco Galicia,Banca & Fintech,02 - Febrero,2026-02-26,45,2026-04-12,32521.8,32,31-60 días,Riesgo Moderado,Cliente Corporativo
FAC-2026-11207,Banco Galicia,Banca & Fintech,02 - Febrero,2026-02-18,60,2026-04-19,39881.18,72,61-90 días,Riesgo Alto,Cliente Corporativo
FAC-2026-11208,Banco Galicia,Banca & Fintech,02 - Febrero,2026-02-23,60,2026-04-24,3311.72,145,+90 días (Crítico),En Mora / Crítico,Cliente Corporativo
FAC-2026-11209,Banco Galicia,Banca & Fintech,02 - Febrero,2026-02-25,30,2026-03-27,8736.85,0,Al Día,Al Día / OK,Cliente Corporativo
FAC-2026-11210,Banco Galicia,Banca & Fintech,02 - Febrero,2026-02-25,60,2026-04-26,4626.58,52,31-60 días,Riesgo Moderado,Cliente Corporativo
FAC-2026-11211,Banco Galicia,Banca & Fintech,02 - Febrero,2026-02-01,60,2026-04-02,13419.99,0,Al Día,Al Día / OK,Cliente Corporativo
FAC-2026-11212,Banco Galicia,Banca & Fintech,02 - Febrero,2026-02-26,30,2026-03-28,19205.75,18,1-30 días,Atraso Preventivo,Cliente Corporativo
FAC-2026-11213,Banco Galicia,Banca & Fintech,02 - Febrero,2026-02-24,15,2026-03-11,9096.76,0,Al Día,Al Día / OK,Cliente Corporativo
FAC-2026-11214,Banco Galicia,Banca & Fintech,02 - Febrero,2026-02-11,60,2026-04-12,1475.28,0,Al Día,Al Día / OK,Cliente Corporativo
FAC-2026-11215,Banco Galicia,Banca & Fintech,02 - Febrero,2026-02-27,30,2026-03-29,38346.98,0,Al Día,Al Día / OK,Cliente Corporativo
FAC-2026-11216,Banco Galicia,Banca & Fintech,02 - Febrero,2026-02-08,45,2026-03-25,10380.43,12,1-30 días,Atraso Preventivo,Cliente Corporativo
FAC-2026-11217,Banco Galicia,Banca & Fintech,02 - Febrero,2026-02-25,60,2026-04-26,32733.7,0,Al Día,Al Día / OK,Cliente Corporativo
FAC-2026-11218,Banco Galicia,Banca & Fintech,02 - Febrero,2026-02-05,30,2026-03-07,9276.57,27,1-30 días,Atraso Preventivo,Cliente Corporativo
FAC-2026-11219,Banco Galicia,Banca & Fintech,02 - Febrero,2026-02-27,15,2026-03-14,2452.82,9,1-30 días,Atraso Preventivo,Cliente Corporativo
FAC-2026-11220,Banco Galicia,Banca & Fintech,02 - Febrero,2026-02-16,30,2026-03-18,20550.81,23,1-30 días,Atraso Preventivo,Cliente Corporativo
FAC-2026-11221,Banco Galicia,Banca & Fintech,02 - Febrero,2026-02-28,60,2026-04-29,4608.75,0,Al Día,Al Día / OK,Cliente Corporativo
FAC-2026-11222,Banorte,Banca & Fintech,02 - Febrero,2026-02-27,60,2026-04-28,7123.76,0,Al Día,Al Día / OK,Cliente Corporativo
FAC-2026-11223,Banorte,Banca & Fintech,02 - Febrero,2026-02-22,60,2026-04-23,26744.75,30,1-30 días,Atraso Preventivo,Cliente Corporativo
FAC-2026-11224,Banorte,Banca & Fintech,02 - Febrero,2026-02-07,45,2026-03-24,10528.58,56,31-60 días,Riesgo Moderado,Cliente Corporativo
FAC-2026-11225,Banorte,Banca & Fintech,02 - Febrero,2026-02-15,30,2026-03-17,3467.37,83,61-90 días,Riesgo Alto,Cliente Corporativo
FAC-2026-11226,Banorte,Banca & Fintech,02 - Febrero,2026-02-25,60,2026-04-26,11297.73,91,+90 días (Crítico),En Mora / Crítico,Cliente Corporativo
FAC-2026-11227,Banorte,Banca & Fintech,02 - Febrero,2026-02-05,45,2026-03-22,16713.8,29,1-30 días,Atraso Preventivo,Cliente Corporativo
FAC-2026-11228,Banorte,Banca & Fintech,02 - Febrero,2026-02-22,30,2026-03-24,2631.35,47,31-60 días,Riesgo Moderado,Cliente Corporativo
FAC-2026-11229,Banorte,Banca & Fintech,02 - Febrero,2026-02-03,15,2026-02-18,2157.15,19,1-30 días,Atraso Preventivo,Cliente Corporativo
FAC-2026-11230,Banorte,Banca & Fintech,02 - Febrero,2026-02-22,30,2026-03-24,33588.01,0,Al Día,Al Día / OK,Cliente Corporativo
FAC-2026-11231,Banorte,Banca & Fintech,02 - Febrero,2026-02-16,30,2026-03-18,5700.91,33,31-60 días,Riesgo Moderado,Cliente Corporativo
FAC-2026-11232,Banorte,Banca & Fintech,02 - Febrero,2026-02-15,60,2026-04-16,27029.92,52,31-60 días,Riesgo Moderado,Cliente Corporativo
FAC-2026-11233,Banorte,Banca & Fintech,02 - Febrero,2026-02-13,15,2026-02-28,5312.39,0,Al Día,Al Día / OK,Cliente Corporativo
FAC-2026-11234,Banorte,Banca & Fintech,02 - Febrero,2026-02-28,30,2026-03-30,21928.63,30,1-30 días,Atraso Preventivo,Cliente Corporativo
FAC-2026-11235,Banorte,Banca & Fintech,02 - Febrero,2026-02-25,30,2026-03-27,12818.88,0,Al Día,Al Día / OK,Cliente Corporativo
FAC-2026-11236,Banorte,Banca & Fintech,02 - Febrero,2026-02-20,30,2026-03-22,20429.49,0,Al Día,Al Día / OK,Cliente Corporativo
FAC-2026-11237,Banorte,Banca & Fintech,02 - Febrero,2026-02-18,60,2026-04-19,34741.96,18,1-30 días,Atraso Preventivo,Cliente Corporativo
FAC-2026-11238,Banorte,Banca & Fintech,02 - Febrero,2026-02-07,60,2026-04-08,14125.0,0,Al Día,Al Día / OK,Cliente Corporativo
FAC-2026-11239,Banorte,Banca & Fintech,02 - Febrero,2026-02-11,45,2026-03-28,20006.3,21,1-30 días,Atraso Preventivo,Cliente Corporativo
FAC-2026-11240,Banorte,Banca & Fintech,02 - Febrero,2026-02-20,60,2026-04-21,33485.25,30,1-30 días,Atraso Preventivo,Cliente Corporativo
FAC-2026-11241,Banorte,Banca & Fintech,02 - Febrero,2026-02-08,60,2026-04-09,42513.89,21,1-30 días,Atraso Preventivo,Cliente Corporativo
FAC-2026-11242,Cemex,Industrial,02 - Febrero,2026-02-18,15,2026-03-05,10895.11,0,Al Día,Al Día / OK,Cliente Corporativo
FAC-2026-11243,Cemex,Industrial,02 - Febrero,2026-02-04,15,2026-02-19,19523.45,10,1-30 días,Atraso Preventivo,Cliente Corporativo
FAC-2026-11244,Cemex,Industrial,02 - Febrero,2026-02-14,15,2026-03-01,5413.07,46,31-60 días,Riesgo Moderado,Cliente Corporativo
FAC-2026-11245,Cemex,Industrial,02 - Febrero,2026-02-04,60,2026-04-05,1973.42,87,61-90 días,Riesgo Alto,Cliente Corporativo
FAC-2026-11246,Cemex,Industrial,02 - Febrero,2026-02-16,30,2026-03-18,10193.11,94,+90 días (Crítico),En Mora / Crítico,Cliente Corporativo
FAC-2026-11247,Cemex,Industrial,02 - Febrero,2026-02-13,30,2026-03-15,8081.01,26,1-30 días,Atraso Preventivo,Cliente Corporativo
FAC-2026-11248,Cemex,Industrial,02 - Febrero,2026-02-15,45,2026-04-01,7958.89,0,Al Día,Al Día / OK,Cliente Corporativo
FAC-2026-11249,Cemex,Industrial,02 - Febrero,2026-02-02,60,2026-04-03,12445.78,0,Al Día,Al Día / OK,Cliente Corporativo
FAC-2026-11250,Cemex,Industrial,02 - Febrero,2026-02-07,30,2026-03-09,7256.13,0,Al Día,Al Día / OK,Cliente Corporativo
FAC-2026-11251,Cemex,Industrial,02 - Febrero,2026-02-10,30,2026-03-12,21566.28,0,Al Día,Al Día / OK,Cliente Corporativo
FAC-2026-11252,Cemex,Industrial,02 - Febrero,2026-02-07,60,2026-04-08,41528.98,0,Al Día,Al Día / OK,Cliente Corporativo
FAC-2026-11253,Cemex,Industrial,02 - Febrero,2026-02-23,15,2026-03-10,52819.96,0,Al Día,Al Día / OK,Cliente Corporativo
FAC-2026-11254,Cemex,Industrial,02 - Febrero,2026-02-14,60,2026-04-15,45584.74,0,Al Día,Al Día / OK,Cliente Corporativo
FAC-2026-11255,Cemex,Industrial,02 - Febrero,2026-02-10,30,2026-03-12,15472.28,0,Al Día,Al Día / OK,Cliente Corporativo
FAC-2026-11256,Cemex,Industrial,02 - Febrero,2026-02-09,15,2026-02-24,8280.4,36,31-60 días,Riesgo Moderado,Cliente Corporativo
FAC-2026-11257,Cemex,Industrial,02 - Febrero,2026-02-27,45,2026-04-13,1315.19,0,Al Día,Al Día / OK,Cliente Corporativo
FAC-2026-11258,Grupo Bimbo,Industrial,02 - Febrero,2026-02-17,60,2026-04-18,55483.8,0,Al Día,Al Día / OK,Cliente Corporativo
FAC-2026-11259,Grupo Bimbo,Industrial,02 - Febrero,2026-02-04,15,2026-02-19,5289.52,13,1-30 días,Atraso Preventivo,Cliente Corporativo
FAC-2026-11260,Grupo Bimbo,Industrial,02 - Febrero,2026-02-22,60,2026-04-23,10793.49,36,31-60 días,Riesgo Moderado,Cliente Corporativo
FAC-2026-11261,Grupo Bimbo,Industrial,02 - Febrero,2026-02-01,60,2026-04-02,25967.71,82,61-90 días,Riesgo Alto,Cliente Corporativo
FAC-2026-11262,Grupo Bimbo,Industrial,02 - Febrero,2026-02-11,15,2026-02-26,98169.46,93,+90 días (Crítico),En Mora / Crítico,Cliente Corporativo
FAC-2026-11263,Grupo Bimbo,Industrial,02 - Febrero,2026-02-23,30,2026-03-25,7736.04,21,1-30 días,Atraso Preventivo,Cliente Corporativo
FAC-2026-11264,Grupo Bimbo,Industrial,02 - Febrero,2026-02-09,45,2026-03-26,40465.63,0,Al Día,Al Día / OK,Cliente Corporativo
FAC-2026-11265,Grupo Bimbo,Industrial,02 - Febrero,2026-02-05,45,2026-03-22,45987.9,0,Al Día,Al Día / OK,Cliente Corporativo
FAC-2026-11266,Grupo Bimbo,Industrial,02 - Febrero,2026-02-25,60,2026-04-26,16200.75,0,Al Día,Al Día / OK,Cliente Corporativo
FAC-2026-11267,Grupo Bimbo,Industrial,02 - Febrero,2026-02-15,15,2026-03-02,2781.81,14,1-30 días,Atraso Preventivo,Cliente Corporativo
FAC-2026-11268,Grupo Bimbo,Industrial,02 - Febrero,2026-02-26,30,2026-03-28,1501.17,0,Al Día,Al Día / OK,Cliente Corporativo
FAC-2026-11269,Grupo Bimbo,Industrial,02 - Febrero,2026-02-14,45,2026-03-31,2638.51,6,1-30 días,Atraso Preventivo,Cliente Corporativo
FAC-2026-11270,Grupo Bimbo,Industrial,02 - Febrero,2026-02-11,45,2026-03-28,67378.43,52,31-60 días,Riesgo Moderado,Cliente Corporativo
FAC-2026-11271,Grupo Bimbo,Industrial,02 - Febrero,2026-02-23,15,2026-03-10,37705.09,0,Al Día,Al Día / OK,Cliente Corporativo
FAC-2026-11272,Grupo Bimbo,Industrial,02 - Febrero,2026-02-12,15,2026-02-27,2135.08,0,Al Día,Al Día / OK,Cliente Corporativo
FAC-2026-11273,Grupo Bimbo,Industrial,02 - Febrero,2026-02-11,60,2026-04-12,36329.02,22,1-30 días,Atraso Preventivo,Cliente Corporativo
FAC-2026-11274,Ternium,Industrial,02 - Febrero,2026-02-27,30,2026-03-29,48425.93,0,Al Día,Al Día / OK,Cliente Corporativo
FAC-2026-11275,Ternium,Industrial,02 - Febrero,2026-02-25,60,2026-04-26,7354.51,15,1-30 días,Atraso Preventivo,Cliente Corporativo
FAC-2026-11276,Ternium,Industrial,02 - Febrero,2026-02-16,30,2026-03-18,8743.74,42,31-60 días,Riesgo Moderado,Cliente Corporativo
FAC-2026-11277,Ternium,Industrial,02 - Febrero,2026-02-04,45,2026-03-21,14071.17,82,61-90 días,Riesgo Alto,Cliente Corporativo
FAC-2026-11278,Ternium,Industrial,02 - Febrero,2026-02-27,45,2026-04-13,14858.01,117,+90 días (Crítico),En Mora / Crítico,Cliente Corporativo
FAC-2026-11279,Ternium,Industrial,02 - Febrero,2026-02-07,45,2026-03-24,15567.88,0,Al Día,Al Día / OK,Cliente Corporativo
FAC-2026-11280,Ternium,Industrial,02 - Febrero,2026-02-08,60,2026-04-09,33347.24,0,Al Día,Al Día / OK,Cliente Corporativo
FAC-2026-11281,Ternium,Industrial,02 - Febrero,2026-02-17,45,2026-04-03,5813.14,0,Al Día,Al Día / OK,Cliente Corporativo
FAC-2026-11282,Ternium,Industrial,02 - Febrero,2026-02-21,60,2026-04-22,5065.33,76,61-90 días,Riesgo Alto,Cliente Corporativo
FAC-2026-11283,Ternium,Industrial,02 - Febrero,2026-02-22,15,2026-03-09,2769.97,9,1-30 días,Atraso Preventivo,Cliente Corporativo
FAC-2026-11284,Ternium,Industrial,02 - Febrero,2026-02-16,30,2026-03-18,38011.96,17,1-30 días,Atraso Preventivo,Cliente Corporativo
FAC-2026-11285,Ternium,Industrial,02 - Febrero,2026-02-05,15,2026-02-20,10232.76,0,Al Día,Al Día / OK,Cliente Corporativo
FAC-2026-11286,Ternium,Industrial,02 - Febrero,2026-02-14,60,2026-04-15,16475.2,0,Al Día,Al Día / OK,Cliente Corporativo
FAC-2026-11287,Ternium,Industrial,02 - Febrero,2026-02-05,45,2026-03-22,4109.45,59,31-60 días,Riesgo Moderado,Cliente Corporativo
FAC-2026-11288,Ternium,Industrial,02 - Febrero,2026-02-06,45,2026-03-23,10650.33,0,Al Día,Al Día / OK,Cliente Corporativo
FAC-2026-11289,Ternium,Industrial,02 - Febrero,2026-02-16,30,2026-03-18,1835.19,0,Al Día,Al Día / OK,Cliente Corporativo
FAC-2026-11290,Ternium,Industrial,02 - Febrero,2026-02-13,45,2026-03-30,6294.95,17,1-30 días,Atraso Preventivo,Cliente Corporativo
FAC-2026-11291,Ternium,Industrial,02 - Febrero,2026-02-22,15,2026-03-09,8606.09,0,Al Día,Al Día / OK,Cliente Corporativo
FAC-2026-11292,Ternium,Industrial,02 - Febrero,2026-02-15,60,2026-04-16,3320.62,0,Al Día,Al Día / OK,Cliente Corporativo
FAC-2026-11293,Ternium,Industrial,02 - Febrero,2026-02-06,30,2026-03-08,32683.29,45,31-60 días,Riesgo Moderado,Cliente Corporativo
FAC-2026-11294,Arcor,Industrial,02 - Febrero,2026-02-09,60,2026-04-10,29328.23,0,Al Día,Al Día / OK,Cliente Corporativo
FAC-2026-11295,Arcor,Industrial,02 - Febrero,2026-02-18,15,2026-03-05,18591.77,24,1-30 días,Atraso Preventivo,Cliente Corporativo
FAC-2026-11296,Arcor,Industrial,02 - Febrero,2026-02-11,15,2026-02-26,19300.34,52,31-60 días,Riesgo Moderado,Cliente Corporativo
FAC-2026-11297,Arcor,Industrial,02 - Febrero,2026-02-12,30,2026-03-14,79961.09,73,61-90 días,Riesgo Alto,Cliente Corporativo
FAC-2026-11298,Arcor,Industrial,02 - Febrero,2026-02-10,45,2026-03-27,3495.96,97,+90 días (Crítico),En Mora / Crítico,Cliente Corporativo
FAC-2026-11299,Arcor,Industrial,02 - Febrero,2026-02-03,15,2026-02-18,19485.12,0,Al Día,Al Día / OK,Cliente Corporativo
FAC-2026-11300,Arcor,Industrial,02 - Febrero,2026-02-21,60,2026-04-22,11844.99,24,1-30 días,Atraso Preventivo,Cliente Corporativo
FAC-2026-11301,Arcor,Industrial,02 - Febrero,2026-02-02,60,2026-04-03,19834.44,20,1-30 días,Atraso Preventivo,Cliente Corporativo
FAC-2026-11302,Arcor,Industrial,02 - Febrero,2026-02-07,15,2026-02-22,7086.54,0,Al Día,Al Día / OK,Cliente Corporativo
FAC-2026-11303,Arcor,Industrial,02 - Febrero,2026-02-11,45,2026-03-28,17837.46,0,Al Día,Al Día / OK,Cliente Corporativo
FAC-2026-11304,Arcor,Industrial,02 - Febrero,2026-02-15,30,2026-03-17,12660.1,0,Al Día,Al Día / OK,Cliente Corporativo
FAC-2026-11305,Arcor,Industrial,02 - Febrero,2026-02-11,60,2026-04-12,20204.76,0,Al Día,Al Día / OK,Cliente Corporativo
FAC-2026-11306,Arcor,Industrial,02 - Febrero,2026-02-21,30,2026-03-23,37319.79,14,1-30 días,Atraso Preventivo,Cliente Corporativo
FAC-2026-11307,Arcor,Industrial,02 - Febrero,2026-02-12,45,2026-03-29,70868.57,0,Al Día,Al Día / OK,Cliente Corporativo
FAC-2026-11308,Alpek,Industrial,02 - Febrero,2026-02-11,45,2026-03-28,31525.29,0,Al Día,Al Día / OK,Cliente Corporativo
FAC-2026-11309,Alpek,Industrial,02 - Febrero,2026-02-12,45,2026-03-29,36754.93,14,1-30 días,Atraso Preventivo,Cliente Corporativo
FAC-2026-11310,Alpek,Industrial,02 - Febrero,2026-02-22,30,2026-03-24,19858.08,47,31-60 días,Riesgo Moderado,Cliente Corporativo
FAC-2026-11311,Alpek,Industrial,02 - Febrero,2026-02-28,30,2026-03-30,9099.64,90,61-90 días,Riesgo Alto,Cliente Corporativo
FAC-2026-11312,Alpek,Industrial,02 - Febrero,2026-02-28,15,2026-03-15,20360.9,100,+90 días (Crítico),En Mora / Crítico,Cliente Corporativo
FAC-2026-11313,Alpek,Industrial,02 - Febrero,2026-02-01,15,2026-02-16,5642.65,26,1-30 días,Atraso Preventivo,Cliente Corporativo
FAC-2026-11314,Alpek,Industrial,02 - Febrero,2026-02-05,30,2026-03-07,17965.14,0,Al Día,Al Día / OK,Cliente Corporativo
FAC-2026-11315,Alpek,Industrial,02 - Febrero,2026-02-20,30,2026-03-22,25046.9,0,Al Día,Al Día / OK,Cliente Corporativo
FAC-2026-11316,Alpek,Industrial,02 - Febrero,2026-02-02,60,2026-04-03,48775.79,0,Al Día,Al Día / OK,Cliente Corporativo
FAC-2026-11317,Alpek,Industrial,02 - Febrero,2026-02-08,15,2026-02-23,1447.98,0,Al Día,Al Día / OK,Cliente Corporativo
FAC-2026-11318,Alpek,Industrial,02 - Febrero,2026-02-25,30,2026-03-27,19163.57,37,31-60 días,Riesgo Moderado,Cliente Corporativo
FAC-2026-11319,Alpek,Industrial,02 - Febrero,2026-02-01,45,2026-03-18,4655.0,0,Al Día,Al Día / OK,Cliente Corporativo
FAC-2026-11320,Alpek,Industrial,02 - Febrero,2026-02-27,30,2026-03-29,10331.5,18,1-30 días,Atraso Preventivo,Cliente Corporativo
FAC-2026-11321,Alpek,Industrial,02 - Febrero,2026-02-15,60,2026-04-16,16138.71,24,1-30 días,Atraso Preventivo,Cliente Corporativo
FAC-2026-11322,Alpek,Industrial,02 - Febrero,2026-02-24,15,2026-03-11,2895.16,0,Al Día,Al Día / OK,Cliente Corporativo
FAC-2026-11323,Alpek,Industrial,02 - Febrero,2026-02-18,60,2026-04-19,46058.69,0,Al Día,Al Día / OK,Cliente Corporativo
FAC-2026-11324,Alpek,Industrial,02 - Febrero,2026-02-12,30,2026-03-14,23777.04,0,Al Día,Al Día / OK,Cliente Corporativo
FAC-2026-11325,Alpek,Industrial,02 - Febrero,2026-02-04,30,2026-03-06,22741.95,0,Al Día,Al Día / OK,Cliente Corporativo
FAC-2026-11326,Alpek,Industrial,02 - Febrero,2026-02-04,60,2026-04-05,33910.81,5,1-30 días,Atraso Preventivo,Cliente Corporativo
FAC-2026-11327,Alpek,Industrial,02 - Febrero,2026-02-20,30,2026-03-22,1220.03,27,1-30 días,Atraso Preventivo,Cliente Corporativo
FAC-2026-11328,Grupo México,Industrial,02 - Febrero,2026-02-27,60,2026-04-28,5432.19,0,Al Día,Al Día / OK,Cliente Corporativo
FAC-2026-11329,Grupo México,Industrial,02 - Febrero,2026-02-04,15,2026-02-19,3687.32,12,1-30 días,Atraso Preventivo,Cliente Corporativo
FAC-2026-11330,Grupo México,Industrial,02 - Febrero,2026-02-07,45,2026-03-24,22377.08,44,31-60 días,Riesgo Moderado,Cliente Corporativo
FAC-2026-11331,Grupo México,Industrial,02 - Febrero,2026-02-16,15,2026-03-03,30549.92,73,61-90 días,Riesgo Alto,Cliente Corporativo
FAC-2026-11332,Grupo México,Industrial,02 - Febrero,2026-02-07,30,2026-03-09,28363.56,122,+90 días (Crítico),En Mora / Crítico,Cliente Corporativo
FAC-2026-11333,Grupo México,Industrial,02 - Febrero,2026-02-09,30,2026-03-11,8095.98,32,31-60 días,Riesgo Moderado,Cliente Corporativo
FAC-2026-11334,Grupo México,Industrial,02 - Febrero,2026-02-27,60,2026-04-28,3464.6,18,1-30 días,Atraso Preventivo,Cliente Corporativo
FAC-2026-11335,Grupo México,Industrial,02 - Febrero,2026-02-01,15,2026-02-16,15748.25,21,1-30 días,Atraso Preventivo,Cliente Corporativo
FAC-2026-11336,Grupo México,Industrial,02 - Febrero,2026-02-14,30,2026-03-16,31600.1,0,Al Día,Al Día / OK,Cliente Corporativo
FAC-2026-11337,Grupo México,Industrial,02 - Febrero,2026-02-13,45,2026-03-30,14204.93,35,31-60 días,Riesgo Moderado,Cliente Corporativo
FAC-2026-11338,Grupo México,Industrial,02 - Febrero,2026-02-06,45,2026-03-23,9804.04,0,Al Día,Al Día / OK,Cliente Corporativo
FAC-2026-11339,Grupo México,Industrial,02 - Febrero,2026-02-13,15,2026-02-28,6146.95,0,Al Día,Al Día / OK,Cliente Corporativo
FAC-2026-11340,Grupo México,Industrial,02 - Febrero,2026-02-23,15,2026-03-10,3029.51,0,Al Día,Al Día / OK,Cliente Corporativo
FAC-2026-11341,Gerdau,Industrial,02 - Febrero,2026-02-11,45,2026-03-28,71404.07,0,Al Día,Al Día / OK,Cliente Corporativo
FAC-2026-11342,Gerdau,Industrial,02 - Febrero,2026-02-24,45,2026-04-10,34595.21,26,1-30 días,Atraso Preventivo,Cliente Corporativo
FAC-2026-11343,Gerdau,Industrial,02 - Febrero,2026-02-03,60,2026-04-04,11472.39,44,31-60 días,Riesgo Moderado,Cliente Corporativo
FAC-2026-11344,Gerdau,Industrial,02 - Febrero,2026-02-26,15,2026-03-13,7630.75,75,61-90 días,Riesgo Alto,Cliente Corporativo
FAC-2026-11345,Gerdau,Industrial,02 - Febrero,2026-02-02,15,2026-02-17,19840.91,174,+90 días (Crítico),En Mora / Crítico,Cliente Corporativo
FAC-2026-11346,Gerdau,Industrial,02 - Febrero,2026-02-16,45,2026-04-02,25344.18,0,Al Día,Al Día / OK,Cliente Corporativo
FAC-2026-11347,Gerdau,Industrial,02 - Febrero,2026-02-05,45,2026-03-22,16502.43,0,Al Día,Al Día / OK,Cliente Corporativo
FAC-2026-11348,Gerdau,Industrial,02 - Febrero,2026-02-20,15,2026-03-07,13675.17,49,31-60 días,Riesgo Moderado,Cliente Corporativo
FAC-2026-11349,Gerdau,Industrial,02 - Febrero,2026-02-06,45,2026-03-23,21358.98,17,1-30 días,Atraso Preventivo,Cliente Corporativo
FAC-2026-11350,Gerdau,Industrial,02 - Febrero,2026-02-25,30,2026-03-27,13392.86,0,Al Día,Al Día / OK,Cliente Corporativo
FAC-2026-11351,Gerdau,Industrial,02 - Febrero,2026-02-13,30,2026-03-15,5812.07,0,Al Día,Al Día / OK,Cliente Corporativo
FAC-2026-11352,Gerdau,Industrial,02 - Febrero,2026-02-08,30,2026-03-10,7169.72,0,Al Día,Al Día / OK,Cliente Corporativo
FAC-2026-11353,Gerdau,Industrial,02 - Febrero,2026-02-23,45,2026-04-09,27772.89,0,Al Día,Al Día / OK,Cliente Corporativo
FAC-2026-11354,Gerdau,Industrial,02 - Febrero,2026-02-24,45,2026-04-10,17056.09,49,31-60 días,Riesgo Moderado,Cliente Corporativo
FAC-2026-11355,Gerdau,Industrial,02 - Febrero,2026-02-23,30,2026-03-25,7509.02,0,Al Día,Al Día / OK,Cliente Corporativo
FAC-2026-11356,Gerdau,Industrial,02 - Febrero,2026-02-11,30,2026-03-13,6908.9,0,Al Día,Al Día / OK,Cliente Corporativo
FAC-2026-11357,Gerdau,Industrial,02 - Febrero,2026-02-06,30,2026-03-08,18317.64,21,1-30 días,Atraso Preventivo,Cliente Corporativo
FAC-2026-11358,Arca Continental,Industrial,02 - Febrero,2026-02-01,45,2026-03-18,28065.34,0,Al Día,Al Día / OK,Cliente Corporativo
FAC-2026-11359,Arca Continental,Industrial,02 - Febrero,2026-02-27,60,2026-04-28,37354.1,26,1-30 días,Atraso Preventivo,Cliente Corporativo
FAC-2026-11360,Arca Continental,Industrial,02 - Febrero,2026-02-07,45,2026-03-24,11543.19,37,31-60 días,Riesgo Moderado,Cliente Corporativo
FAC-2026-11361,Arca Continental,Industrial,02 - Febrero,2026-02-25,60,2026-04-26,25045.96,86,61-90 días,Riesgo Alto,Cliente Corporativo
FAC-2026-11362,Arca Continental,Industrial,02 - Febrero,2026-02-12,45,2026-03-29,40267.0,141,+90 días (Crítico),En Mora / Crítico,Cliente Corporativo
FAC-2026-11363,Arca Continental,Industrial,02 - Febrero,2026-02-21,60,2026-04-22,27384.42,73,61-90 días,Riesgo Alto,Cliente Corporativo
FAC-2026-11364,Arca Continental,Industrial,02 - Febrero,2026-02-22,30,2026-03-24,21467.49,0,Al Día,Al Día / OK,Cliente Corporativo
FAC-2026-11365,Arca Continental,Industrial,02 - Febrero,2026-02-11,60,2026-04-12,7807.26,18,1-30 días,Atraso Preventivo,Cliente Corporativo
FAC-2026-11366,Arca Continental,Industrial,02 - Febrero,2026-02-28,30,2026-03-30,3510.15,17,1-30 días,Atraso Preventivo,Cliente Corporativo
FAC-2026-11367,Arca Continental,Industrial,02 - Febrero,2026-02-28,45,2026-04-14,31648.21,116,+90 días (Crítico),En Mora / Crítico,Cliente Corporativo
FAC-2026-11368,Arca Continental,Industrial,02 - Febrero,2026-02-19,15,2026-03-06,4379.62,0,Al Día,Al Día / OK,Cliente Corporativo
FAC-2026-11369,Arca Continental,Industrial,02 - Febrero,2026-02-28,15,2026-03-15,3381.53,0,Al Día,Al Día / OK,Cliente Corporativo
FAC-2026-11370,Arca Continental,Industrial,02 - Febrero,2026-02-20,15,2026-03-07,39862.61,44,31-60 días,Riesgo Moderado,Cliente Corporativo
FAC-2026-11371,Arca Continental,Industrial,02 - Febrero,2026-02-19,30,2026-03-21,20602.18,0,Al Día,Al Día / OK,Cliente Corporativo
FAC-2026-11372,Arca Continental,Industrial,02 - Febrero,2026-02-22,60,2026-04-23,12138.11,0,Al Día,Al Día / OK,Cliente Corporativo
FAC-2026-11373,Arca Continental,Industrial,02 - Febrero,2026-02-25,30,2026-03-27,56846.87,21,1-30 días,Atraso Preventivo,Cliente Corporativo
FAC-2026-11374,Arca Continental,Industrial,02 - Febrero,2026-02-09,30,2026-03-11,17774.72,0,Al Día,Al Día / OK,Cliente Corporativo
FAC-2026-11375,Arca Continental,Industrial,02 - Febrero,2026-02-18,30,2026-03-20,3641.13,31,31-60 días,Riesgo Moderado,Cliente Corporativo
FAC-2026-11376,Mapfre,Seguros,02 - Febrero,2026-02-21,60,2026-04-22,4340.42,0,Al Día,Al Día / OK,Cliente Corporativo
FAC-2026-11377,Mapfre,Seguros,02 - Febrero,2026-02-17,60,2026-04-18,20667.77,15,1-30 días,Atraso Preventivo,Cliente Corporativo
FAC-2026-11378,Mapfre,Seguros,02 - Febrero,2026-02-04,15,2026-02-19,15970.97,37,31-60 días,Riesgo Moderado,Cliente Corporativo
FAC-2026-11379,Mapfre,Seguros,02 - Febrero,2026-02-09,15,2026-02-24,3481.42,63,61-90 días,Riesgo Alto,Cliente Corporativo
FAC-2026-11380,Mapfre,Seguros,02 - Febrero,2026-02-24,45,2026-04-10,13934.16,126,+90 días (Crítico),En Mora / Crítico,Cliente Corporativo
FAC-2026-11381,Mapfre,Seguros,02 - Febrero,2026-02-11,45,2026-03-28,10284.58,29,1-30 días,Atraso Preventivo,Cliente Corporativo
FAC-2026-11382,Mapfre,Seguros,02 - Febrero,2026-02-28,15,2026-03-15,4155.98,0,Al Día,Al Día / OK,Cliente Corporativo
FAC-2026-11383,Mapfre,Seguros,02 - Febrero,2026-02-27,45,2026-04-13,14549.35,21,1-30 días,Atraso Preventivo,Cliente Corporativo
FAC-2026-11384,Mapfre,Seguros,02 - Febrero,2026-02-14,30,2026-03-16,13766.54,0,Al Día,Al Día / OK,Cliente Corporativo
FAC-2026-11385,Mapfre,Seguros,02 - Febrero,2026-02-22,45,2026-04-08,32953.15,16,1-30 días,Atraso Preventivo,Cliente Corporativo
FAC-2026-11386,Mapfre,Seguros,02 - Febrero,2026-02-18,30,2026-03-20,52107.4,0,Al Día,Al Día / OK,Cliente Corporativo
FAC-2026-11387,Mapfre,Seguros,02 - Febrero,2026-02-01,45,2026-03-18,8293.04,53,31-60 días,Riesgo Moderado,Cliente Corporativo
FAC-2026-11388,Mapfre,Seguros,02 - Febrero,2026-02-06,30,2026-03-08,10558.29,28,1-30 días,Atraso Preventivo,Cliente Corporativo
FAC-2026-11389,Mapfre,Seguros,02 - Febrero,2026-02-05,30,2026-03-07,1389.88,9,1-30 días,Atraso Preventivo,Cliente Corporativo
FAC-2026-11390,Mapfre,Seguros,02 - Febrero,2026-02-10,15,2026-02-25,28945.74,0,Al Día,Al Día / OK,Cliente Corporativo
FAC-2026-11391,Seguros SURA,Seguros,02 - Febrero,2026-02-27,45,2026-04-13,66248.33,0,Al Día,Al Día / OK,Cliente Corporativo
FAC-2026-11392,Seguros SURA,Seguros,02 - Febrero,2026-02-21,60,2026-04-22,5613.22,27,1-30 días,Atraso Preventivo,Cliente Corporativo
FAC-2026-11393,Seguros SURA,Seguros,02 - Febrero,2026-02-11,30,2026-03-13,10772.97,51,31-60 días,Riesgo Moderado,Cliente Corporativo
FAC-2026-11394,Seguros SURA,Seguros,02 - Febrero,2026-02-20,45,2026-04-06,3481.08,81,61-90 días,Riesgo Alto,Cliente Corporativo
FAC-2026-11395,Seguros SURA,Seguros,02 - Febrero,2026-02-18,45,2026-04-04,38730.58,97,+90 días (Crítico),En Mora / Crítico,Cliente Corporativo
FAC-2026-11396,Seguros SURA,Seguros,02 - Febrero,2026-02-06,15,2026-02-21,2092.28,42,31-60 días,Riesgo Moderado,Cliente Corporativo
FAC-2026-11397,Seguros SURA,Seguros,02 - Febrero,2026-02-26,45,2026-04-12,6729.0,48,31-60 días,Riesgo Moderado,Cliente Corporativo
FAC-2026-11398,Seguros SURA,Seguros,02 - Febrero,2026-02-02,15,2026-02-17,5630.22,0,Al Día,Al Día / OK,Cliente Corporativo
FAC-2026-11399,Seguros SURA,Seguros,02 - Febrero,2026-02-06,30,2026-03-08,1464.14,29,1-30 días,Atraso Preventivo,Cliente Corporativo
FAC-2026-11400,Seguros SURA,Seguros,02 - Febrero,2026-02-27,60,2026-04-28,17923.73,37,31-60 días,Riesgo Moderado,Cliente Corporativo
FAC-2026-11401,Seguros SURA,Seguros,02 - Febrero,2026-02-28,45,2026-04-14,1582.41,13,1-30 días,Atraso Preventivo,Cliente Corporativo
FAC-2026-11402,Seguros SURA,Seguros,02 - Febrero,2026-02-22,60,2026-04-23,27167.17,35,31-60 días,Riesgo Moderado,Cliente Corporativo
FAC-2026-11403,Seguros SURA,Seguros,02 - Febrero,2026-02-27,30,2026-03-29,9625.77,0,Al Día,Al Día / OK,Cliente Corporativo
FAC-2026-11404,Seguros SURA,Seguros,02 - Febrero,2026-02-07,15,2026-02-22,3976.89,0,Al Día,Al Día / OK,Cliente Corporativo
FAC-2026-11405,Seguros SURA,Seguros,02 - Febrero,2026-02-10,60,2026-04-11,17603.87,0,Al Día,Al Día / OK,Cliente Corporativo
FAC-2026-11406,Seguros SURA,Seguros,02 - Febrero,2026-02-12,45,2026-03-29,13085.07,59,31-60 días,Riesgo Moderado,Cliente Corporativo
FAC-2026-11407,GNP Seguros,Seguros,02 - Febrero,2026-02-08,60,2026-04-09,30736.19,0,Al Día,Al Día / OK,Cliente Corporativo
FAC-2026-11408,GNP Seguros,Seguros,02 - Febrero,2026-02-20,45,2026-04-06,1617.78,8,1-30 días,Atraso Preventivo,Cliente Corporativo
FAC-2026-11409,GNP Seguros,Seguros,02 - Febrero,2026-02-03,15,2026-02-18,15148.02,38,31-60 días,Riesgo Moderado,Cliente Corporativo
FAC-2026-11410,GNP Seguros,Seguros,02 - Febrero,2026-02-13,45,2026-03-30,5107.18,76,61-90 días,Riesgo Alto,Cliente Corporativo
FAC-2026-11411,GNP Seguros,Seguros,02 - Febrero,2026-02-14,15,2026-03-01,3150.39,161,+90 días (Crítico),En Mora / Crítico,Cliente Corporativo
FAC-2026-11412,GNP Seguros,Seguros,02 - Febrero,2026-02-02,15,2026-02-17,19870.51,47,31-60 días,Riesgo Moderado,Cliente Corporativo
FAC-2026-11413,GNP Seguros,Seguros,02 - Febrero,2026-02-01,30,2026-03-03,12101.63,74,61-90 días,Riesgo Alto,Cliente Corporativo
FAC-2026-11414,GNP Seguros,Seguros,02 - Febrero,2026-02-17,15,2026-03-04,3643.61,85,61-90 días,Riesgo Alto,Cliente Corporativo
FAC-2026-11415,GNP Seguros,Seguros,02 - Febrero,2026-02-26,30,2026-03-28,6278.89,0,Al Día,Al Día / OK,Cliente Corporativo
FAC-2026-11416,GNP Seguros,Seguros,02 - Febrero,2026-02-25,45,2026-04-11,54759.91,159,+90 días (Crítico),En Mora / Crítico,Cliente Corporativo
FAC-2026-11417,GNP Seguros,Seguros,02 - Febrero,2026-02-18,30,2026-03-20,15763.41,0,Al Día,Al Día / OK,Cliente Corporativo
FAC-2026-11418,GNP Seguros,Seguros,02 - Febrero,2026-02-18,45,2026-04-04,21179.63,0,Al Día,Al Día / OK,Cliente Corporativo
FAC-2026-11419,GNP Seguros,Seguros,02 - Febrero,2026-02-19,60,2026-04-20,13307.64,0,Al Día,Al Día / OK,Cliente Corporativo
FAC-2026-11420,GNP Seguros,Seguros,02 - Febrero,2026-02-08,60,2026-04-09,8553.49,0,Al Día,Al Día / OK,Cliente Corporativo
FAC-2026-11421,GNP Seguros,Seguros,02 - Febrero,2026-02-14,15,2026-03-01,57721.34,0,Al Día,Al Día / OK,Cliente Corporativo
FAC-2026-11422,GNP Seguros,Seguros,02 - Febrero,2026-02-08,30,2026-03-10,3394.01,20,1-30 días,Atraso Preventivo,Cliente Corporativo
FAC-2026-11423,GNP Seguros,Seguros,02 - Febrero,2026-02-13,15,2026-02-28,2141.76,0,Al Día,Al Día / OK,Cliente Corporativo
FAC-2026-11424,GNP Seguros,Seguros,02 - Febrero,2026-02-18,45,2026-04-04,17147.94,0,Al Día,Al Día / OK,Cliente Corporativo
FAC-2026-11425,MetLife,Seguros,02 - Febrero,2026-02-13,30,2026-03-15,7955.15,0,Al Día,Al Día / OK,Cliente Corporativo
FAC-2026-11426,MetLife,Seguros,02 - Febrero,2026-02-12,45,2026-03-29,6769.42,17,1-30 días,Atraso Preventivo,Cliente Corporativo
FAC-2026-11427,MetLife,Seguros,02 - Febrero,2026-02-25,45,2026-04-11,31201.28,41,31-60 días,Riesgo Moderado,Cliente Corporativo
FAC-2026-11428,MetLife,Seguros,02 - Febrero,2026-02-07,15,2026-02-22,34682.65,86,61-90 días,Riesgo Alto,Cliente Corporativo
FAC-2026-11429,MetLife,Seguros,02 - Febrero,2026-02-22,15,2026-03-09,12269.45,134,+90 días (Crítico),En Mora / Crítico,Cliente Corporativo
FAC-2026-11430,MetLife,Seguros,02 - Febrero,2026-02-19,45,2026-04-05,1502.7,113,+90 días (Crítico),En Mora / Crítico,Cliente Corporativo
FAC-2026-11431,MetLife,Seguros,02 - Febrero,2026-02-19,30,2026-03-21,11005.43,58,31-60 días,Riesgo Moderado,Cliente Corporativo
FAC-2026-11432,MetLife,Seguros,02 - Febrero,2026-02-27,15,2026-03-14,2467.09,57,31-60 días,Riesgo Moderado,Cliente Corporativo
FAC-2026-11433,MetLife,Seguros,02 - Febrero,2026-02-17,15,2026-03-04,20214.19,6,1-30 días,Atraso Preventivo,Cliente Corporativo
FAC-2026-11434,MetLife,Seguros,02 - Febrero,2026-02-08,60,2026-04-09,16330.96,27,1-30 días,Atraso Preventivo,Cliente Corporativo
FAC-2026-11435,MetLife,Seguros,02 - Febrero,2026-02-22,60,2026-04-23,10275.29,7,1-30 días,Atraso Preventivo,Cliente Corporativo
FAC-2026-11436,MetLife,Seguros,02 - Febrero,2026-02-14,60,2026-04-15,54863.38,0,Al Día,Al Día / OK,Cliente Corporativo
FAC-2026-11437,MetLife,Seguros,02 - Febrero,2026-02-21,30,2026-03-23,10669.5,55,31-60 días,Riesgo Moderado,Cliente Corporativo
FAC-2026-11438,Chubb Seguros,Seguros,02 - Febrero,2026-02-06,45,2026-03-23,7271.61,0,Al Día,Al Día / OK,Cliente Corporativo
FAC-2026-11439,Chubb Seguros,Seguros,02 - Febrero,2026-02-23,45,2026-04-09,10171.27,15,1-30 días,Atraso Preventivo,Cliente Corporativo
FAC-2026-11440,Chubb Seguros,Seguros,02 - Febrero,2026-02-13,45,2026-03-30,15213.01,48,31-60 días,Riesgo Moderado,Cliente Corporativo
FAC-2026-11441,Chubb Seguros,Seguros,02 - Febrero,2026-02-01,15,2026-02-16,5046.6,85,61-90 días,Riesgo Alto,Cliente Corporativo
FAC-2026-11442,Chubb Seguros,Seguros,02 - Febrero,2026-02-27,15,2026-03-14,5273.73,134,+90 días (Crítico),En Mora / Crítico,Cliente Corporativo
FAC-2026-11443,Chubb Seguros,Seguros,02 - Febrero,2026-02-15,60,2026-04-16,12730.92,0,Al Día,Al Día / OK,Cliente Corporativo
FAC-2026-11444,Chubb Seguros,Seguros,02 - Febrero,2026-02-16,60,2026-04-17,25778.28,13,1-30 días,Atraso Preventivo,Cliente Corporativo
FAC-2026-11445,Chubb Seguros,Seguros,02 - Febrero,2026-02-25,45,2026-04-11,14157.31,0,Al Día,Al Día / OK,Cliente Corporativo
FAC-2026-11446,Chubb Seguros,Seguros,02 - Febrero,2026-02-13,15,2026-02-28,8070.74,0,Al Día,Al Día / OK,Cliente Corporativo
FAC-2026-11447,Chubb Seguros,Seguros,02 - Febrero,2026-02-22,15,2026-03-09,22516.09,0,Al Día,Al Día / OK,Cliente Corporativo
FAC-2026-11448,Chubb Seguros,Seguros,02 - Febrero,2026-02-02,15,2026-02-17,10866.41,0,Al Día,Al Día / OK,Cliente Corporativo
FAC-2026-11449,Chubb Seguros,Seguros,02 - Febrero,2026-02-11,15,2026-02-26,2923.5,0,Al Día,Al Día / OK,Cliente Corporativo
FAC-2026-11450,Chubb Seguros,Seguros,02 - Febrero,2026-02-11,30,2026-03-13,3677.7,0,Al Día,Al Día / OK,Cliente Corporativo
FAC-2026-11451,Chubb Seguros,Seguros,02 - Febrero,2026-02-21,45,2026-04-07,1765.55,0,Al Día,Al Día / OK,Cliente Corporativo
FAC-2026-11452,Chubb Seguros,Seguros,02 - Febrero,2026-02-17,60,2026-04-18,14463.16,0,Al Día,Al Día / OK,Cliente Corporativo
FAC-2026-11453,AXA,Seguros,02 - Febrero,2026-02-01,60,2026-04-02,6657.18,0,Al Día,Al Día / OK,Cliente Corporativo
FAC-2026-11454,AXA,Seguros,02 - Febrero,2026-02-17,60,2026-04-18,15691.35,15,1-30 días,Atraso Preventivo,Cliente Corporativo
FAC-2026-11455,AXA,Seguros,02 - Febrero,2026-02-16,30,2026-03-18,28085.27,59,31-60 días,Riesgo Moderado,Cliente Corporativo
FAC-2026-11456,AXA,Seguros,02 - Febrero,2026-02-19,15,2026-03-06,7109.89,76,61-90 días,Riesgo Alto,Cliente Corporativo
FAC-2026-11457,AXA,Seguros,02 - Febrero,2026-02-09,15,2026-02-24,4690.54,132,+90 días (Crítico),En Mora / Crítico,Cliente Corporativo
FAC-2026-11458,AXA,Seguros,02 - Febrero,2026-02-16,60,2026-04-17,7785.88,22,1-30 días,Atraso Preventivo,Cliente Corporativo
FAC-2026-11459,AXA,Seguros,02 - Febrero,2026-02-13,30,2026-03-15,18400.9,10,1-30 días,Atraso Preventivo,Cliente Corporativo
FAC-2026-11460,AXA,Seguros,02 - Febrero,2026-02-16,45,2026-04-02,4593.65,0,Al Día,Al Día / OK,Cliente Corporativo
FAC-2026-11461,AXA,Seguros,02 - Febrero,2026-02-25,60,2026-04-26,10404.25,28,1-30 días,Atraso Preventivo,Cliente Corporativo
FAC-2026-11462,AXA,Seguros,02 - Febrero,2026-02-09,45,2026-03-26,20064.88,0,Al Día,Al Día / OK,Cliente Corporativo
FAC-2026-11463,AXA,Seguros,02 - Febrero,2026-02-09,15,2026-02-24,6766.38,8,1-30 días,Atraso Preventivo,Cliente Corporativo
FAC-2026-11464,AXA,Seguros,02 - Febrero,2026-02-15,45,2026-04-01,12242.04,9,1-30 días,Atraso Preventivo,Cliente Corporativo
FAC-2026-11465,AXA,Seguros,02 - Febrero,2026-02-20,45,2026-04-06,31678.49,6,1-30 días,Atraso Preventivo,Cliente Corporativo
FAC-2026-11466,AXA,Seguros,02 - Febrero,2026-02-04,30,2026-03-06,39327.64,13,1-30 días,Atraso Preventivo,Cliente Corporativo
FAC-2026-11467,Seguros Bolívar,Seguros,02 - Febrero,2026-02-16,45,2026-04-02,5704.31,0,Al Día,Al Día / OK,Cliente Corporativo
FAC-2026-11468,Seguros Bolívar,Seguros,02 - Febrero,2026-02-09,30,2026-03-11,1514.88,25,1-30 días,Atraso Preventivo,Cliente Corporativo
FAC-2026-11469,Seguros Bolívar,Seguros,02 - Febrero,2026-02-05,15,2026-02-20,32856.61,40,31-60 días,Riesgo Moderado,Cliente Corporativo
FAC-2026-11470,Seguros Bolívar,Seguros,02 - Febrero,2026-02-24,15,2026-03-11,8555.11,72,61-90 días,Riesgo Alto,Cliente Corporativo
FAC-2026-11471,Seguros Bolívar,Seguros,02 - Febrero,2026-02-28,60,2026-04-29,24334.23,163,+90 días (Crítico),En Mora / Crítico,Cliente Corporativo
FAC-2026-11472,Seguros Bolívar,Seguros,02 - Febrero,2026-02-22,60,2026-04-23,68760.39,67,61-90 días,Riesgo Alto,Cliente Corporativo
FAC-2026-11473,Seguros Bolívar,Seguros,02 - Febrero,2026-02-07,15,2026-02-22,9629.77,74,61-90 días,Riesgo Alto,Cliente Corporativo
FAC-2026-11474,Seguros Bolívar,Seguros,02 - Febrero,2026-02-05,45,2026-03-22,4165.33,0,Al Día,Al Día / OK,Cliente Corporativo
FAC-2026-11475,Seguros Bolívar,Seguros,02 - Febrero,2026-02-20,60,2026-04-21,4826.15,0,Al Día,Al Día / OK,Cliente Corporativo
FAC-2026-11476,Seguros Bolívar,Seguros,02 - Febrero,2026-02-25,15,2026-03-12,19195.04,0,Al Día,Al Día / OK,Cliente Corporativo
FAC-2026-11477,Seguros Bolívar,Seguros,02 - Febrero,2026-02-23,30,2026-03-25,4066.72,0,Al Día,Al Día / OK,Cliente Corporativo
FAC-2026-11478,Seguros Bolívar,Seguros,02 - Febrero,2026-02-11,30,2026-03-13,19394.21,0,Al Día,Al Día / OK,Cliente Corporativo
FAC-2026-11479,Seguros Bolívar,Seguros,02 - Febrero,2026-02-22,45,2026-04-08,14539.67,0,Al Día,Al Día / OK,Cliente Corporativo
FAC-2026-11480,Seguros Bolívar,Seguros,02 - Febrero,2026-02-16,60,2026-04-17,29730.51,34,31-60 días,Riesgo Moderado,Cliente Corporativo
FAC-2026-11481,DHL Supply Chain,Logística,02 - Febrero,2026-02-12,45,2026-03-29,24683.92,0,Al Día,Al Día / OK,Cliente Corporativo
FAC-2026-11482,DHL Supply Chain,Logística,02 - Febrero,2026-02-14,15,2026-03-01,51583.54,23,1-30 días,Atraso Preventivo,Cliente Corporativo
FAC-2026-11483,DHL Supply Chain,Logística,02 - Febrero,2026-02-07,30,2026-03-09,26316.45,49,31-60 días,Riesgo Moderado,Cliente Corporativo
FAC-2026-11484,DHL Supply Chain,Logística,02 - Febrero,2026-02-16,45,2026-04-02,3346.82,82,61-90 días,Riesgo Alto,Cliente Corporativo
FAC-2026-11485,DHL Supply Chain,Logística,02 - Febrero,2026-02-08,30,2026-03-10,27973.17,170,+90 días (Crítico),En Mora / Crítico,Cliente Corporativo
FAC-2026-11486,DHL Supply Chain,Logística,02 - Febrero,2026-02-17,45,2026-04-03,36237.48,67,61-90 días,Riesgo Alto,Cliente Corporativo
FAC-2026-11487,DHL Supply Chain,Logística,02 - Febrero,2026-02-02,60,2026-04-03,22300.05,0,Al Día,Al Día / OK,Cliente Corporativo
FAC-2026-11488,DHL Supply Chain,Logística,02 - Febrero,2026-02-23,30,2026-03-25,2194.9,29,1-30 días,Atraso Preventivo,Cliente Corporativo
FAC-2026-11489,DHL Supply Chain,Logística,02 - Febrero,2026-02-14,60,2026-04-15,6224.64,0,Al Día,Al Día / OK,Cliente Corporativo
FAC-2026-11490,DHL Supply Chain,Logística,02 - Febrero,2026-02-02,60,2026-04-03,1292.75,36,31-60 días,Riesgo Moderado,Cliente Corporativo
FAC-2026-11491,DHL Supply Chain,Logística,02 - Febrero,2026-02-19,30,2026-03-21,21859.65,0,Al Día,Al Día / OK,Cliente Corporativo
FAC-2026-11492,DHL Supply Chain,Logística,02 - Febrero,2026-02-07,30,2026-03-09,53654.64,79,61-90 días,Riesgo Alto,Cliente Corporativo
FAC-2026-11493,DHL Supply Chain,Logística,02 - Febrero,2026-02-22,45,2026-04-08,23176.53,43,31-60 días,Riesgo Moderado,Cliente Corporativo
FAC-2026-11494,DHL Supply Chain,Logística,02 - Febrero,2026-02-08,60,2026-04-09,38350.34,7,1-30 días,Atraso Preventivo,Cliente Corporativo
FAC-2026-11495,FedEx Express,Logística,02 - Febrero,2026-02-22,15,2026-03-09,2382.03,0,Al Día,Al Día / OK,Cliente Corporativo
FAC-2026-11496,FedEx Express,Logística,02 - Febrero,2026-02-27,15,2026-03-14,31758.0,20,1-30 días,Atraso Preventivo,Cliente Corporativo
FAC-2026-11497,FedEx Express,Logística,02 - Febrero,2026-02-12,45,2026-03-29,28985.93,39,31-60 días,Riesgo Moderado,Cliente Corporativo
FAC-2026-11498,FedEx Express,Logística,02 - Febrero,2026-02-10,15,2026-02-25,4855.66,61,61-90 días,Riesgo Alto,Cliente Corporativo
FAC-2026-11499,FedEx Express,Logística,02 - Febrero,2026-02-04,15,2026-02-19,16334.11,149,+90 días (Crítico),En Mora / Crítico,Cliente Corporativo
FAC-2026-11500,FedEx Express,Logística,02 - Febrero,2026-02-16,15,2026-03-03,23443.84,93,+90 días (Crítico),En Mora / Crítico,Cliente Corporativo
FAC-2026-11501,FedEx Express,Logística,02 - Febrero,2026-02-03,60,2026-04-04,23212.85,0,Al Día,Al Día / OK,Cliente Corporativo
FAC-2026-11502,FedEx Express,Logística,02 - Febrero,2026-02-17,60,2026-04-18,18241.89,27,1-30 días,Atraso Preventivo,Cliente Corporativo
FAC-2026-11503,FedEx Express,Logística,02 - Febrero,2026-02-22,30,2026-03-24,2524.01,0,Al Día,Al Día / OK,Cliente Corporativo
FAC-2026-11504,FedEx Express,Logística,02 - Febrero,2026-02-27,45,2026-04-13,6878.59,53,31-60 días,Riesgo Moderado,Cliente Corporativo
FAC-2026-11505,FedEx Express,Logística,02 - Febrero,2026-02-03,30,2026-03-05,3754.12,69,61-90 días,Riesgo Alto,Cliente Corporativo
FAC-2026-11506,FedEx Express,Logística,02 - Febrero,2026-02-08,60,2026-04-09,15344.89,24,1-30 días,Atraso Preventivo,Cliente Corporativo
FAC-2026-11507,FedEx Express,Logística,02 - Febrero,2026-02-01,30,2026-03-03,9154.37,0,Al Día,Al Día / OK,Cliente Corporativo
FAC-2026-11508,FedEx Express,Logística,02 - Febrero,2026-02-25,15,2026-03-12,11658.12,0,Al Día,Al Día / OK,Cliente Corporativo
FAC-2026-11509,FedEx Express,Logística,02 - Febrero,2026-02-23,45,2026-04-09,10877.1,0,Al Día,Al Día / OK,Cliente Corporativo
FAC-2026-11510,Maersk Logistics,Logística,02 - Febrero,2026-02-14,60,2026-04-15,9586.91,0,Al Día,Al Día / OK,Cliente Corporativo
FAC-2026-11511,Maersk Logistics,Logística,02 - Febrero,2026-02-02,15,2026-02-17,18909.7,9,1-30 días,Atraso Preventivo,Cliente Corporativo
FAC-2026-11512,Maersk Logistics,Logística,02 - Febrero,2026-02-24,30,2026-03-26,11597.2,59,31-60 días,Riesgo Moderado,Cliente Corporativo
FAC-2026-11513,Maersk Logistics,Logística,02 - Febrero,2026-02-21,30,2026-03-23,37569.35,63,61-90 días,Riesgo Alto,Cliente Corporativo
FAC-2026-11514,Maersk Logistics,Logística,02 - Febrero,2026-02-18,30,2026-03-20,11300.67,133,+90 días (Crítico),En Mora / Crítico,Cliente Corporativo
FAC-2026-11515,Maersk Logistics,Logística,02 - Febrero,2026-02-23,30,2026-03-25,8164.56,67,61-90 días,Riesgo Alto,Cliente Corporativo
FAC-2026-11516,Maersk Logistics,Logística,02 - Febrero,2026-02-06,15,2026-02-21,6610.24,159,+90 días (Crítico),En Mora / Crítico,Cliente Corporativo
FAC-2026-11517,Maersk Logistics,Logística,02 - Febrero,2026-02-16,45,2026-04-02,5312.29,0,Al Día,Al Día / OK,Cliente Corporativo
FAC-2026-11518,Maersk Logistics,Logística,02 - Febrero,2026-02-05,30,2026-03-07,1204.09,0,Al Día,Al Día / OK,Cliente Corporativo
FAC-2026-11519,Maersk Logistics,Logística,02 - Febrero,2026-02-04,30,2026-03-06,32290.57,52,31-60 días,Riesgo Moderado,Cliente Corporativo
FAC-2026-11520,Maersk Logistics,Logística,02 - Febrero,2026-02-06,45,2026-03-23,24374.28,0,Al Día,Al Día / OK,Cliente Corporativo
FAC-2026-11521,Maersk Logistics,Logística,02 - Febrero,2026-02-01,45,2026-03-18,3483.43,0,Al Día,Al Día / OK,Cliente Corporativo
FAC-2026-11522,Maersk Logistics,Logística,02 - Febrero,2026-02-04,15,2026-02-19,9655.02,0,Al Día,Al Día / OK,Cliente Corporativo
FAC-2026-11523,Maersk Logistics,Logística,02 - Febrero,2026-02-01,60,2026-04-02,26108.64,0,Al Día,Al Día / OK,Cliente Corporativo
FAC-2026-11524,Kuehne+Nagel,Logística,02 - Febrero,2026-02-28,30,2026-03-30,3329.15,0,Al Día,Al Día / OK,Cliente Corporativo
FAC-2026-11525,Kuehne+Nagel,Logística,02 - Febrero,2026-02-02,45,2026-03-19,4869.07,22,1-30 días,Atraso Preventivo,Cliente Corporativo
FAC-2026-11526,Kuehne+Nagel,Logística,02 - Febrero,2026-02-24,15,2026-03-11,2854.37,43,31-60 días,Riesgo Moderado,Cliente Corporativo
FAC-2026-11527,Kuehne+Nagel,Logística,02 - Febrero,2026-02-22,15,2026-03-09,10897.07,77,61-90 días,Riesgo Alto,Cliente Corporativo
FAC-2026-11528,Kuehne+Nagel,Logística,02 - Febrero,2026-02-07,15,2026-02-22,35088.06,132,+90 días (Crítico),En Mora / Crítico,Cliente Corporativo
FAC-2026-11529,Kuehne+Nagel,Logística,02 - Febrero,2026-02-23,30,2026-03-25,28295.16,0,Al Día,Al Día / OK,Cliente Corporativo
FAC-2026-11530,Kuehne+Nagel,Logística,02 - Febrero,2026-02-26,60,2026-04-27,79227.0,108,+90 días (Crítico),En Mora / Crítico,Cliente Corporativo
FAC-2026-11531,Kuehne+Nagel,Logística,02 - Febrero,2026-02-08,30,2026-03-10,15114.82,0,Al Día,Al Día / OK,Cliente Corporativo
FAC-2026-11532,Kuehne+Nagel,Logística,02 - Febrero,2026-02-14,15,2026-03-01,6792.81,41,31-60 días,Riesgo Moderado,Cliente Corporativo
FAC-2026-11533,Kuehne+Nagel,Logística,02 - Febrero,2026-02-26,30,2026-03-28,10499.59,45,31-60 días,Riesgo Moderado,Cliente Corporativo
FAC-2026-11534,Kuehne+Nagel,Logística,02 - Febrero,2026-02-19,60,2026-04-20,32834.92,50,31-60 días,Riesgo Moderado,Cliente Corporativo
FAC-2026-11535,Kuehne+Nagel,Logística,02 - Febrero,2026-02-06,60,2026-04-07,6167.48,0,Al Día,Al Día / OK,Cliente Corporativo
FAC-2026-11536,Kuehne+Nagel,Logística,02 - Febrero,2026-02-24,60,2026-04-25,4929.19,0,Al Día,Al Día / OK,Cliente Corporativo
FAC-2026-11537,Kuehne+Nagel,Logística,02 - Febrero,2026-02-25,45,2026-04-11,9325.45,0,Al Día,Al Día / OK,Cliente Corporativo
FAC-2026-11538,Mercado Envíos,Logística,02 - Febrero,2026-02-22,45,2026-04-08,39212.49,0,Al Día,Al Día / OK,Cliente Corporativo
FAC-2026-11539,Mercado Envíos,Logística,02 - Febrero,2026-02-19,15,2026-03-06,3307.13,14,1-30 días,Atraso Preventivo,Cliente Corporativo
FAC-2026-11540,Mercado Envíos,Logística,02 - Febrero,2026-02-16,30,2026-03-18,82790.0,53,31-60 días,Riesgo Moderado,Cliente Corporativo
FAC-2026-11541,Mercado Envíos,Logística,02 - Febrero,2026-02-06,30,2026-03-08,4371.52,83,61-90 días,Riesgo Alto,Cliente Corporativo
FAC-2026-11542,Mercado Envíos,Logística,02 - Febrero,2026-02-14,60,2026-04-15,21749.75,112,+90 días (Crítico),En Mora / Crítico,Cliente Corporativo
FAC-2026-11543,Mercado Envíos,Logística,02 - Febrero,2026-02-19,15,2026-03-06,44429.28,0,Al Día,Al Día / OK,Cliente Corporativo
FAC-2026-11544,Mercado Envíos,Logística,02 - Febrero,2026-02-01,60,2026-04-02,2658.98,36,31-60 días,Riesgo Moderado,Cliente Corporativo
FAC-2026-11545,Mercado Envíos,Logística,02 - Febrero,2026-02-19,15,2026-03-06,36544.49,0,Al Día,Al Día / OK,Cliente Corporativo
FAC-2026-11546,Mercado Envíos,Logística,02 - Febrero,2026-02-12,45,2026-03-29,5495.16,38,31-60 días,Riesgo Moderado,Cliente Corporativo
FAC-2026-11547,Mercado Envíos,Logística,02 - Febrero,2026-02-28,15,2026-03-15,1460.74,41,31-60 días,Riesgo Moderado,Cliente Corporativo
FAC-2026-11548,Mercado Envíos,Logística,02 - Febrero,2026-02-27,45,2026-04-13,7217.99,143,+90 días (Crítico),En Mora / Crítico,Cliente Corporativo
FAC-2026-11549,Mercado Envíos,Logística,02 - Febrero,2026-02-15,30,2026-03-17,10195.59,0,Al Día,Al Día / OK,Cliente Corporativo
FAC-2026-11550,Mercado Envíos,Logística,02 - Febrero,2026-02-14,60,2026-04-15,22353.83,0,Al Día,Al Día / OK,Cliente Corporativo
FAC-2026-11551,Mercado Envíos,Logística,02 - Febrero,2026-02-10,30,2026-03-12,13797.48,0,Al Día,Al Día / OK,Cliente Corporativo
FAC-2026-11552,Mercado Envíos,Logística,02 - Febrero,2026-02-06,30,2026-03-08,20797.48,24,1-30 días,Atraso Preventivo,Cliente Corporativo
FAC-2026-11553,Mercado Envíos,Logística,02 - Febrero,2026-02-15,15,2026-03-02,29561.84,0,Al Día,Al Día / OK,Cliente Corporativo
FAC-2026-11554,Mercado Envíos,Logística,02 - Febrero,2026-02-06,15,2026-02-21,55420.34,0,Al Día,Al Día / OK,Cliente Corporativo
FAC-2026-11555,Mercado Envíos,Logística,02 - Febrero,2026-02-13,45,2026-03-30,64089.07,0,Al Día,Al Día / OK,Cliente Corporativo
FAC-2026-11556,Mercado Envíos,Logística,02 - Febrero,2026-02-01,45,2026-03-18,10162.9,27,1-30 días,Atraso Preventivo,Cliente Corporativo
FAC-2026-11557,Estafeta,Logística,02 - Febrero,2026-02-25,15,2026-03-12,3935.49,0,Al Día,Al Día / OK,Cliente Corporativo
FAC-2026-11558,Estafeta,Logística,02 - Febrero,2026-02-23,30,2026-03-25,12853.03,5,1-30 días,Atraso Preventivo,Cliente Corporativo
FAC-2026-11559,Estafeta,Logística,02 - Febrero,2026-02-06,45,2026-03-23,25383.17,46,31-60 días,Riesgo Moderado,Cliente Corporativo
FAC-2026-11560,Estafeta,Logística,02 - Febrero,2026-02-26,45,2026-04-12,17346.16,75,61-90 días,Riesgo Alto,Cliente Corporativo
FAC-2026-11561,Estafeta,Logística,02 - Febrero,2026-02-02,15,2026-02-17,13618.18,131,+90 días (Crítico),En Mora / Crítico,Cliente Corporativo
FAC-2026-11562,Estafeta,Logística,02 - Febrero,2026-02-03,30,2026-03-05,47603.69,22,1-30 días,Atraso Preventivo,Cliente Corporativo
FAC-2026-11563,Estafeta,Logística,02 - Febrero,2026-02-09,15,2026-02-24,19373.29,24,1-30 días,Atraso Preventivo,Cliente Corporativo
FAC-2026-11564,Estafeta,Logística,02 - Febrero,2026-02-07,30,2026-03-09,17534.95,0,Al Día,Al Día / OK,Cliente Corporativo
FAC-2026-11565,Estafeta,Logística,02 - Febrero,2026-02-04,15,2026-02-19,3753.72,0,Al Día,Al Día / OK,Cliente Corporativo
FAC-2026-11566,Estafeta,Logística,02 - Febrero,2026-02-10,45,2026-03-27,7617.52,0,Al Día,Al Día / OK,Cliente Corporativo
FAC-2026-11567,Estafeta,Logística,02 - Febrero,2026-02-12,60,2026-04-13,26836.48,19,1-30 días,Atraso Preventivo,Cliente Corporativo
FAC-2026-11568,Estafeta,Logística,02 - Febrero,2026-02-28,15,2026-03-15,12672.3,0,Al Día,Al Día / OK,Cliente Corporativo
FAC-2026-11569,Estafeta,Logística,02 - Febrero,2026-02-26,30,2026-03-28,14310.24,0,Al Día,Al Día / OK,Cliente Corporativo
FAC-2026-11570,Estafeta,Logística,02 - Febrero,2026-02-13,45,2026-03-30,10769.73,0,Al Día,Al Día / OK,Cliente Corporativo
FAC-2026-11571,Estafeta,Logística,02 - Febrero,2026-02-26,15,2026-03-13,18140.31,55,31-60 días,Riesgo Moderado,Cliente Corporativo
FAC-2026-11572,Estafeta,Logística,02 - Febrero,2026-02-11,15,2026-02-26,2712.24,0,Al Día,Al Día / OK,Cliente Corporativo
FAC-2026-11573,Estafeta,Logística,02 - Febrero,2026-02-08,30,2026-03-10,2892.84,0,Al Día,Al Día / OK,Cliente Corporativo
FAC-2026-11574,Estafeta,Logística,02 - Febrero,2026-02-05,15,2026-02-20,13104.8,0,Al Día,Al Día / OK,Cliente Corporativo
FAC-2026-11575,Estafeta,Logística,02 - Febrero,2026-02-24,15,2026-03-11,3327.72,0,Al Día,Al Día / OK,Cliente Corporativo
FAC-2026-11576,Pfizer,Salud & Farma,02 - Febrero,2026-02-18,60,2026-04-19,15439.71,0,Al Día,Al Día / OK,Cliente Corporativo
FAC-2026-11577,Pfizer,Salud & Farma,02 - Febrero,2026-02-26,45,2026-04-12,14158.42,25,1-30 días,Atraso Preventivo,Cliente Corporativo
FAC-2026-11578,Pfizer,Salud & Farma,02 - Febrero,2026-02-23,15,2026-03-10,2850.7,54,31-60 días,Riesgo Moderado,Cliente Corporativo
FAC-2026-11579,Pfizer,Salud & Farma,02 - Febrero,2026-02-17,30,2026-03-19,4408.75,70,61-90 días,Riesgo Alto,Cliente Corporativo
FAC-2026-11580,Pfizer,Salud & Farma,02 - Febrero,2026-02-05,15,2026-02-20,5095.59,172,+90 días (Crítico),En Mora / Crítico,Cliente Corporativo
FAC-2026-11581,Pfizer,Salud & Farma,02 - Febrero,2026-02-17,15,2026-03-04,55881.41,0,Al Día,Al Día / OK,Cliente Corporativo
FAC-2026-11582,Pfizer,Salud & Farma,02 - Febrero,2026-02-20,60,2026-04-21,2208.97,15,1-30 días,Atraso Preventivo,Cliente Corporativo
FAC-2026-11583,Pfizer,Salud & Farma,02 - Febrero,2026-02-13,45,2026-03-30,5593.54,0,Al Día,Al Día / OK,Cliente Corporativo
FAC-2026-11584,Pfizer,Salud & Farma,02 - Febrero,2026-02-23,45,2026-04-09,13228.12,0,Al Día,Al Día / OK,Cliente Corporativo
FAC-2026-11585,Pfizer,Salud & Farma,02 - Febrero,2026-02-26,30,2026-03-28,18818.52,0,Al Día,Al Día / OK,Cliente Corporativo
FAC-2026-11586,Pfizer,Salud & Farma,02 - Febrero,2026-02-21,45,2026-04-07,44452.94,0,Al Día,Al Día / OK,Cliente Corporativo
FAC-2026-11587,Pfizer,Salud & Farma,02 - Febrero,2026-02-17,60,2026-04-18,7936.42,21,1-30 días,Atraso Preventivo,Cliente Corporativo
FAC-2026-11588,Pfizer,Salud & Farma,02 - Febrero,2026-02-03,45,2026-03-20,9324.96,30,1-30 días,Atraso Preventivo,Cliente Corporativo
FAC-2026-11589,Pfizer,Salud & Farma,02 - Febrero,2026-02-20,60,2026-04-21,8658.03,67,61-90 días,Riesgo Alto,Cliente Corporativo
FAC-2026-11590,Pfizer,Salud & Farma,02 - Febrero,2026-02-04,60,2026-04-05,25784.51,0,Al Día,Al Día / OK,Cliente Corporativo
FAC-2026-11591,Pfizer,Salud & Farma,02 - Febrero,2026-02-01,15,2026-02-16,2361.83,0,Al Día,Al Día / OK,Cliente Corporativo
FAC-2026-11592,Pfizer,Salud & Farma,02 - Febrero,2026-02-16,30,2026-03-18,9148.5,11,1-30 días,Atraso Preventivo,Cliente Corporativo
FAC-2026-11593,Pfizer,Salud & Farma,02 - Febrero,2026-02-16,60,2026-04-17,26107.96,0,Al Día,Al Día / OK,Cliente Corporativo
FAC-2026-11594,Genomma Lab,Salud & Farma,02 - Febrero,2026-02-11,30,2026-03-13,5151.79,0,Al Día,Al Día / OK,Cliente Corporativo
FAC-2026-11595,Genomma Lab,Salud & Farma,02 - Febrero,2026-02-07,15,2026-02-22,1935.76,30,1-30 días,Atraso Preventivo,Cliente Corporativo
FAC-2026-11596,Genomma Lab,Salud & Farma,02 - Febrero,2026-02-20,45,2026-04-06,56211.99,33,31-60 días,Riesgo Moderado,Cliente Corporativo
FAC-2026-11597,Genomma Lab,Salud & Farma,02 - Febrero,2026-02-26,45,2026-04-12,10412.85,62,61-90 días,Riesgo Alto,Cliente Corporativo
FAC-2026-11598,Genomma Lab,Salud & Farma,02 - Febrero,2026-02-17,60,2026-04-18,13773.33,134,+90 días (Crítico),En Mora / Crítico,Cliente Corporativo
FAC-2026-11599,Genomma Lab,Salud & Farma,02 - Febrero,2026-02-24,30,2026-03-26,3571.7,0,Al Día,Al Día / OK,Cliente Corporativo
FAC-2026-11600,Genomma Lab,Salud & Farma,02 - Febrero,2026-02-28,60,2026-04-29,1921.02,0,Al Día,Al Día / OK,Cliente Corporativo
FAC-2026-11601,Genomma Lab,Salud & Farma,02 - Febrero,2026-02-09,45,2026-03-26,20794.71,0,Al Día,Al Día / OK,Cliente Corporativo
FAC-2026-11602,Genomma Lab,Salud & Farma,02 - Febrero,2026-02-16,60,2026-04-17,24642.86,24,1-30 días,Atraso Preventivo,Cliente Corporativo
FAC-2026-11603,Genomma Lab,Salud & Farma,02 - Febrero,2026-02-03,45,2026-03-20,36026.93,6,1-30 días,Atraso Preventivo,Cliente Corporativo
FAC-2026-11604,Genomma Lab,Salud & Farma,02 - Febrero,2026-02-14,60,2026-04-15,50884.64,0,Al Día,Al Día / OK,Cliente Corporativo
FAC-2026-11605,Genomma Lab,Salud & Farma,02 - Febrero,2026-02-14,30,2026-03-16,4737.38,0,Al Día,Al Día / OK,Cliente Corporativo
FAC-2026-11606,Genomma Lab,Salud & Farma,02 - Febrero,2026-02-18,60,2026-04-19,17572.69,52,31-60 días,Riesgo Moderado,Cliente Corporativo
FAC-2026-11607,Genomma Lab,Salud & Farma,02 - Febrero,2026-02-19,60,2026-04-20,35902.29,0,Al Día,Al Día / OK,Cliente Corporativo
FAC-2026-11608,Genomma Lab,Salud & Farma,02 - Febrero,2026-02-06,60,2026-04-07,2784.5,41,31-60 días,Riesgo Moderado,Cliente Corporativo
FAC-2026-11609,Genomma Lab,Salud & Farma,02 - Febrero,2026-02-07,45,2026-03-24,11329.09,19,1-30 días,Atraso Preventivo,Cliente Corporativo
FAC-2026-11610,Genomma Lab,Salud & Farma,02 - Febrero,2026-02-26,15,2026-03-13,3482.73,9,1-30 días,Atraso Preventivo,Cliente Corporativo
FAC-2026-11611,Genomma Lab,Salud & Farma,02 - Febrero,2026-02-03,15,2026-02-18,14339.48,0,Al Día,Al Día / OK,Cliente Corporativo
FAC-2026-11612,Bayer,Salud & Farma,02 - Febrero,2026-02-08,15,2026-02-23,30478.1,0,Al Día,Al Día / OK,Cliente Corporativo
FAC-2026-11613,Bayer,Salud & Farma,02 - Febrero,2026-02-06,60,2026-04-07,19090.32,14,1-30 días,Atraso Preventivo,Cliente Corporativo
FAC-2026-11614,Bayer,Salud & Farma,02 - Febrero,2026-02-03,45,2026-03-20,6427.93,44,31-60 días,Riesgo Moderado,Cliente Corporativo
FAC-2026-11615,Bayer,Salud & Farma,02 - Febrero,2026-02-10,60,2026-04-11,13498.46,66,61-90 días,Riesgo Alto,Cliente Corporativo
FAC-2026-11616,Bayer,Salud & Farma,02 - Febrero,2026-02-14,30,2026-03-16,29083.36,131,+90 días (Crítico),En Mora / Crítico,Cliente Corporativo
FAC-2026-11617,Bayer,Salud & Farma,02 - Febrero,2026-02-17,45,2026-04-03,14885.29,0,Al Día,Al Día / OK,Cliente Corporativo
FAC-2026-11618,Bayer,Salud & Farma,02 - Febrero,2026-02-12,45,2026-03-29,23322.69,17,1-30 días,Atraso Preventivo,Cliente Corporativo
FAC-2026-11619,Bayer,Salud & Farma,02 - Febrero,2026-02-21,30,2026-03-23,24610.76,48,31-60 días,Riesgo Moderado,Cliente Corporativo
FAC-2026-11620,Bayer,Salud & Farma,02 - Febrero,2026-02-02,60,2026-04-03,4855.39,6,1-30 días,Atraso Preventivo,Cliente Corporativo
FAC-2026-11621,Bayer,Salud & Farma,02 - Febrero,2026-02-19,45,2026-04-05,13312.65,16,1-30 días,Atraso Preventivo,Cliente Corporativo
FAC-2026-11622,Bayer,Salud & Farma,02 - Febrero,2026-02-08,30,2026-03-10,14385.69,0,Al Día,Al Día / OK,Cliente Corporativo
FAC-2026-11623,Bayer,Salud & Farma,02 - Febrero,2026-02-10,15,2026-02-25,28003.41,38,31-60 días,Riesgo Moderado,Cliente Corporativo
FAC-2026-11624,Bayer,Salud & Farma,02 - Febrero,2026-02-10,60,2026-04-11,36083.09,0,Al Día,Al Día / OK,Cliente Corporativo
FAC-2026-11625,Farmacias Benavides,Salud & Farma,02 - Febrero,2026-02-18,15,2026-03-05,27665.68,0,Al Día,Al Día / OK,Cliente Corporativo
FAC-2026-11626,Farmacias Benavides,Salud & Farma,02 - Febrero,2026-02-12,30,2026-03-14,37319.46,11,1-30 días,Atraso Preventivo,Cliente Corporativo
FAC-2026-11627,Farmacias Benavides,Salud & Farma,02 - Febrero,2026-02-23,45,2026-04-09,7857.19,39,31-60 días,Riesgo Moderado,Cliente Corporativo
FAC-2026-11628,Farmacias Benavides,Salud & Farma,02 - Febrero,2026-02-06,30,2026-03-08,33244.89,82,61-90 días,Riesgo Alto,Cliente Corporativo
FAC-2026-11629,Farmacias Benavides,Salud & Farma,02 - Febrero,2026-02-22,60,2026-04-23,42019.2,164,+90 días (Crítico),En Mora / Crítico,Cliente Corporativo
FAC-2026-11630,Farmacias Benavides,Salud & Farma,02 - Febrero,2026-02-06,15,2026-02-21,13145.22,10,1-30 días,Atraso Preventivo,Cliente Corporativo
FAC-2026-11631,Farmacias Benavides,Salud & Farma,02 - Febrero,2026-02-10,60,2026-04-11,18343.21,160,+90 días (Crítico),En Mora / Crítico,Cliente Corporativo
FAC-2026-11632,Farmacias Benavides,Salud & Farma,02 - Febrero,2026-02-07,60,2026-04-08,28701.46,0,Al Día,Al Día / OK,Cliente Corporativo
FAC-2026-11633,Farmacias Benavides,Salud & Farma,02 - Febrero,2026-02-28,15,2026-03-15,34835.61,0,Al Día,Al Día / OK,Cliente Corporativo
FAC-2026-11634,Farmacias Benavides,Salud & Farma,02 - Febrero,2026-02-10,45,2026-03-27,32882.23,0,Al Día,Al Día / OK,Cliente Corporativo
FAC-2026-11635,Farmacias Benavides,Salud & Farma,02 - Febrero,2026-02-10,60,2026-04-11,3484.86,115,+90 días (Crítico),En Mora / Crítico,Cliente Corporativo
FAC-2026-11636,Farmacias Benavides,Salud & Farma,02 - Febrero,2026-02-02,15,2026-02-17,33541.62,0,Al Día,Al Día / OK,Cliente Corporativo
FAC-2026-11637,Farmacias Benavides,Salud & Farma,02 - Febrero,2026-02-07,60,2026-04-08,6678.57,62,61-90 días,Riesgo Alto,Cliente Corporativo
FAC-2026-11638,Farmacias Benavides,Salud & Farma,02 - Febrero,2026-02-01,15,2026-02-16,11930.93,0,Al Día,Al Día / OK,Cliente Corporativo
FAC-2026-11639,Eurofarma,Salud & Farma,02 - Febrero,2026-02-18,15,2026-03-05,15037.31,0,Al Día,Al Día / OK,Cliente Corporativo
FAC-2026-11640,Eurofarma,Salud & Farma,02 - Febrero,2026-02-14,30,2026-03-16,16864.7,28,1-30 días,Atraso Preventivo,Cliente Corporativo
FAC-2026-11641,Eurofarma,Salud & Farma,02 - Febrero,2026-02-12,15,2026-02-27,9786.72,40,31-60 días,Riesgo Moderado,Cliente Corporativo
FAC-2026-11642,Eurofarma,Salud & Farma,02 - Febrero,2026-02-17,45,2026-04-03,57644.69,62,61-90 días,Riesgo Alto,Cliente Corporativo
FAC-2026-11643,Eurofarma,Salud & Farma,02 - Febrero,2026-02-04,15,2026-02-19,6858.62,137,+90 días (Crítico),En Mora / Crítico,Cliente Corporativo
FAC-2026-11644,Eurofarma,Salud & Farma,02 - Febrero,2026-02-04,30,2026-03-06,7365.94,9,1-30 días,Atraso Preventivo,Cliente Corporativo
FAC-2026-11645,Eurofarma,Salud & Farma,02 - Febrero,2026-02-26,45,2026-04-12,4548.71,0,Al Día,Al Día / OK,Cliente Corporativo
FAC-2026-11646,Eurofarma,Salud & Farma,02 - Febrero,2026-02-12,60,2026-04-13,3364.47,0,Al Día,Al Día / OK,Cliente Corporativo
FAC-2026-11647,Eurofarma,Salud & Farma,02 - Febrero,2026-02-18,15,2026-03-05,4437.19,0,Al Día,Al Día / OK,Cliente Corporativo
FAC-2026-11648,Eurofarma,Salud & Farma,02 - Febrero,2026-02-22,15,2026-03-09,5679.67,0,Al Día,Al Día / OK,Cliente Corporativo
FAC-2026-11649,Eurofarma,Salud & Farma,02 - Febrero,2026-02-08,45,2026-03-25,26281.25,0,Al Día,Al Día / OK,Cliente Corporativo
FAC-2026-11650,Eurofarma,Salud & Farma,02 - Febrero,2026-02-02,45,2026-03-19,9717.36,22,1-30 días,Atraso Preventivo,Cliente Corporativo
FAC-2026-11651,Eurofarma,Salud & Farma,02 - Febrero,2026-02-22,60,2026-04-23,21885.85,0,Al Día,Al Día / OK,Cliente Corporativo
FAC-2026-11652,Sanofi,Salud & Farma,02 - Febrero,2026-02-26,30,2026-03-28,15215.72,0,Al Día,Al Día / OK,Cliente Corporativo
FAC-2026-11653,Sanofi,Salud & Farma,02 - Febrero,2026-02-16,45,2026-04-02,23438.06,12,1-30 días,Atraso Preventivo,Cliente Corporativo
FAC-2026-11654,Sanofi,Salud & Farma,02 - Febrero,2026-02-09,60,2026-04-10,35402.6,45,31-60 días,Riesgo Moderado,Cliente Corporativo
FAC-2026-11655,Sanofi,Salud & Farma,02 - Febrero,2026-02-05,45,2026-03-22,21823.76,70,61-90 días,Riesgo Alto,Cliente Corporativo
FAC-2026-11656,Sanofi,Salud & Farma,02 - Febrero,2026-02-09,15,2026-02-24,31326.27,140,+90 días (Crítico),En Mora / Crítico,Cliente Corporativo
FAC-2026-11657,Sanofi,Salud & Farma,02 - Febrero,2026-02-07,60,2026-04-08,7568.97,0,Al Día,Al Día / OK,Cliente Corporativo
FAC-2026-11658,Sanofi,Salud & Farma,02 - Febrero,2026-02-15,60,2026-04-16,9602.55,0,Al Día,Al Día / OK,Cliente Corporativo
FAC-2026-11659,Sanofi,Salud & Farma,02 - Febrero,2026-02-04,45,2026-03-21,98510.13,9,1-30 días,Atraso Preventivo,Cliente Corporativo
FAC-2026-11660,Sanofi,Salud & Farma,02 - Febrero,2026-02-21,60,2026-04-22,11727.91,0,Al Día,Al Día / OK,Cliente Corporativo
FAC-2026-11661,Sanofi,Salud & Farma,02 - Febrero,2026-02-07,60,2026-04-08,55893.88,0,Al Día,Al Día / OK,Cliente Corporativo
FAC-2026-11662,Sanofi,Salud & Farma,02 - Febrero,2026-02-04,60,2026-04-05,8086.55,25,1-30 días,Atraso Preventivo,Cliente Corporativo
FAC-2026-11663,Sanofi,Salud & Farma,02 - Febrero,2026-02-12,60,2026-04-13,7666.74,0,Al Día,Al Día / OK,Cliente Corporativo
FAC-2026-11664,Sanofi,Salud & Farma,02 - Febrero,2026-02-01,60,2026-04-02,10486.03,0,Al Día,Al Día / OK,Cliente Corporativo
FAC-2026-11665,Sanofi,Salud & Farma,02 - Febrero,2026-02-20,30,2026-03-22,3783.34,7,1-30 días,Atraso Preventivo,Cliente Corporativo
FAC-2026-11666,Sanofi,Salud & Farma,02 - Febrero,2026-02-14,30,2026-03-16,13253.88,14,1-30 días,Atraso Preventivo,Cliente Corporativo
FAC-2026-11667,Sanofi,Salud & Farma,02 - Febrero,2026-02-26,30,2026-03-28,11275.38,0,Al Día,Al Día / OK,Cliente Corporativo
FAC-2026-11668,Sanofi,Salud & Farma,02 - Febrero,2026-02-21,15,2026-03-08,18973.78,0,Al Día,Al Día / OK,Cliente Corporativo
FAC-2026-11669,Sanofi,Salud & Farma,02 - Febrero,2026-02-05,60,2026-04-06,29990.6,133,+90 días (Crítico),En Mora / Crítico,Cliente Corporativo
FAC-2026-11670,Sanofi,Salud & Farma,02 - Febrero,2026-02-06,45,2026-03-23,10015.58,0,Al Día,Al Día / OK,Cliente Corporativo
FAC-2026-11671,Sanofi,Salud & Farma,02 - Febrero,2026-02-19,30,2026-03-21,74485.6,0,Al Día,Al Día / OK,Cliente Corporativo
FAC-2026-11672,Walmart,Retail,03 - Marzo,2026-03-18,60,2026-05-17,21735.21,0,Al Día,Al Día / OK,Cliente Corporativo
FAC-2026-11673,Walmart,Retail,03 - Marzo,2026-03-25,45,2026-05-09,5870.26,16,1-30 días,Atraso Preventivo,Cliente Corporativo
FAC-2026-11674,Walmart,Retail,03 - Marzo,2026-03-05,45,2026-04-19,34086.24,39,31-60 días,Riesgo Moderado,Cliente Corporativo
FAC-2026-11675,Walmart,Retail,03 - Marzo,2026-03-18,45,2026-05-02,14014.22,63,61-90 días,Riesgo Alto,Cliente Corporativo
FAC-2026-11676,Walmart,Retail,03 - Marzo,2026-03-25,45,2026-05-09,9507.54,168,+90 días (Crítico),En Mora / Crítico,Cliente Corporativo
FAC-2026-11677,Walmart,Retail,03 - Marzo,2026-03-31,15,2026-04-15,7407.81,0,Al Día,Al Día / OK,Cliente Corporativo
FAC-2026-11678,Walmart,Retail,03 - Marzo,2026-03-16,60,2026-05-15,7345.67,0,Al Día,Al Día / OK,Cliente Corporativo
FAC-2026-11679,Walmart,Retail,03 - Marzo,2026-03-01,45,2026-04-15,10394.35,21,1-30 días,Atraso Preventivo,Cliente Corporativo
FAC-2026-11680,Walmart,Retail,03 - Marzo,2026-03-27,60,2026-05-26,21377.53,14,1-30 días,Atraso Preventivo,Cliente Corporativo
FAC-2026-11681,Walmart,Retail,03 - Marzo,2026-03-26,15,2026-04-10,29783.48,0,Al Día,Al Día / OK,Cliente Corporativo
FAC-2026-11682,Walmart,Retail,03 - Marzo,2026-03-04,15,2026-03-19,17043.46,0,Al Día,Al Día / OK,Cliente Corporativo
FAC-2026-11683,Walmart,Retail,03 - Marzo,2026-03-23,30,2026-04-22,20689.8,68,61-90 días,Riesgo Alto,Cliente Corporativo
FAC-2026-11684,Walmart,Retail,03 - Marzo,2026-03-31,45,2026-05-15,70765.5,0,Al Día,Al Día / OK,Cliente Corporativo
FAC-2026-11685,Falabella,Retail,03 - Marzo,2026-03-19,45,2026-05-03,12652.73,0,Al Día,Al Día / OK,Cliente Corporativo
FAC-2026-11686,Falabella,Retail,03 - Marzo,2026-03-24,15,2026-04-08,15459.07,30,1-30 días,Atraso Preventivo,Cliente Corporativo
FAC-2026-11687,Falabella,Retail,03 - Marzo,2026-03-15,15,2026-03-30,10879.23,45,31-60 días,Riesgo Moderado,Cliente Corporativo
FAC-2026-11688,Falabella,Retail,03 - Marzo,2026-03-16,60,2026-05-15,9305.49,90,61-90 días,Riesgo Alto,Cliente Corporativo
FAC-2026-11689,Falabella,Retail,03 - Marzo,2026-03-04,45,2026-04-18,3385.24,139,+90 días (Crítico),En Mora / Crítico,Cliente Corporativo
FAC-2026-11690,Falabella,Retail,03 - Marzo,2026-03-24,60,2026-05-23,32724.73,56,31-60 días,Riesgo Moderado,Cliente Corporativo
FAC-2026-11691,Falabella,Retail,03 - Marzo,2026-03-21,60,2026-05-20,65460.74,0,Al Día,Al Día / OK,Cliente Corporativo
FAC-2026-11692,Falabella,Retail,03 - Marzo,2026-03-05,15,2026-03-20,12607.68,0,Al Día,Al Día / OK,Cliente Corporativo
FAC-2026-11693,Falabella,Retail,03 - Marzo,2026-03-13,45,2026-04-27,5052.55,0,Al Día,Al Día / OK,Cliente Corporativo
FAC-2026-11694,Falabella,Retail,03 - Marzo,2026-03-30,60,2026-05-29,28458.23,0,Al Día,Al Día / OK,Cliente Corporativo
FAC-2026-11695,Falabella,Retail,03 - Marzo,2026-03-13,60,2026-05-12,4471.39,0,Al Día,Al Día / OK,Cliente Corporativo
FAC-2026-11696,Falabella,Retail,03 - Marzo,2026-03-04,45,2026-04-18,1329.02,65,61-90 días,Riesgo Alto,Cliente Corporativo
FAC-2026-11697,Falabella,Retail,03 - Marzo,2026-03-10,15,2026-03-25,41118.48,0,Al Día,Al Día / OK,Cliente Corporativo
FAC-2026-11698,Falabella,Retail,03 - Marzo,2026-03-10,30,2026-04-09,14469.7,23,1-30 días,Atraso Preventivo,Cliente Corporativo
FAC-2026-11699,Falabella,Retail,03 - Marzo,2026-03-01,60,2026-04-30,4866.79,168,+90 días (Crítico),En Mora / Crítico,Cliente Corporativo
FAC-2026-11700,Falabella,Retail,03 - Marzo,2026-03-21,15,2026-04-05,28008.68,0,Al Día,Al Día / OK,Cliente Corporativo
FAC-2026-11701,Falabella,Retail,03 - Marzo,2026-03-25,30,2026-04-24,17960.57,0,Al Día,Al Día / OK,Cliente Corporativo
FAC-2026-11702,Cencosud,Retail,03 - Marzo,2026-03-06,45,2026-04-20,1939.69,0,Al Día,Al Día / OK,Cliente Corporativo
FAC-2026-11703,Cencosud,Retail,03 - Marzo,2026-03-04,30,2026-04-03,3399.36,5,1-30 días,Atraso Preventivo,Cliente Corporativo
FAC-2026-11704,Cencosud,Retail,03 - Marzo,2026-03-24,15,2026-04-08,10573.82,60,31-60 días,Riesgo Moderado,Cliente Corporativo
FAC-2026-11705,Cencosud,Retail,03 - Marzo,2026-03-17,60,2026-05-16,6121.56,86,61-90 días,Riesgo Alto,Cliente Corporativo
FAC-2026-11706,Cencosud,Retail,03 - Marzo,2026-03-31,30,2026-04-30,37399.03,147,+90 días (Crítico),En Mora / Crítico,Cliente Corporativo
FAC-2026-11707,Cencosud,Retail,03 - Marzo,2026-03-27,15,2026-04-11,60090.78,76,61-90 días,Riesgo Alto,Cliente Corporativo
FAC-2026-11708,Cencosud,Retail,03 - Marzo,2026-03-23,60,2026-05-22,7080.46,0,Al Día,Al Día / OK,Cliente Corporativo
FAC-2026-11709,Cencosud,Retail,03 - Marzo,2026-03-28,15,2026-04-12,16807.71,0,Al Día,Al Día / OK,Cliente Corporativo
FAC-2026-11710,Cencosud,Retail,03 - Marzo,2026-03-06,15,2026-03-21,10544.54,0,Al Día,Al Día / OK,Cliente Corporativo
FAC-2026-11711,Cencosud,Retail,03 - Marzo,2026-03-01,15,2026-03-16,16752.62,0,Al Día,Al Día / OK,Cliente Corporativo
FAC-2026-11712,Cencosud,Retail,03 - Marzo,2026-03-09,60,2026-05-08,11622.69,0,Al Día,Al Día / OK,Cliente Corporativo
FAC-2026-11713,Cencosud,Retail,03 - Marzo,2026-03-06,15,2026-03-21,8048.39,0,Al Día,Al Día / OK,Cliente Corporativo
FAC-2026-11714,Cencosud,Retail,03 - Marzo,2026-03-13,30,2026-04-12,62363.2,0,Al Día,Al Día / OK,Cliente Corporativo
FAC-2026-11715,Cencosud,Retail,03 - Marzo,2026-03-23,30,2026-04-22,16427.24,0,Al Día,Al Día / OK,Cliente Corporativo
FAC-2026-11716,El Puerto de Liverpool,Retail,03 - Marzo,2026-03-23,15,2026-04-07,1599.25,0,Al Día,Al Día / OK,Cliente Corporativo
FAC-2026-11717,El Puerto de Liverpool,Retail,03 - Marzo,2026-03-02,45,2026-04-16,19716.19,23,1-30 días,Atraso Preventivo,Cliente Corporativo
FAC-2026-11718,El Puerto de Liverpool,Retail,03 - Marzo,2026-03-22,45,2026-05-06,53303.35,40,31-60 días,Riesgo Moderado,Cliente Corporativo
FAC-2026-11719,El Puerto de Liverpool,Retail,03 - Marzo,2026-03-20,15,2026-04-04,1889.36,77,61-90 días,Riesgo Alto,Cliente Corporativo
FAC-2026-11720,El Puerto de Liverpool,Retail,03 - Marzo,2026-03-02,45,2026-04-16,20389.77,152,+90 días (Crítico),En Mora / Crítico,Cliente Corporativo
FAC-2026-11721,El Puerto de Liverpool,Retail,03 - Marzo,2026-03-05,45,2026-04-19,15108.0,52,31-60 días,Riesgo Moderado,Cliente Corporativo
FAC-2026-11722,El Puerto de Liverpool,Retail,03 - Marzo,2026-03-17,45,2026-05-01,4535.77,0,Al Día,Al Día / OK,Cliente Corporativo
FAC-2026-11723,El Puerto de Liverpool,Retail,03 - Marzo,2026-03-06,15,2026-03-21,34759.36,42,31-60 días,Riesgo Moderado,Cliente Corporativo
FAC-2026-11724,El Puerto de Liverpool,Retail,03 - Marzo,2026-03-29,15,2026-04-13,3171.77,0,Al Día,Al Día / OK,Cliente Corporativo
FAC-2026-11725,El Puerto de Liverpool,Retail,03 - Marzo,2026-03-05,30,2026-04-04,21047.34,0,Al Día,Al Día / OK,Cliente Corporativo
FAC-2026-11726,El Puerto de Liverpool,Retail,03 - Marzo,2026-03-18,15,2026-04-02,4563.97,41,31-60 días,Riesgo Moderado,Cliente Corporativo
FAC-2026-11727,El Puerto de Liverpool,Retail,03 - Marzo,2026-03-17,15,2026-04-01,11375.3,0,Al Día,Al Día / OK,Cliente Corporativo
FAC-2026-11728,El Puerto de Liverpool,Retail,03 - Marzo,2026-03-15,60,2026-05-14,29639.09,0,Al Día,Al Día / OK,Cliente Corporativo
FAC-2026-11729,Coppel,Retail,03 - Marzo,2026-03-22,45,2026-05-06,8198.49,0,Al Día,Al Día / OK,Cliente Corporativo
FAC-2026-11730,Coppel,Retail,03 - Marzo,2026-03-12,60,2026-05-11,4822.32,5,1-30 días,Atraso Preventivo,Cliente Corporativo
FAC-2026-11731,Coppel,Retail,03 - Marzo,2026-03-13,15,2026-03-28,6336.05,40,31-60 días,Riesgo Moderado,Cliente Corporativo
FAC-2026-11732,Coppel,Retail,03 - Marzo,2026-03-27,60,2026-05-26,4715.52,90,61-90 días,Riesgo Alto,Cliente Corporativo
FAC-2026-11733,Coppel,Retail,03 - Marzo,2026-03-22,30,2026-04-21,2827.24,136,+90 días (Crítico),En Mora / Crítico,Cliente Corporativo
FAC-2026-11734,Coppel,Retail,03 - Marzo,2026-03-18,45,2026-05-02,16358.27,0,Al Día,Al Día / OK,Cliente Corporativo
FAC-2026-11735,Coppel,Retail,03 - Marzo,2026-03-12,60,2026-05-11,9575.12,6,1-30 días,Atraso Preventivo,Cliente Corporativo
FAC-2026-11736,Coppel,Retail,03 - Marzo,2026-03-18,60,2026-05-17,10230.0,0,Al Día,Al Día / OK,Cliente Corporativo
FAC-2026-11737,Coppel,Retail,03 - Marzo,2026-03-27,15,2026-04-11,62458.07,0,Al Día,Al Día / OK,Cliente Corporativo
FAC-2026-11738,Coppel,Retail,03 - Marzo,2026-03-03,30,2026-04-02,8900.23,0,Al Día,Al Día / OK,Cliente Corporativo
FAC-2026-11739,Coppel,Retail,03 - Marzo,2026-03-04,45,2026-04-18,40770.03,115,+90 días (Crítico),En Mora / Crítico,Cliente Corporativo
FAC-2026-11740,Coppel,Retail,03 - Marzo,2026-03-02,45,2026-04-16,6785.38,0,Al Día,Al Día / OK,Cliente Corporativo
FAC-2026-11741,Coppel,Retail,03 - Marzo,2026-03-16,60,2026-05-15,3225.18,0,Al Día,Al Día / OK,Cliente Corporativo
FAC-2026-11742,Coppel,Retail,03 - Marzo,2026-03-15,60,2026-05-14,25959.77,0,Al Día,Al Día / OK,Cliente Corporativo
FAC-2026-11743,Coppel,Retail,03 - Marzo,2026-03-31,60,2026-05-30,5043.22,72,61-90 días,Riesgo Alto,Cliente Corporativo
FAC-2026-11744,Coppel,Retail,03 - Marzo,2026-03-06,60,2026-05-05,28402.43,108,+90 días (Crítico),En Mora / Crítico,Cliente Corporativo
FAC-2026-11745,Grupo Éxito,Retail,03 - Marzo,2026-03-15,30,2026-04-14,17892.03,0,Al Día,Al Día / OK,Cliente Corporativo
FAC-2026-11746,Grupo Éxito,Retail,03 - Marzo,2026-03-17,60,2026-05-16,19795.18,11,1-30 días,Atraso Preventivo,Cliente Corporativo
FAC-2026-11747,Grupo Éxito,Retail,03 - Marzo,2026-03-31,45,2026-05-15,9171.57,58,31-60 días,Riesgo Moderado,Cliente Corporativo
FAC-2026-11748,Grupo Éxito,Retail,03 - Marzo,2026-03-07,45,2026-04-21,2559.86,62,61-90 días,Riesgo Alto,Cliente Corporativo
FAC-2026-11749,Grupo Éxito,Retail,03 - Marzo,2026-03-06,15,2026-03-21,6717.61,148,+90 días (Crítico),En Mora / Crítico,Cliente Corporativo
FAC-2026-11750,Grupo Éxito,Retail,03 - Marzo,2026-03-12,45,2026-04-26,34620.61,0,Al Día,Al Día / OK,Cliente Corporativo
FAC-2026-11751,Grupo Éxito,Retail,03 - Marzo,2026-03-18,60,2026-05-17,3785.06,0,Al Día,Al Día / OK,Cliente Corporativo
FAC-2026-11752,Grupo Éxito,Retail,03 - Marzo,2026-03-10,45,2026-04-24,5196.2,0,Al Día,Al Día / OK,Cliente Corporativo
FAC-2026-11753,Grupo Éxito,Retail,03 - Marzo,2026-03-16,15,2026-03-31,39021.86,28,1-30 días,Atraso Preventivo,Cliente Corporativo
FAC-2026-11754,Grupo Éxito,Retail,03 - Marzo,2026-03-10,45,2026-04-24,5523.91,24,1-30 días,Atraso Preventivo,Cliente Corporativo
FAC-2026-11755,Grupo Éxito,Retail,03 - Marzo,2026-03-05,60,2026-05-04,9422.0,17,1-30 días,Atraso Preventivo,Cliente Corporativo
FAC-2026-11756,Grupo Éxito,Retail,03 - Marzo,2026-03-24,30,2026-04-23,10953.83,149,+90 días (Crítico),En Mora / Crítico,Cliente Corporativo
FAC-2026-11757,Grupo Éxito,Retail,03 - Marzo,2026-03-04,15,2026-03-19,23896.53,0,Al Día,Al Día / OK,Cliente Corporativo
FAC-2026-11758,Grupo Éxito,Retail,03 - Marzo,2026-03-03,45,2026-04-17,11388.73,0,Al Día,Al Día / OK,Cliente Corporativo
FAC-2026-11759,FEMSA Comercio (OXXO),Retail,03 - Marzo,2026-03-13,60,2026-05-12,23464.78,0,Al Día,Al Día / OK,Cliente Corporativo
FAC-2026-11760,FEMSA Comercio (OXXO),Retail,03 - Marzo,2026-03-13,45,2026-04-27,20096.82,10,1-30 días,Atraso Preventivo,Cliente Corporativo
FAC-2026-11761,FEMSA Comercio (OXXO),Retail,03 - Marzo,2026-03-08,15,2026-03-23,17653.45,33,31-60 días,Riesgo Moderado,Cliente Corporativo
FAC-2026-11762,FEMSA Comercio (OXXO),Retail,03 - Marzo,2026-03-02,15,2026-03-17,9919.97,73,61-90 días,Riesgo Alto,Cliente Corporativo
FAC-2026-11763,FEMSA Comercio (OXXO),Retail,03 - Marzo,2026-03-20,60,2026-05-19,33686.48,133,+90 días (Crítico),En Mora / Crítico,Cliente Corporativo
FAC-2026-11764,FEMSA Comercio (OXXO),Retail,03 - Marzo,2026-03-15,45,2026-04-29,31679.79,33,31-60 días,Riesgo Moderado,Cliente Corporativo
FAC-2026-11765,FEMSA Comercio (OXXO),Retail,03 - Marzo,2026-03-12,60,2026-05-11,79888.07,37,31-60 días,Riesgo Moderado,Cliente Corporativo
FAC-2026-11766,FEMSA Comercio (OXXO),Retail,03 - Marzo,2026-03-09,15,2026-03-24,14847.15,16,1-30 días,Atraso Preventivo,Cliente Corporativo
FAC-2026-11767,FEMSA Comercio (OXXO),Retail,03 - Marzo,2026-03-10,15,2026-03-25,11356.41,0,Al Día,Al Día / OK,Cliente Corporativo
FAC-2026-11768,FEMSA Comercio (OXXO),Retail,03 - Marzo,2026-03-13,45,2026-04-27,8510.34,0,Al Día,Al Día / OK,Cliente Corporativo
FAC-2026-11769,FEMSA Comercio (OXXO),Retail,03 - Marzo,2026-03-11,30,2026-04-10,15448.82,54,31-60 días,Riesgo Moderado,Cliente Corporativo
FAC-2026-11770,FEMSA Comercio (OXXO),Retail,03 - Marzo,2026-03-20,30,2026-04-19,1694.18,0,Al Día,Al Día / OK,Cliente Corporativo
FAC-2026-11771,FEMSA Comercio (OXXO),Retail,03 - Marzo,2026-03-13,45,2026-04-27,48976.8,0,Al Día,Al Día / OK,Cliente Corporativo
FAC-2026-11772,FEMSA Comercio (OXXO),Retail,03 - Marzo,2026-03-31,60,2026-05-30,6573.92,6,1-30 días,Atraso Preventivo,Cliente Corporativo
FAC-2026-11773,FEMSA Comercio (OXXO),Retail,03 - Marzo,2026-03-25,60,2026-05-24,48496.15,0,Al Día,Al Día / OK,Cliente Corporativo
FAC-2026-11774,FEMSA Comercio (OXXO),Retail,03 - Marzo,2026-03-11,30,2026-04-10,28120.11,18,1-30 días,Atraso Preventivo,Cliente Corporativo
FAC-2026-11775,FEMSA Comercio (OXXO),Retail,03 - Marzo,2026-03-02,60,2026-05-01,11593.36,29,1-30 días,Atraso Preventivo,Cliente Corporativo
FAC-2026-11776,FEMSA Comercio (OXXO),Retail,03 - Marzo,2026-03-17,15,2026-04-01,27249.93,0,Al Día,Al Día / OK,Cliente Corporativo
FAC-2026-11777,Chedraui,Retail,03 - Marzo,2026-03-01,30,2026-03-31,27802.28,0,Al Día,Al Día / OK,Cliente Corporativo
FAC-2026-11778,Chedraui,Retail,03 - Marzo,2026-03-05,45,2026-04-19,17800.4,22,1-30 días,Atraso Preventivo,Cliente Corporativo
FAC-2026-11779,Chedraui,Retail,03 - Marzo,2026-03-21,15,2026-04-05,12564.34,60,31-60 días,Riesgo Moderado,Cliente Corporativo
FAC-2026-11780,Chedraui,Retail,03 - Marzo,2026-03-10,45,2026-04-24,10550.44,70,61-90 días,Riesgo Alto,Cliente Corporativo
FAC-2026-11781,Chedraui,Retail,03 - Marzo,2026-03-12,30,2026-04-11,3262.63,106,+90 días (Crítico),En Mora / Crítico,Cliente Corporativo
FAC-2026-11782,Chedraui,Retail,03 - Marzo,2026-03-02,60,2026-05-01,20989.54,0,Al Día,Al Día / OK,Cliente Corporativo
FAC-2026-11783,Chedraui,Retail,03 - Marzo,2026-03-16,45,2026-04-30,37649.1,58,31-60 días,Riesgo Moderado,Cliente Corporativo
FAC-2026-11784,Chedraui,Retail,03 - Marzo,2026-03-13,60,2026-05-12,18688.6,30,1-30 días,Atraso Preventivo,Cliente Corporativo
FAC-2026-11785,Chedraui,Retail,03 - Marzo,2026-03-26,60,2026-05-25,42541.1,0,Al Día,Al Día / OK,Cliente Corporativo
FAC-2026-11786,Chedraui,Retail,03 - Marzo,2026-03-27,30,2026-04-26,32180.98,0,Al Día,Al Día / OK,Cliente Corporativo
FAC-2026-11787,Chedraui,Retail,03 - Marzo,2026-03-21,45,2026-05-05,13930.42,0,Al Día,Al Día / OK,Cliente Corporativo
FAC-2026-11788,Chedraui,Retail,03 - Marzo,2026-03-19,15,2026-04-03,19545.17,82,61-90 días,Riesgo Alto,Cliente Corporativo
FAC-2026-11789,Chedraui,Retail,03 - Marzo,2026-03-19,45,2026-05-03,29214.35,93,+90 días (Crítico),En Mora / Crítico,Cliente Corporativo
FAC-2026-11790,Chedraui,Retail,03 - Marzo,2026-03-29,60,2026-05-28,22673.94,10,1-30 días,Atraso Preventivo,Cliente Corporativo
FAC-2026-11791,Chedraui,Retail,03 - Marzo,2026-03-27,15,2026-04-11,68038.51,36,31-60 días,Riesgo Moderado,Cliente Corporativo
FAC-2026-11792,América Móvil (Claro),Telecom,03 - Marzo,2026-03-27,60,2026-05-26,29101.11,0,Al Día,Al Día / OK,Cliente Corporativo
FAC-2026-11793,América Móvil (Claro),Telecom,03 - Marzo,2026-03-18,45,2026-05-02,13052.22,5,1-30 días,Atraso Preventivo,Cliente Corporativo
FAC-2026-11794,América Móvil (Claro),Telecom,03 - Marzo,2026-03-03,45,2026-04-17,66212.95,58,31-60 días,Riesgo Moderado,Cliente Corporativo
FAC-2026-11795,América Móvil (Claro),Telecom,03 - Marzo,2026-03-25,45,2026-05-09,15701.92,66,61-90 días,Riesgo Alto,Cliente Corporativo
FAC-2026-11796,América Móvil (Claro),Telecom,03 - Marzo,2026-03-31,45,2026-05-15,29515.13,92,+90 días (Crítico),En Mora / Crítico,Cliente Corporativo
FAC-2026-11797,América Móvil (Claro),Telecom,03 - Marzo,2026-03-29,60,2026-05-28,11220.35,39,31-60 días,Riesgo Moderado,Cliente Corporativo
FAC-2026-11798,América Móvil (Claro),Telecom,03 - Marzo,2026-03-28,30,2026-04-27,6992.73,70,61-90 días,Riesgo Alto,Cliente Corporativo
FAC-2026-11799,América Móvil (Claro),Telecom,03 - Marzo,2026-03-04,30,2026-04-03,65928.97,75,61-90 días,Riesgo Alto,Cliente Corporativo
FAC-2026-11800,América Móvil (Claro),Telecom,03 - Marzo,2026-03-17,45,2026-05-01,9101.02,0,Al Día,Al Día / OK,Cliente Corporativo
FAC-2026-11801,América Móvil (Claro),Telecom,03 - Marzo,2026-03-29,15,2026-04-13,7799.26,10,1-30 días,Atraso Preventivo,Cliente Corporativo
FAC-2026-11802,América Móvil (Claro),Telecom,03 - Marzo,2026-03-26,60,2026-05-25,20989.57,0,Al Día,Al Día / OK,Cliente Corporativo
FAC-2026-11803,América Móvil (Claro),Telecom,03 - Marzo,2026-03-16,15,2026-03-31,3908.37,0,Al Día,Al Día / OK,Cliente Corporativo
FAC-2026-11804,América Móvil (Claro),Telecom,03 - Marzo,2026-03-15,45,2026-04-29,12268.16,170,+90 días (Crítico),En Mora / Crítico,Cliente Corporativo
FAC-2026-11805,América Móvil (Claro),Telecom,03 - Marzo,2026-03-21,30,2026-04-20,13714.14,10,1-30 días,Atraso Preventivo,Cliente Corporativo
FAC-2026-11806,América Móvil (Claro),Telecom,03 - Marzo,2026-03-30,45,2026-05-14,51153.16,0,Al Día,Al Día / OK,Cliente Corporativo
FAC-2026-11807,América Móvil (Claro),Telecom,03 - Marzo,2026-03-08,60,2026-05-07,21246.71,0,Al Día,Al Día / OK,Cliente Corporativo
FAC-2026-11808,Telefónica (Movistar),Telecom,03 - Marzo,2026-03-06,15,2026-03-21,6194.03,0,Al Día,Al Día / OK,Cliente Corporativo
FAC-2026-11809,Telefónica (Movistar),Telecom,03 - Marzo,2026-03-22,45,2026-05-06,24336.19,25,1-30 días,Atraso Preventivo,Cliente Corporativo
FAC-2026-11810,Telefónica (Movistar),Telecom,03 - Marzo,2026-03-20,60,2026-05-19,16392.47,56,31-60 días,Riesgo Moderado,Cliente Corporativo
FAC-2026-11811,Telefónica (Movistar),Telecom,03 - Marzo,2026-03-18,15,2026-04-02,14151.33,89,61-90 días,Riesgo Alto,Cliente Corporativo
FAC-2026-11812,Telefónica (Movistar),Telecom,03 - Marzo,2026-03-15,30,2026-04-14,23881.57,116,+90 días (Crítico),En Mora / Crítico,Cliente Corporativo
FAC-2026-11813,Telefónica (Movistar),Telecom,03 - Marzo,2026-03-16,60,2026-05-15,4865.62,0,Al Día,Al Día / OK,Cliente Corporativo
FAC-2026-11814,Telefónica (Movistar),Telecom,03 - Marzo,2026-03-22,45,2026-05-06,3600.89,12,1-30 días,Atraso Preventivo,Cliente Corporativo
FAC-2026-11815,Telefónica (Movistar),Telecom,03 - Marzo,2026-03-06,60,2026-05-05,5280.9,0,Al Día,Al Día / OK,Cliente Corporativo
FAC-2026-11816,Telefónica (Movistar),Telecom,03 - Marzo,2026-03-21,15,2026-04-05,7214.82,0,Al Día,Al Día / OK,Cliente Corporativo
FAC-2026-11817,Telefónica (Movistar),Telecom,03 - Marzo,2026-03-27,60,2026-05-26,25119.99,119,+90 días (Crítico),En Mora / Crítico,Cliente Corporativo
FAC-2026-11818,Telefónica (Movistar),Telecom,03 - Marzo,2026-03-11,60,2026-05-10,22104.57,27,1-30 días,Atraso Preventivo,Cliente Corporativo
FAC-2026-11819,Telefónica (Movistar),Telecom,03 - Marzo,2026-03-10,45,2026-04-24,3626.42,13,1-30 días,Atraso Preventivo,Cliente Corporativo
FAC-2026-11820,Telefónica (Movistar),Telecom,03 - Marzo,2026-03-14,30,2026-04-13,18604.57,25,1-30 días,Atraso Preventivo,Cliente Corporativo
FAC-2026-11821,Telefónica (Movistar),Telecom,03 - Marzo,2026-03-23,30,2026-04-22,8769.53,0,Al Día,Al Día / OK,Cliente Corporativo
FAC-2026-11822,Telefónica (Movistar),Telecom,03 - Marzo,2026-03-29,45,2026-05-13,18535.46,30,1-30 días,Atraso Preventivo,Cliente Corporativo
FAC-2026-11823,Telefónica (Movistar),Telecom,03 - Marzo,2026-03-02,30,2026-04-01,31017.04,27,1-30 días,Atraso Preventivo,Cliente Corporativo
FAC-2026-11824,Telefónica (Movistar),Telecom,03 - Marzo,2026-03-22,15,2026-04-06,55234.05,0,Al Día,Al Día / OK,Cliente Corporativo
FAC-2026-11825,Telefónica (Movistar),Telecom,03 - Marzo,2026-03-20,15,2026-04-04,11381.07,0,Al Día,Al Día / OK,Cliente Corporativo
FAC-2026-11826,Millicom (Tigo),Telecom,03 - Marzo,2026-03-21,60,2026-05-20,50743.84,0,Al Día,Al Día / OK,Cliente Corporativo
FAC-2026-11827,Millicom (Tigo),Telecom,03 - Marzo,2026-03-09,45,2026-04-23,21428.96,7,1-30 días,Atraso Preventivo,Cliente Corporativo
FAC-2026-11828,Millicom (Tigo),Telecom,03 - Marzo,2026-03-11,60,2026-05-10,17033.07,52,31-60 días,Riesgo Moderado,Cliente Corporativo
FAC-2026-11829,Millicom (Tigo),Telecom,03 - Marzo,2026-03-13,30,2026-04-12,5306.32,73,61-90 días,Riesgo Alto,Cliente Corporativo
FAC-2026-11830,Millicom (Tigo),Telecom,03 - Marzo,2026-03-31,30,2026-04-30,61232.68,125,+90 días (Crítico),En Mora / Crítico,Cliente Corporativo
FAC-2026-11831,Millicom (Tigo),Telecom,03 - Marzo,2026-03-16,60,2026-05-15,19888.58,0,Al Día,Al Día / OK,Cliente Corporativo
FAC-2026-11832,Millicom (Tigo),Telecom,03 - Marzo,2026-03-22,45,2026-05-06,21903.76,0,Al Día,Al Día / OK,Cliente Corporativo
FAC-2026-11833,Millicom (Tigo),Telecom,03 - Marzo,2026-03-11,15,2026-03-26,44872.6,23,1-30 días,Atraso Preventivo,Cliente Corporativo
FAC-2026-11834,Millicom (Tigo),Telecom,03 - Marzo,2026-03-05,45,2026-04-19,1241.87,0,Al Día,Al Día / OK,Cliente Corporativo
FAC-2026-11835,Millicom (Tigo),Telecom,03 - Marzo,2026-03-02,45,2026-04-16,16166.58,48,31-60 días,Riesgo Moderado,Cliente Corporativo
FAC-2026-11836,Millicom (Tigo),Telecom,03 - Marzo,2026-03-27,45,2026-05-11,39177.7,37,31-60 días,Riesgo Moderado,Cliente Corporativo
FAC-2026-11837,Millicom (Tigo),Telecom,03 - Marzo,2026-03-01,15,2026-03-16,43950.0,62,61-90 días,Riesgo Alto,Cliente Corporativo
FAC-2026-11838,Millicom (Tigo),Telecom,03 - Marzo,2026-03-07,60,2026-05-06,4998.04,126,+90 días (Crítico),En Mora / Crítico,Cliente Corporativo
FAC-2026-11839,Millicom (Tigo),Telecom,03 - Marzo,2026-03-13,15,2026-03-28,2526.36,0,Al Día,Al Día / OK,Cliente Corporativo
FAC-2026-11840,Millicom (Tigo),Telecom,03 - Marzo,2026-03-30,30,2026-04-29,16584.3,0,Al Día,Al Día / OK,Cliente Corporativo
FAC-2026-11841,Millicom (Tigo),Telecom,03 - Marzo,2026-03-16,30,2026-04-15,3241.52,0,Al Día,Al Día / OK,Cliente Corporativo
FAC-2026-11842,Entel,Telecom,03 - Marzo,2026-03-19,30,2026-04-18,11134.39,0,Al Día,Al Día / OK,Cliente Corporativo
FAC-2026-11843,Entel,Telecom,03 - Marzo,2026-03-13,60,2026-05-12,3143.34,9,1-30 días,Atraso Preventivo,Cliente Corporativo
FAC-2026-11844,Entel,Telecom,03 - Marzo,2026-03-04,60,2026-05-03,5824.8,34,31-60 días,Riesgo Moderado,Cliente Corporativo
FAC-2026-11845,Entel,Telecom,03 - Marzo,2026-03-18,30,2026-04-17,18565.48,76,61-90 días,Riesgo Alto,Cliente Corporativo
FAC-2026-11846,Entel,Telecom,03 - Marzo,2026-03-22,30,2026-04-21,5440.61,111,+90 días (Crítico),En Mora / Crítico,Cliente Corporativo
FAC-2026-11847,Entel,Telecom,03 - Marzo,2026-03-07,45,2026-04-21,1916.18,0,Al Día,Al Día / OK,Cliente Corporativo
FAC-2026-11848,Entel,Telecom,03 - Marzo,2026-03-21,15,2026-04-05,33350.19,49,31-60 días,Riesgo Moderado,Cliente Corporativo
FAC-2026-11849,Entel,Telecom,03 - Marzo,2026-03-14,15,2026-03-29,22384.81,0,Al Día,Al Día / OK,Cliente Corporativo
FAC-2026-11850,Entel,Telecom,03 - Marzo,2026-03-14,30,2026-04-13,22089.46,148,+90 días (Crítico),En Mora / Crítico,Cliente Corporativo
FAC-2026-11851,Entel,Telecom,03 - Marzo,2026-03-15,45,2026-04-29,5755.87,23,1-30 días,Atraso Preventivo,Cliente Corporativo
FAC-2026-11852,Entel,Telecom,03 - Marzo,2026-03-27,15,2026-04-11,19127.47,34,31-60 días,Riesgo Moderado,Cliente Corporativo
FAC-2026-11853,Entel,Telecom,03 - Marzo,2026-03-07,30,2026-04-06,7888.82,0,Al Día,Al Día / OK,Cliente Corporativo
FAC-2026-11854,Entel,Telecom,03 - Marzo,2026-03-17,30,2026-04-16,51991.17,70,61-90 días,Riesgo Alto,Cliente Corporativo
FAC-2026-11855,Entel,Telecom,03 - Marzo,2026-03-05,15,2026-03-20,18812.42,0,Al Día,Al Día / OK,Cliente Corporativo
FAC-2026-11856,Entel,Telecom,03 - Marzo,2026-03-04,60,2026-05-03,44990.18,60,31-60 días,Riesgo Moderado,Cliente Corporativo
FAC-2026-11857,Entel,Telecom,03 - Marzo,2026-03-29,30,2026-04-28,8029.02,19,1-30 días,Atraso Preventivo,Cliente Corporativo
FAC-2026-11858,AT&T,Telecom,03 - Marzo,2026-03-10,15,2026-03-25,19759.01,0,Al Día,Al Día / OK,Cliente Corporativo
FAC-2026-11859,AT&T,Telecom,03 - Marzo,2026-03-04,30,2026-04-03,4026.99,22,1-30 días,Atraso Preventivo,Cliente Corporativo
FAC-2026-11860,AT&T,Telecom,03 - Marzo,2026-03-12,45,2026-04-26,45338.8,46,31-60 días,Riesgo Moderado,Cliente Corporativo
FAC-2026-11861,AT&T,Telecom,03 - Marzo,2026-03-03,45,2026-04-17,16003.17,78,61-90 días,Riesgo Alto,Cliente Corporativo
FAC-2026-11862,AT&T,Telecom,03 - Marzo,2026-03-06,15,2026-03-21,40497.08,172,+90 días (Crítico),En Mora / Crítico,Cliente Corporativo
FAC-2026-11863,AT&T,Telecom,03 - Marzo,2026-03-26,60,2026-05-25,6746.11,167,+90 días (Crítico),En Mora / Crítico,Cliente Corporativo
FAC-2026-11864,AT&T,Telecom,03 - Marzo,2026-03-14,15,2026-03-29,2778.56,127,+90 días (Crítico),En Mora / Crítico,Cliente Corporativo
FAC-2026-11865,AT&T,Telecom,03 - Marzo,2026-03-02,60,2026-05-01,69446.93,9,1-30 días,Atraso Preventivo,Cliente Corporativo
FAC-2026-11866,AT&T,Telecom,03 - Marzo,2026-03-09,30,2026-04-08,7605.32,0,Al Día,Al Día / OK,Cliente Corporativo
FAC-2026-11867,AT&T,Telecom,03 - Marzo,2026-03-30,30,2026-04-29,31666.43,0,Al Día,Al Día / OK,Cliente Corporativo
FAC-2026-11868,AT&T,Telecom,03 - Marzo,2026-03-25,15,2026-04-09,8740.08,0,Al Día,Al Día / OK,Cliente Corporativo
FAC-2026-11869,AT&T,Telecom,03 - Marzo,2026-03-30,45,2026-05-14,23417.57,29,1-30 días,Atraso Preventivo,Cliente Corporativo
FAC-2026-11870,AT&T,Telecom,03 - Marzo,2026-03-07,60,2026-05-06,2205.85,0,Al Día,Al Día / OK,Cliente Corporativo
FAC-2026-11871,AT&T,Telecom,03 - Marzo,2026-03-02,15,2026-03-17,20510.34,0,Al Día,Al Día / OK,Cliente Corporativo
FAC-2026-11872,AT&T,Telecom,03 - Marzo,2026-03-31,60,2026-05-30,7772.37,22,1-30 días,Atraso Preventivo,Cliente Corporativo
FAC-2026-11873,AT&T,Telecom,03 - Marzo,2026-03-05,30,2026-04-04,18201.72,0,Al Día,Al Día / OK,Cliente Corporativo
FAC-2026-11874,Liberty Latin America,Telecom,03 - Marzo,2026-03-24,45,2026-05-08,8660.76,0,Al Día,Al Día / OK,Cliente Corporativo
FAC-2026-11875,Liberty Latin America,Telecom,03 - Marzo,2026-03-02,15,2026-03-17,3688.0,11,1-30 días,Atraso Preventivo,Cliente Corporativo
FAC-2026-11876,Liberty Latin America,Telecom,03 - Marzo,2026-03-22,45,2026-05-06,90767.53,33,31-60 días,Riesgo Moderado,Cliente Corporativo
FAC-2026-11877,Liberty Latin America,Telecom,03 - Marzo,2026-03-26,15,2026-04-10,32836.25,90,61-90 días,Riesgo Alto,Cliente Corporativo
FAC-2026-11878,Liberty Latin America,Telecom,03 - Marzo,2026-03-06,45,2026-04-20,15978.29,150,+90 días (Crítico),En Mora / Crítico,Cliente Corporativo
FAC-2026-11879,Liberty Latin America,Telecom,03 - Marzo,2026-03-12,15,2026-03-27,19097.45,15,1-30 días,Atraso Preventivo,Cliente Corporativo
FAC-2026-11880,Liberty Latin America,Telecom,03 - Marzo,2026-03-26,30,2026-04-25,2968.14,0,Al Día,Al Día / OK,Cliente Corporativo
FAC-2026-11881,Liberty Latin America,Telecom,03 - Marzo,2026-03-14,60,2026-05-13,11950.5,57,31-60 días,Riesgo Moderado,Cliente Corporativo
FAC-2026-11882,Liberty Latin America,Telecom,03 - Marzo,2026-03-11,45,2026-04-25,18710.58,0,Al Día,Al Día / OK,Cliente Corporativo
FAC-2026-11883,Liberty Latin America,Telecom,03 - Marzo,2026-03-02,15,2026-03-17,35538.94,79,61-90 días,Riesgo Alto,Cliente Corporativo
FAC-2026-11884,Liberty Latin America,Telecom,03 - Marzo,2026-03-25,45,2026-05-09,27066.06,0,Al Día,Al Día / OK,Cliente Corporativo
FAC-2026-11885,Liberty Latin America,Telecom,03 - Marzo,2026-03-08,45,2026-04-22,1563.15,0,Al Día,Al Día / OK,Cliente Corporativo
FAC-2026-11886,Liberty Latin America,Telecom,03 - Marzo,2026-03-26,45,2026-05-10,14337.17,0,Al Día,Al Día / OK,Cliente Corporativo
FAC-2026-11887,Liberty Latin America,Telecom,03 - Marzo,2026-03-10,15,2026-03-25,23989.62,0,Al Día,Al Día / OK,Cliente Corporativo
FAC-2026-11888,Telecom Argentina,Telecom,03 - Marzo,2026-03-19,15,2026-04-03,22581.39,0,Al Día,Al Día / OK,Cliente Corporativo
FAC-2026-11889,Telecom Argentina,Telecom,03 - Marzo,2026-03-15,60,2026-05-14,9223.67,27,1-30 días,Atraso Preventivo,Cliente Corporativo
FAC-2026-11890,Telecom Argentina,Telecom,03 - Marzo,2026-03-12,60,2026-05-11,10782.25,35,31-60 días,Riesgo Moderado,Cliente Corporativo
FAC-2026-11891,Telecom Argentina,Telecom,03 - Marzo,2026-03-21,15,2026-04-05,10095.47,77,61-90 días,Riesgo Alto,Cliente Corporativo
FAC-2026-11892,Telecom Argentina,Telecom,03 - Marzo,2026-03-22,45,2026-05-06,1973.66,103,+90 días (Crítico),En Mora / Crítico,Cliente Corporativo
FAC-2026-11893,Telecom Argentina,Telecom,03 - Marzo,2026-03-23,15,2026-04-07,5312.61,0,Al Día,Al Día / OK,Cliente Corporativo
FAC-2026-11894,Telecom Argentina,Telecom,03 - Marzo,2026-03-30,30,2026-04-29,99056.48,0,Al Día,Al Día / OK,Cliente Corporativo
FAC-2026-11895,Telecom Argentina,Telecom,03 - Marzo,2026-03-26,60,2026-05-25,16218.65,0,Al Día,Al Día / OK,Cliente Corporativo
FAC-2026-11896,Telecom Argentina,Telecom,03 - Marzo,2026-03-17,30,2026-04-16,1213.46,36,31-60 días,Riesgo Moderado,Cliente Corporativo
FAC-2026-11897,Telecom Argentina,Telecom,03 - Marzo,2026-03-18,45,2026-05-02,2733.76,14,1-30 días,Atraso Preventivo,Cliente Corporativo
FAC-2026-11898,Telecom Argentina,Telecom,03 - Marzo,2026-03-30,15,2026-04-14,33278.76,0,Al Día,Al Día / OK,Cliente Corporativo
FAC-2026-11899,Telecom Argentina,Telecom,03 - Marzo,2026-03-22,30,2026-04-21,50371.03,0,Al Día,Al Día / OK,Cliente Corporativo
FAC-2026-11900,Telecom Argentina,Telecom,03 - Marzo,2026-03-14,30,2026-04-13,9683.73,46,31-60 días,Riesgo Moderado,Cliente Corporativo
FAC-2026-11901,Telecom Argentina,Telecom,03 - Marzo,2026-03-18,15,2026-04-02,4807.96,13,1-30 días,Atraso Preventivo,Cliente Corporativo
FAC-2026-11902,Telecom Argentina,Telecom,03 - Marzo,2026-03-23,45,2026-05-07,12570.19,0,Al Día,Al Día / OK,Cliente Corporativo
FAC-2026-11903,Banco Santander,Banca & Fintech,03 - Marzo,2026-03-25,15,2026-04-09,44888.22,0,Al Día,Al Día / OK,Cliente Corporativo
FAC-2026-11904,Banco Santander,Banca & Fintech,03 - Marzo,2026-03-26,30,2026-04-25,13152.84,7,1-30 días,Atraso Preventivo,Cliente Corporativo
FAC-2026-11905,Banco Santander,Banca & Fintech,03 - Marzo,2026-03-31,30,2026-04-30,32414.6,54,31-60 días,Riesgo Moderado,Cliente Corporativo
FAC-2026-11906,Banco Santander,Banca & Fintech,03 - Marzo,2026-03-23,60,2026-05-22,21578.56,77,61-90 días,Riesgo Alto,Cliente Corporativo
FAC-2026-11907,Banco Santander,Banca & Fintech,03 - Marzo,2026-03-18,45,2026-05-02,4573.78,163,+90 días (Crítico),En Mora / Crítico,Cliente Corporativo
FAC-2026-11908,Banco Santander,Banca & Fintech,03 - Marzo,2026-03-03,45,2026-04-17,12957.7,0,Al Día,Al Día / OK,Cliente Corporativo
FAC-2026-11909,Banco Santander,Banca & Fintech,03 - Marzo,2026-03-01,45,2026-04-15,10779.28,0,Al Día,Al Día / OK,Cliente Corporativo
FAC-2026-11910,Banco Santander,Banca & Fintech,03 - Marzo,2026-03-12,15,2026-03-27,1649.63,0,Al Día,Al Día / OK,Cliente Corporativo
FAC-2026-11911,Banco Santander,Banca & Fintech,03 - Marzo,2026-03-16,60,2026-05-15,14917.56,0,Al Día,Al Día / OK,Cliente Corporativo
FAC-2026-11912,Banco Santander,Banca & Fintech,03 - Marzo,2026-03-11,45,2026-04-25,6116.14,59,31-60 días,Riesgo Moderado,Cliente Corporativo
FAC-2026-11913,Banco Santander,Banca & Fintech,03 - Marzo,2026-03-22,45,2026-05-06,6005.96,0,Al Día,Al Día / OK,Cliente Corporativo
FAC-2026-11914,Banco Santander,Banca & Fintech,03 - Marzo,2026-03-11,60,2026-05-10,8638.6,49,31-60 días,Riesgo Moderado,Cliente Corporativo
FAC-2026-11915,Banco Santander,Banca & Fintech,03 - Marzo,2026-03-23,30,2026-04-22,10634.59,23,1-30 días,Atraso Preventivo,Cliente Corporativo
FAC-2026-11916,Banco Santander,Banca & Fintech,03 - Marzo,2026-03-29,45,2026-05-13,1776.36,29,1-30 días,Atraso Preventivo,Cliente Corporativo
FAC-2026-11917,Banco Santander,Banca & Fintech,03 - Marzo,2026-03-21,45,2026-05-05,9480.25,22,1-30 días,Atraso Preventivo,Cliente Corporativo
FAC-2026-11918,Banco Santander,Banca & Fintech,03 - Marzo,2026-03-23,15,2026-04-07,34663.65,51,31-60 días,Riesgo Moderado,Cliente Corporativo
FAC-2026-11919,Banco Santander,Banca & Fintech,03 - Marzo,2026-03-27,30,2026-04-26,1880.75,0,Al Día,Al Día / OK,Cliente Corporativo
FAC-2026-11920,BBVA,Banca & Fintech,03 - Marzo,2026-03-28,15,2026-04-12,19352.86,0,Al Día,Al Día / OK,Cliente Corporativo
FAC-2026-11921,BBVA,Banca & Fintech,03 - Marzo,2026-03-27,60,2026-05-26,45605.77,30,1-30 días,Atraso Preventivo,Cliente Corporativo
FAC-2026-11922,BBVA,Banca & Fintech,03 - Marzo,2026-03-12,45,2026-04-26,5416.07,42,31-60 días,Riesgo Moderado,Cliente Corporativo
FAC-2026-11923,BBVA,Banca & Fintech,03 - Marzo,2026-03-14,30,2026-04-13,31868.08,83,61-90 días,Riesgo Alto,Cliente Corporativo
FAC-2026-11924,BBVA,Banca & Fintech,03 - Marzo,2026-03-09,15,2026-03-24,4731.76,101,+90 días (Crítico),En Mora / Crítico,Cliente Corporativo
FAC-2026-11925,BBVA,Banca & Fintech,03 - Marzo,2026-03-17,30,2026-04-16,16635.58,0,Al Día,Al Día / OK,Cliente Corporativo
FAC-2026-11926,BBVA,Banca & Fintech,03 - Marzo,2026-03-30,30,2026-04-29,59305.57,0,Al Día,Al Día / OK,Cliente Corporativo
FAC-2026-11927,BBVA,Banca & Fintech,03 - Marzo,2026-03-31,45,2026-05-15,1454.05,0,Al Día,Al Día / OK,Cliente Corporativo
FAC-2026-11928,BBVA,Banca & Fintech,03 - Marzo,2026-03-09,45,2026-04-23,17664.39,67,61-90 días,Riesgo Alto,Cliente Corporativo
FAC-2026-11929,BBVA,Banca & Fintech,03 - Marzo,2026-03-26,15,2026-04-10,12276.79,81,61-90 días,Riesgo Alto,Cliente Corporativo
FAC-2026-11930,BBVA,Banca & Fintech,03 - Marzo,2026-03-31,15,2026-04-15,21961.05,0,Al Día,Al Día / OK,Cliente Corporativo
FAC-2026-11931,BBVA,Banca & Fintech,03 - Marzo,2026-03-02,15,2026-03-17,8233.29,10,1-30 días,Atraso Preventivo,Cliente Corporativo
FAC-2026-11932,BBVA,Banca & Fintech,03 - Marzo,2026-03-03,15,2026-03-18,36582.41,0,Al Día,Al Día / OK,Cliente Corporativo
FAC-2026-11933,BBVA,Banca & Fintech,03 - Marzo,2026-03-19,60,2026-05-18,60223.89,29,1-30 días,Atraso Preventivo,Cliente Corporativo
FAC-2026-11934,BBVA,Banca & Fintech,03 - Marzo,2026-03-12,30,2026-04-11,18943.12,0,Al Día,Al Día / OK,Cliente Corporativo
FAC-2026-11935,Banco de Chile,Banca & Fintech,03 - Marzo,2026-03-13,15,2026-03-28,27549.25,0,Al Día,Al Día / OK,Cliente Corporativo
FAC-2026-11936,Banco de Chile,Banca & Fintech,03 - Marzo,2026-03-03,60,2026-05-02,45091.81,25,1-30 días,Atraso Preventivo,Cliente Corporativo
FAC-2026-11937,Banco de Chile,Banca & Fintech,03 - Marzo,2026-03-05,60,2026-05-04,23904.71,38,31-60 días,Riesgo Moderado,Cliente Corporativo
FAC-2026-11938,Banco de Chile,Banca & Fintech,03 - Marzo,2026-03-08,60,2026-05-07,19203.04,78,61-90 días,Riesgo Alto,Cliente Corporativo
FAC-2026-11939,Banco de Chile,Banca & Fintech,03 - Marzo,2026-03-16,30,2026-04-15,7136.0,166,+90 días (Crítico),En Mora / Crítico,Cliente Corporativo
FAC-2026-11940,Banco de Chile,Banca & Fintech,03 - Marzo,2026-03-07,15,2026-03-22,2911.86,0,Al Día,Al Día / OK,Cliente Corporativo
FAC-2026-11941,Banco de Chile,Banca & Fintech,03 - Marzo,2026-03-24,60,2026-05-23,3134.36,39,31-60 días,Riesgo Moderado,Cliente Corporativo
FAC-2026-11942,Banco de Chile,Banca & Fintech,03 - Marzo,2026-03-23,60,2026-05-22,22677.84,22,1-30 días,Atraso Preventivo,Cliente Corporativo
FAC-2026-11943,Banco de Chile,Banca & Fintech,03 - Marzo,2026-03-17,45,2026-05-01,8143.43,0,Al Día,Al Día / OK,Cliente Corporativo
FAC-2026-11944,Banco de Chile,Banca & Fintech,03 - Marzo,2026-03-10,60,2026-05-09,37458.67,48,31-60 días,Riesgo Moderado,Cliente Corporativo
FAC-2026-11945,Banco de Chile,Banca & Fintech,03 - Marzo,2026-03-26,15,2026-04-10,11240.68,0,Al Día,Al Día / OK,Cliente Corporativo
FAC-2026-11946,Banco de Chile,Banca & Fintech,03 - Marzo,2026-03-26,30,2026-04-25,35733.35,0,Al Día,Al Día / OK,Cliente Corporativo
FAC-2026-11947,Banco de Chile,Banca & Fintech,03 - Marzo,2026-03-15,15,2026-03-30,5030.16,0,Al Día,Al Día / OK,Cliente Corporativo
FAC-2026-11948,Banco de Chile,Banca & Fintech,03 - Marzo,2026-03-23,15,2026-04-07,9197.4,0,Al Día,Al Día / OK,Cliente Corporativo
FAC-2026-11949,Bancolombia,Banca & Fintech,03 - Marzo,2026-03-29,60,2026-05-28,15548.36,0,Al Día,Al Día / OK,Cliente Corporativo
FAC-2026-11950,Bancolombia,Banca & Fintech,03 - Marzo,2026-03-21,45,2026-05-05,11715.59,28,1-30 días,Atraso Preventivo,Cliente Corporativo
FAC-2026-11951,Bancolombia,Banca & Fintech,03 - Marzo,2026-03-23,30,2026-04-22,2412.46,44,31-60 días,Riesgo Moderado,Cliente Corporativo
FAC-2026-11952,Bancolombia,Banca & Fintech,03 - Marzo,2026-03-08,30,2026-04-07,7986.64,69,61-90 días,Riesgo Alto,Cliente Corporativo
FAC-2026-11953,Bancolombia,Banca & Fintech,03 - Marzo,2026-03-29,30,2026-04-28,41472.28,107,+90 días (Crítico),En Mora / Crítico,Cliente Corporativo
FAC-2026-11954,Bancolombia,Banca & Fintech,03 - Marzo,2026-03-03,60,2026-05-02,8517.61,0,Al Día,Al Día / OK,Cliente Corporativo
FAC-2026-11955,Bancolombia,Banca & Fintech,03 - Marzo,2026-03-04,30,2026-04-03,54866.25,0,Al Día,Al Día / OK,Cliente Corporativo
FAC-2026-11956,Bancolombia,Banca & Fintech,03 - Marzo,2026-03-27,60,2026-05-26,12313.79,0,Al Día,Al Día / OK,Cliente Corporativo
FAC-2026-11957,Bancolombia,Banca & Fintech,03 - Marzo,2026-03-31,15,2026-04-15,8225.37,0,Al Día,Al Día / OK,Cliente Corporativo
FAC-2026-11958,Bancolombia,Banca & Fintech,03 - Marzo,2026-03-26,60,2026-05-25,7581.44,16,1-30 días,Atraso Preventivo,Cliente Corporativo
FAC-2026-11959,Bancolombia,Banca & Fintech,03 - Marzo,2026-03-21,30,2026-04-20,7065.94,0,Al Día,Al Día / OK,Cliente Corporativo
FAC-2026-11960,Bancolombia,Banca & Fintech,03 - Marzo,2026-03-09,30,2026-04-08,26852.14,0,Al Día,Al Día / OK,Cliente Corporativo
FAC-2026-11961,Bancolombia,Banca & Fintech,03 - Marzo,2026-03-02,15,2026-03-17,10972.01,10,1-30 días,Atraso Preventivo,Cliente Corporativo
FAC-2026-11962,Bancolombia,Banca & Fintech,03 - Marzo,2026-03-06,45,2026-04-20,16131.18,0,Al Día,Al Día / OK,Cliente Corporativo
FAC-2026-11963,Bancolombia,Banca & Fintech,03 - Marzo,2026-03-06,15,2026-03-21,12378.57,19,1-30 días,Atraso Preventivo,Cliente Corporativo
FAC-2026-11964,Bancolombia,Banca & Fintech,03 - Marzo,2026-03-25,30,2026-04-24,9024.27,11,1-30 días,Atraso Preventivo,Cliente Corporativo
FAC-2026-11965,Bancolombia,Banca & Fintech,03 - Marzo,2026-03-26,45,2026-05-10,43743.38,0,Al Día,Al Día / OK,Cliente Corporativo
FAC-2026-11966,Bancolombia,Banca & Fintech,03 - Marzo,2026-03-10,60,2026-05-09,13427.47,0,Al Día,Al Día / OK,Cliente Corporativo
FAC-2026-11967,Itaú Unibanco,Banca & Fintech,03 - Marzo,2026-03-26,60,2026-05-25,3612.58,0,Al Día,Al Día / OK,Cliente Corporativo
FAC-2026-11968,Itaú Unibanco,Banca & Fintech,03 - Marzo,2026-03-31,30,2026-04-30,7706.71,29,1-30 días,Atraso Preventivo,Cliente Corporativo
FAC-2026-11969,Itaú Unibanco,Banca & Fintech,03 - Marzo,2026-03-20,30,2026-04-19,6529.73,44,31-60 días,Riesgo Moderado,Cliente Corporativo
FAC-2026-11970,Itaú Unibanco,Banca & Fintech,03 - Marzo,2026-03-26,15,2026-04-10,11169.67,88,61-90 días,Riesgo Alto,Cliente Corporativo
FAC-2026-11971,Itaú Unibanco,Banca & Fintech,03 - Marzo,2026-03-08,60,2026-05-07,19338.77,144,+90 días (Crítico),En Mora / Crítico,Cliente Corporativo
FAC-2026-11972,Itaú Unibanco,Banca & Fintech,03 - Marzo,2026-03-30,15,2026-04-14,9903.27,0,Al Día,Al Día / OK,Cliente Corporativo
FAC-2026-11973,Itaú Unibanco,Banca & Fintech,03 - Marzo,2026-03-11,45,2026-04-25,14030.24,37,31-60 días,Riesgo Moderado,Cliente Corporativo
FAC-2026-11974,Itaú Unibanco,Banca & Fintech,03 - Marzo,2026-03-23,45,2026-05-07,7230.32,0,Al Día,Al Día / OK,Cliente Corporativo
FAC-2026-11975,Itaú Unibanco,Banca & Fintech,03 - Marzo,2026-03-05,15,2026-03-20,5104.36,22,1-30 días,Atraso Preventivo,Cliente Corporativo
FAC-2026-11976,Itaú Unibanco,Banca & Fintech,03 - Marzo,2026-03-12,30,2026-04-11,10712.61,24,1-30 días,Atraso Preventivo,Cliente Corporativo
FAC-2026-11977,Itaú Unibanco,Banca & Fintech,03 - Marzo,2026-03-18,30,2026-04-17,14899.78,30,1-30 días,Atraso Preventivo,Cliente Corporativo
FAC-2026-11978,Itaú Unibanco,Banca & Fintech,03 - Marzo,2026-03-28,60,2026-05-27,38764.81,98,+90 días (Crítico),En Mora / Crítico,Cliente Corporativo
FAC-2026-11979,Itaú Unibanco,Banca & Fintech,03 - Marzo,2026-03-05,30,2026-04-04,14123.53,0,Al Día,Al Día / OK,Cliente Corporativo
FAC-2026-11980,Itaú Unibanco,Banca & Fintech,03 - Marzo,2026-03-22,30,2026-04-21,4660.16,7,1-30 días,Atraso Preventivo,Cliente Corporativo
FAC-2026-11981,Itaú Unibanco,Banca & Fintech,03 - Marzo,2026-03-12,60,2026-05-11,24423.78,0,Al Día,Al Día / OK,Cliente Corporativo
FAC-2026-11982,Nubank,Banca & Fintech,03 - Marzo,2026-03-24,60,2026-05-23,19729.53,0,Al Día,Al Día / OK,Cliente Corporativo
FAC-2026-11983,Nubank,Banca & Fintech,03 - Marzo,2026-03-25,15,2026-04-09,22058.89,14,1-30 días,Atraso Preventivo,Cliente Corporativo
FAC-2026-11984,Nubank,Banca & Fintech,03 - Marzo,2026-03-19,60,2026-05-18,12383.06,52,31-60 días,Riesgo Moderado,Cliente Corporativo
FAC-2026-11985,Nubank,Banca & Fintech,03 - Marzo,2026-03-20,60,2026-05-19,22444.8,78,61-90 días,Riesgo Alto,Cliente Corporativo
FAC-2026-11986,Nubank,Banca & Fintech,03 - Marzo,2026-03-05,60,2026-05-04,11067.26,168,+90 días (Crítico),En Mora / Crítico,Cliente Corporativo
FAC-2026-11987,Nubank,Banca & Fintech,03 - Marzo,2026-03-19,45,2026-05-03,3960.53,0,Al Día,Al Día / OK,Cliente Corporativo
FAC-2026-11988,Nubank,Banca & Fintech,03 - Marzo,2026-03-01,60,2026-04-30,33790.33,21,1-30 días,Atraso Preventivo,Cliente Corporativo
FAC-2026-11989,Nubank,Banca & Fintech,03 - Marzo,2026-03-02,30,2026-04-01,16043.0,0,Al Día,Al Día / OK,Cliente Corporativo
FAC-2026-11990,Nubank,Banca & Fintech,03 - Marzo,2026-03-04,60,2026-05-03,8110.65,0,Al Día,Al Día / OK,Cliente Corporativo
FAC-2026-11991,Nubank,Banca & Fintech,03 - Marzo,2026-03-23,15,2026-04-07,3426.12,0,Al Día,Al Día / OK,Cliente Corporativo
FAC-2026-11992,Nubank,Banca & Fintech,03 - Marzo,2026-03-28,30,2026-04-27,30414.3,0,Al Día,Al Día / OK,Cliente Corporativo
FAC-2026-11993,Nubank,Banca & Fintech,03 - Marzo,2026-03-14,30,2026-04-13,3823.51,0,Al Día,Al Día / OK,Cliente Corporativo
FAC-2026-11994,Nubank,Banca & Fintech,03 - Marzo,2026-03-18,60,2026-05-17,5194.35,28,1-30 días,Atraso Preventivo,Cliente Corporativo
FAC-2026-11995,Banco Galicia,Banca & Fintech,03 - Marzo,2026-03-08,45,2026-04-22,1534.98,0,Al Día,Al Día / OK,Cliente Corporativo
FAC-2026-11996,Banco Galicia,Banca & Fintech,03 - Marzo,2026-03-22,30,2026-04-21,5963.63,28,1-30 días,Atraso Preventivo,Cliente Corporativo
FAC-2026-11997,Banco Galicia,Banca & Fintech,03 - Marzo,2026-03-12,60,2026-05-11,51139.97,55,31-60 días,Riesgo Moderado,Cliente Corporativo
FAC-2026-11998,Banco Galicia,Banca & Fintech,03 - Marzo,2026-03-08,60,2026-05-07,9740.72,67,61-90 días,Riesgo Alto,Cliente Corporativo
FAC-2026-11999,Banco Galicia,Banca & Fintech,03 - Marzo,2026-03-02,45,2026-04-16,24826.65,125,+90 días (Crítico),En Mora / Crítico,Cliente Corporativo
FAC-2026-12000,Banco Galicia,Banca & Fintech,03 - Marzo,2026-03-28,45,2026-05-12,10462.8,0,Al Día,Al Día / OK,Cliente Corporativo
FAC-2026-12001,Banco Galicia,Banca & Fintech,03 - Marzo,2026-03-24,60,2026-05-23,3569.01,0,Al Día,Al Día / OK,Cliente Corporativo
FAC-2026-12002,Banco Galicia,Banca & Fintech,03 - Marzo,2026-03-08,60,2026-05-07,27877.82,0,Al Día,Al Día / OK,Cliente Corporativo
FAC-2026-12003,Banco Galicia,Banca & Fintech,03 - Marzo,2026-03-17,30,2026-04-16,9418.37,0,Al Día,Al Día / OK,Cliente Corporativo
FAC-2026-12004,Banco Galicia,Banca & Fintech,03 - Marzo,2026-03-15,30,2026-04-14,30031.23,0,Al Día,Al Día / OK,Cliente Corporativo
FAC-2026-12005,Banco Galicia,Banca & Fintech,03 - Marzo,2026-03-31,60,2026-05-30,9423.22,0,Al Día,Al Día / OK,Cliente Corporativo
FAC-2026-12006,Banco Galicia,Banca & Fintech,03 - Marzo,2026-03-28,45,2026-05-12,57384.61,22,1-30 días,Atraso Preventivo,Cliente Corporativo
FAC-2026-12007,Banco Galicia,Banca & Fintech,03 - Marzo,2026-03-10,30,2026-04-09,13791.46,0,Al Día,Al Día / OK,Cliente Corporativo
FAC-2026-12008,Banco Galicia,Banca & Fintech,03 - Marzo,2026-03-06,60,2026-05-05,13718.56,0,Al Día,Al Día / OK,Cliente Corporativo
FAC-2026-12009,Banorte,Banca & Fintech,03 - Marzo,2026-03-15,30,2026-04-14,58754.21,0,Al Día,Al Día / OK,Cliente Corporativo
FAC-2026-12010,Banorte,Banca & Fintech,03 - Marzo,2026-03-19,60,2026-05-18,10201.34,15,1-30 días,Atraso Preventivo,Cliente Corporativo
FAC-2026-12011,Banorte,Banca & Fintech,03 - Marzo,2026-03-23,45,2026-05-07,41870.23,53,31-60 días,Riesgo Moderado,Cliente Corporativo
FAC-2026-12012,Banorte,Banca & Fintech,03 - Marzo,2026-03-14,30,2026-04-13,22402.64,70,61-90 días,Riesgo Alto,Cliente Corporativo
FAC-2026-12013,Banorte,Banca & Fintech,03 - Marzo,2026-03-09,60,2026-05-08,4465.92,172,+90 días (Crítico),En Mora / Crítico,Cliente Corporativo
FAC-2026-12014,Banorte,Banca & Fintech,03 - Marzo,2026-03-10,15,2026-03-25,15848.79,16,1-30 días,Atraso Preventivo,Cliente Corporativo
FAC-2026-12015,Banorte,Banca & Fintech,03 - Marzo,2026-03-07,45,2026-04-21,8348.18,0,Al Día,Al Día / OK,Cliente Corporativo
FAC-2026-12016,Banorte,Banca & Fintech,03 - Marzo,2026-03-10,45,2026-04-24,1882.78,0,Al Día,Al Día / OK,Cliente Corporativo
FAC-2026-12017,Banorte,Banca & Fintech,03 - Marzo,2026-03-28,15,2026-04-12,5567.91,18,1-30 días,Atraso Preventivo,Cliente Corporativo
FAC-2026-12018,Banorte,Banca & Fintech,03 - Marzo,2026-03-10,45,2026-04-24,5005.78,33,31-60 días,Riesgo Moderado,Cliente Corporativo
FAC-2026-12019,Banorte,Banca & Fintech,03 - Marzo,2026-03-18,45,2026-05-02,72943.43,42,31-60 días,Riesgo Moderado,Cliente Corporativo
FAC-2026-12020,Banorte,Banca & Fintech,03 - Marzo,2026-03-11,45,2026-04-25,19501.16,0,Al Día,Al Día / OK,Cliente Corporativo
FAC-2026-12021,Banorte,Banca & Fintech,03 - Marzo,2026-03-30,30,2026-04-29,12051.43,62,61-90 días,Riesgo Alto,Cliente Corporativo
FAC-2026-12022,Banorte,Banca & Fintech,03 - Marzo,2026-03-10,30,2026-04-09,6514.78,162,+90 días (Crítico),En Mora / Crítico,Cliente Corporativo
FAC-2026-12023,Banorte,Banca & Fintech,03 - Marzo,2026-03-28,15,2026-04-12,15224.68,42,31-60 días,Riesgo Moderado,Cliente Corporativo
FAC-2026-12024,Banorte,Banca & Fintech,03 - Marzo,2026-03-13,45,2026-04-27,2360.62,0,Al Día,Al Día / OK,Cliente Corporativo
FAC-2026-12025,Banorte,Banca & Fintech,03 - Marzo,2026-03-20,15,2026-04-04,3948.69,0,Al Día,Al Día / OK,Cliente Corporativo
FAC-2026-12026,Cemex,Industrial,03 - Marzo,2026-03-17,30,2026-04-16,13767.49,0,Al Día,Al Día / OK,Cliente Corporativo
FAC-2026-12027,Cemex,Industrial,03 - Marzo,2026-03-10,30,2026-04-09,3965.08,13,1-30 días,Atraso Preventivo,Cliente Corporativo
FAC-2026-12028,Cemex,Industrial,03 - Marzo,2026-03-03,30,2026-04-02,21746.23,37,31-60 días,Riesgo Moderado,Cliente Corporativo
FAC-2026-12029,Cemex,Industrial,03 - Marzo,2026-03-22,60,2026-05-21,35591.85,78,61-90 días,Riesgo Alto,Cliente Corporativo
FAC-2026-12030,Cemex,Industrial,03 - Marzo,2026-03-28,30,2026-04-27,20879.01,145,+90 días (Crítico),En Mora / Crítico,Cliente Corporativo
FAC-2026-12031,Cemex,Industrial,03 - Marzo,2026-03-14,30,2026-04-13,1594.9,12,1-30 días,Atraso Preventivo,Cliente Corporativo
FAC-2026-12032,Cemex,Industrial,03 - Marzo,2026-03-03,15,2026-03-18,16208.36,0,Al Día,Al Día / OK,Cliente Corporativo
FAC-2026-12033,Cemex,Industrial,03 - Marzo,2026-03-05,45,2026-04-19,9313.95,0,Al Día,Al Día / OK,Cliente Corporativo
FAC-2026-12034,Cemex,Industrial,03 - Marzo,2026-03-15,60,2026-05-14,14571.71,31,31-60 días,Riesgo Moderado,Cliente Corporativo
FAC-2026-12035,Cemex,Industrial,03 - Marzo,2026-03-20,30,2026-04-19,7051.25,0,Al Día,Al Día / OK,Cliente Corporativo
FAC-2026-12036,Cemex,Industrial,03 - Marzo,2026-03-28,15,2026-04-12,7998.61,25,1-30 días,Atraso Preventivo,Cliente Corporativo
FAC-2026-12037,Cemex,Industrial,03 - Marzo,2026-03-05,30,2026-04-04,14022.27,23,1-30 días,Atraso Preventivo,Cliente Corporativo
FAC-2026-12038,Cemex,Industrial,03 - Marzo,2026-03-01,60,2026-04-30,2729.73,0,Al Día,Al Día / OK,Cliente Corporativo
FAC-2026-12039,Cemex,Industrial,03 - Marzo,2026-03-10,15,2026-03-25,21856.62,63,61-90 días,Riesgo Alto,Cliente Corporativo
FAC-2026-12040,Grupo Bimbo,Industrial,03 - Marzo,2026-03-10,15,2026-03-25,5838.15,0,Al Día,Al Día / OK,Cliente Corporativo
FAC-2026-12041,Grupo Bimbo,Industrial,03 - Marzo,2026-03-25,45,2026-05-09,6475.4,26,1-30 días,Atraso Preventivo,Cliente Corporativo
FAC-2026-12042,Grupo Bimbo,Industrial,03 - Marzo,2026-03-21,30,2026-04-20,23348.24,44,31-60 días,Riesgo Moderado,Cliente Corporativo
FAC-2026-12043,Grupo Bimbo,Industrial,03 - Marzo,2026-03-08,15,2026-03-23,24497.67,84,61-90 días,Riesgo Alto,Cliente Corporativo
FAC-2026-12044,Grupo Bimbo,Industrial,03 - Marzo,2026-03-29,30,2026-04-28,6048.88,102,+90 días (Crítico),En Mora / Crítico,Cliente Corporativo
FAC-2026-12045,Grupo Bimbo,Industrial,03 - Marzo,2026-03-20,45,2026-05-04,10934.12,27,1-30 días,Atraso Preventivo,Cliente Corporativo
FAC-2026-12046,Grupo Bimbo,Industrial,03 - Marzo,2026-03-16,45,2026-04-30,71621.33,0,Al Día,Al Día / OK,Cliente Corporativo
FAC-2026-12047,Grupo Bimbo,Industrial,03 - Marzo,2026-03-01,30,2026-03-31,14344.29,11,1-30 días,Atraso Preventivo,Cliente Corporativo
FAC-2026-12048,Grupo Bimbo,Industrial,03 - Marzo,2026-03-27,45,2026-05-11,11879.44,20,1-30 días,Atraso Preventivo,Cliente Corporativo
FAC-2026-12049,Grupo Bimbo,Industrial,03 - Marzo,2026-03-09,15,2026-03-24,21353.91,43,31-60 días,Riesgo Moderado,Cliente Corporativo
FAC-2026-12050,Grupo Bimbo,Industrial,03 - Marzo,2026-03-04,15,2026-03-19,6145.67,0,Al Día,Al Día / OK,Cliente Corporativo
FAC-2026-12051,Grupo Bimbo,Industrial,03 - Marzo,2026-03-13,45,2026-04-27,16907.17,0,Al Día,Al Día / OK,Cliente Corporativo
FAC-2026-12052,Grupo Bimbo,Industrial,03 - Marzo,2026-03-27,45,2026-05-11,13811.05,0,Al Día,Al Día / OK,Cliente Corporativo
FAC-2026-12053,Grupo Bimbo,Industrial,03 - Marzo,2026-03-20,30,2026-04-19,5052.88,13,1-30 días,Atraso Preventivo,Cliente Corporativo
FAC-2026-12054,Grupo Bimbo,Industrial,03 - Marzo,2026-03-16,30,2026-04-15,1923.88,0,Al Día,Al Día / OK,Cliente Corporativo
FAC-2026-12055,Grupo Bimbo,Industrial,03 - Marzo,2026-03-21,15,2026-04-05,2193.47,46,31-60 días,Riesgo Moderado,Cliente Corporativo
FAC-2026-12056,Grupo Bimbo,Industrial,03 - Marzo,2026-03-22,15,2026-04-06,22291.23,0,Al Día,Al Día / OK,Cliente Corporativo
FAC-2026-12057,Ternium,Industrial,03 - Marzo,2026-03-19,45,2026-05-03,37118.71,0,Al Día,Al Día / OK,Cliente Corporativo
FAC-2026-12058,Ternium,Industrial,03 - Marzo,2026-03-07,30,2026-04-06,78420.09,7,1-30 días,Atraso Preventivo,Cliente Corporativo
FAC-2026-12059,Ternium,Industrial,03 - Marzo,2026-03-07,15,2026-03-22,14816.8,53,31-60 días,Riesgo Moderado,Cliente Corporativo
FAC-2026-12060,Ternium,Industrial,03 - Marzo,2026-03-30,60,2026-05-29,22288.28,77,61-90 días,Riesgo Alto,Cliente Corporativo
FAC-2026-12061,Ternium,Industrial,03 - Marzo,2026-03-01,30,2026-03-31,76245.64,171,+90 días (Crítico),En Mora / Crítico,Cliente Corporativo
FAC-2026-12062,Ternium,Industrial,03 - Marzo,2026-03-14,30,2026-04-13,11656.13,38,31-60 días,Riesgo Moderado,Cliente Corporativo
FAC-2026-12063,Ternium,Industrial,03 - Marzo,2026-03-10,15,2026-03-25,38395.48,22,1-30 días,Atraso Preventivo,Cliente Corporativo
FAC-2026-12064,Ternium,Industrial,03 - Marzo,2026-03-17,60,2026-05-16,1629.74,54,31-60 días,Riesgo Moderado,Cliente Corporativo
FAC-2026-12065,Ternium,Industrial,03 - Marzo,2026-03-06,15,2026-03-21,26017.42,0,Al Día,Al Día / OK,Cliente Corporativo
FAC-2026-12066,Ternium,Industrial,03 - Marzo,2026-03-31,60,2026-05-30,4982.29,0,Al Día,Al Día / OK,Cliente Corporativo
FAC-2026-12067,Ternium,Industrial,03 - Marzo,2026-03-15,15,2026-03-30,40275.73,0,Al Día,Al Día / OK,Cliente Corporativo
FAC-2026-12068,Ternium,Industrial,03 - Marzo,2026-03-25,45,2026-05-09,81375.89,10,1-30 días,Atraso Preventivo,Cliente Corporativo
FAC-2026-12069,Ternium,Industrial,03 - Marzo,2026-03-11,60,2026-05-10,6675.3,0,Al Día,Al Día / OK,Cliente Corporativo
FAC-2026-12070,Ternium,Industrial,03 - Marzo,2026-03-22,15,2026-04-06,54267.3,0,Al Día,Al Día / OK,Cliente Corporativo
FAC-2026-12071,Ternium,Industrial,03 - Marzo,2026-03-08,15,2026-03-23,17284.12,0,Al Día,Al Día / OK,Cliente Corporativo
FAC-2026-12072,Ternium,Industrial,03 - Marzo,2026-03-22,45,2026-05-06,13348.82,84,61-90 días,Riesgo Alto,Cliente Corporativo
FAC-2026-12073,Ternium,Industrial,03 - Marzo,2026-03-21,60,2026-05-20,15681.62,24,1-30 días,Atraso Preventivo,Cliente Corporativo
FAC-2026-12074,Ternium,Industrial,03 - Marzo,2026-03-09,30,2026-04-08,14772.55,0,Al Día,Al Día / OK,Cliente Corporativo
FAC-2026-12075,Ternium,Industrial,03 - Marzo,2026-03-14,30,2026-04-13,24296.83,0,Al Día,Al Día / OK,Cliente Corporativo
FAC-2026-12076,Ternium,Industrial,03 - Marzo,2026-03-19,30,2026-04-18,120000.0,22,1-30 días,Atraso Preventivo,Cliente Corporativo
FAC-2026-12077,Arcor,Industrial,03 - Marzo,2026-03-22,60,2026-05-21,10521.66,0,Al Día,Al Día / OK,Cliente Corporativo
FAC-2026-12078,Arcor,Industrial,03 - Marzo,2026-03-27,30,2026-04-26,30931.3,16,1-30 días,Atraso Preventivo,Cliente Corporativo
FAC-2026-12079,Arcor,Industrial,03 - Marzo,2026-03-07,30,2026-04-06,2034.54,47,31-60 días,Riesgo Moderado,Cliente Corporativo
FAC-2026-12080,Arcor,Industrial,03 - Marzo,2026-03-23,30,2026-04-22,4896.09,84,61-90 días,Riesgo Alto,Cliente Corporativo
FAC-2026-12081,Arcor,Industrial,03 - Marzo,2026-03-25,15,2026-04-09,5690.05,93,+90 días (Crítico),En Mora / Crítico,Cliente Corporativo
FAC-2026-12082,Arcor,Industrial,03 - Marzo,2026-03-02,15,2026-03-17,22055.75,0,Al Día,Al Día / OK,Cliente Corporativo
FAC-2026-12083,Arcor,Industrial,03 - Marzo,2026-03-17,45,2026-05-01,31232.58,0,Al Día,Al Día / OK,Cliente Corporativo
FAC-2026-12084,Arcor,Industrial,03 - Marzo,2026-03-18,15,2026-04-02,2516.92,0,Al Día,Al Día / OK,Cliente Corporativo
FAC-2026-12085,Arcor,Industrial,03 - Marzo,2026-03-27,15,2026-04-11,5664.97,27,1-30 días,Atraso Preventivo,Cliente Corporativo
FAC-2026-12086,Arcor,Industrial,03 - Marzo,2026-03-11,30,2026-04-10,23729.1,13,1-30 días,Atraso Preventivo,Cliente Corporativo
FAC-2026-12087,Arcor,Industrial,03 - Marzo,2026-03-02,60,2026-05-01,3441.05,0,Al Día,Al Día / OK,Cliente Corporativo
FAC-2026-12088,Arcor,Industrial,03 - Marzo,2026-03-22,60,2026-05-21,17358.57,0,Al Día,Al Día / OK,Cliente Corporativo
FAC-2026-12089,Arcor,Industrial,03 - Marzo,2026-03-18,15,2026-04-02,64583.11,23,1-30 días,Atraso Preventivo,Cliente Corporativo
FAC-2026-12090,Arcor,Industrial,03 - Marzo,2026-03-16,60,2026-05-15,13405.17,0,Al Día,Al Día / OK,Cliente Corporativo
FAC-2026-12091,Arcor,Industrial,03 - Marzo,2026-03-11,45,2026-04-25,7037.1,0,Al Día,Al Día / OK,Cliente Corporativo
FAC-2026-12092,Arcor,Industrial,03 - Marzo,2026-03-13,30,2026-04-12,5619.3,27,1-30 días,Atraso Preventivo,Cliente Corporativo
FAC-2026-12093,Alpek,Industrial,03 - Marzo,2026-03-04,15,2026-03-19,3739.86,0,Al Día,Al Día / OK,Cliente Corporativo
FAC-2026-12094,Alpek,Industrial,03 - Marzo,2026-03-24,45,2026-05-08,4010.67,29,1-30 días,Atraso Preventivo,Cliente Corporativo
FAC-2026-12095,Alpek,Industrial,03 - Marzo,2026-03-10,15,2026-03-25,5093.82,59,31-60 días,Riesgo Moderado,Cliente Corporativo
FAC-2026-12096,Alpek,Industrial,03 - Marzo,2026-03-01,45,2026-04-15,30932.42,86,61-90 días,Riesgo Alto,Cliente Corporativo
FAC-2026-12097,Alpek,Industrial,03 - Marzo,2026-03-09,60,2026-05-08,27873.01,125,+90 días (Crítico),En Mora / Crítico,Cliente Corporativo
FAC-2026-12098,Alpek,Industrial,03 - Marzo,2026-03-28,15,2026-04-12,8922.84,0,Al Día,Al Día / OK,Cliente Corporativo
FAC-2026-12099,Alpek,Industrial,03 - Marzo,2026-03-05,45,2026-04-19,38502.12,0,Al Día,Al Día / OK,Cliente Corporativo
FAC-2026-12100,Alpek,Industrial,03 - Marzo,2026-03-02,45,2026-04-16,35918.09,0,Al Día,Al Día / OK,Cliente Corporativo
FAC-2026-12101,Alpek,Industrial,03 - Marzo,2026-03-30,15,2026-04-14,72314.85,11,1-30 días,Atraso Preventivo,Cliente Corporativo
FAC-2026-12102,Alpek,Industrial,03 - Marzo,2026-03-11,30,2026-04-10,5484.02,0,Al Día,Al Día / OK,Cliente Corporativo
FAC-2026-12103,Alpek,Industrial,03 - Marzo,2026-03-02,15,2026-03-17,2441.74,0,Al Día,Al Día / OK,Cliente Corporativo
FAC-2026-12104,Alpek,Industrial,03 - Marzo,2026-03-17,15,2026-04-01,33659.22,0,Al Día,Al Día / OK,Cliente Corporativo
FAC-2026-12105,Alpek,Industrial,03 - Marzo,2026-03-06,60,2026-05-05,5965.54,32,31-60 días,Riesgo Moderado,Cliente Corporativo
FAC-2026-12106,Alpek,Industrial,03 - Marzo,2026-03-11,60,2026-05-10,5682.41,0,Al Día,Al Día / OK,Cliente Corporativo
FAC-2026-12107,Alpek,Industrial,03 - Marzo,2026-03-25,45,2026-05-09,40650.41,41,31-60 días,Riesgo Moderado,Cliente Corporativo
FAC-2026-12108,Alpek,Industrial,03 - Marzo,2026-03-07,30,2026-04-06,64653.96,30,1-30 días,Atraso Preventivo,Cliente Corporativo
FAC-2026-12109,Grupo México,Industrial,03 - Marzo,2026-03-25,15,2026-04-09,8061.06,0,Al Día,Al Día / OK,Cliente Corporativo
FAC-2026-12110,Grupo México,Industrial,03 - Marzo,2026-03-30,45,2026-05-14,2940.83,13,1-30 días,Atraso Preventivo,Cliente Corporativo
FAC-2026-12111,Grupo México,Industrial,03 - Marzo,2026-03-31,15,2026-04-15,5905.35,49,31-60 días,Riesgo Moderado,Cliente Corporativo
FAC-2026-12112,Grupo México,Industrial,03 - Marzo,2026-03-10,60,2026-05-09,8005.96,71,61-90 días,Riesgo Alto,Cliente Corporativo
FAC-2026-12113,Grupo México,Industrial,03 - Marzo,2026-03-13,15,2026-03-28,7083.92,174,+90 días (Crítico),En Mora / Crítico,Cliente Corporativo
FAC-2026-12114,Grupo México,Industrial,03 - Marzo,2026-03-18,15,2026-04-02,2178.99,21,1-30 días,Atraso Preventivo,Cliente Corporativo
FAC-2026-12115,Grupo México,Industrial,03 - Marzo,2026-03-29,60,2026-05-28,17409.66,81,61-90 días,Riesgo Alto,Cliente Corporativo
FAC-2026-12116,Grupo México,Industrial,03 - Marzo,2026-03-29,15,2026-04-13,21512.46,0,Al Día,Al Día / OK,Cliente Corporativo
FAC-2026-12117,Grupo México,Industrial,03 - Marzo,2026-03-04,60,2026-05-03,15982.4,51,31-60 días,Riesgo Moderado,Cliente Corporativo
FAC-2026-12118,Grupo México,Industrial,03 - Marzo,2026-03-05,45,2026-04-19,16064.21,0,Al Día,Al Día / OK,Cliente Corporativo
FAC-2026-12119,Grupo México,Industrial,03 - Marzo,2026-03-20,15,2026-04-04,39554.45,0,Al Día,Al Día / OK,Cliente Corporativo
FAC-2026-12120,Grupo México,Industrial,03 - Marzo,2026-03-21,30,2026-04-20,2313.91,20,1-30 días,Atraso Preventivo,Cliente Corporativo
FAC-2026-12121,Grupo México,Industrial,03 - Marzo,2026-03-29,60,2026-05-28,39622.93,63,61-90 días,Riesgo Alto,Cliente Corporativo
FAC-2026-12122,Grupo México,Industrial,03 - Marzo,2026-03-01,30,2026-03-31,21109.85,14,1-30 días,Atraso Preventivo,Cliente Corporativo
FAC-2026-12123,Grupo México,Industrial,03 - Marzo,2026-03-14,15,2026-03-29,2107.15,0,Al Día,Al Día / OK,Cliente Corporativo
FAC-2026-12124,Gerdau,Industrial,03 - Marzo,2026-03-26,15,2026-04-10,26509.54,0,Al Día,Al Día / OK,Cliente Corporativo
FAC-2026-12125,Gerdau,Industrial,03 - Marzo,2026-03-14,60,2026-05-13,9252.63,7,1-30 días,Atraso Preventivo,Cliente Corporativo
FAC-2026-12126,Gerdau,Industrial,03 - Marzo,2026-03-31,15,2026-04-15,9417.29,60,31-60 días,Riesgo Moderado,Cliente Corporativo
FAC-2026-12127,Gerdau,Industrial,03 - Marzo,2026-03-31,30,2026-04-30,6145.6,72,61-90 días,Riesgo Alto,Cliente Corporativo
FAC-2026-12128,Gerdau,Industrial,03 - Marzo,2026-03-29,45,2026-05-13,10959.69,107,+90 días (Crítico),En Mora / Crítico,Cliente Corporativo
FAC-2026-12129,Gerdau,Industrial,03 - Marzo,2026-03-25,45,2026-05-09,30821.16,0,Al Día,Al Día / OK,Cliente Corporativo
FAC-2026-12130,Gerdau,Industrial,03 - Marzo,2026-03-25,30,2026-04-24,3687.39,0,Al Día,Al Día / OK,Cliente Corporativo
FAC-2026-12131,Gerdau,Industrial,03 - Marzo,2026-03-06,60,2026-05-05,5112.46,71,61-90 días,Riesgo Alto,Cliente Corporativo
FAC-2026-12132,Gerdau,Industrial,03 - Marzo,2026-03-27,30,2026-04-26,1866.32,9,1-30 días,Atraso Preventivo,Cliente Corporativo
FAC-2026-12133,Gerdau,Industrial,03 - Marzo,2026-03-06,30,2026-04-05,17256.27,28,1-30 días,Atraso Preventivo,Cliente Corporativo
FAC-2026-12134,Gerdau,Industrial,03 - Marzo,2026-03-15,30,2026-04-14,7767.38,0,Al Día,Al Día / OK,Cliente Corporativo
FAC-2026-12135,Gerdau,Industrial,03 - Marzo,2026-03-06,15,2026-03-21,15209.91,7,1-30 días,Atraso Preventivo,Cliente Corporativo
FAC-2026-12136,Gerdau,Industrial,03 - Marzo,2026-03-28,30,2026-04-27,30888.88,0,Al Día,Al Día / OK,Cliente Corporativo
FAC-2026-12137,Gerdau,Industrial,03 - Marzo,2026-03-11,60,2026-05-10,11576.14,11,1-30 días,Atraso Preventivo,Cliente Corporativo
FAC-2026-12138,Gerdau,Industrial,03 - Marzo,2026-03-04,60,2026-05-03,49013.2,0,Al Día,Al Día / OK,Cliente Corporativo
FAC-2026-12139,Gerdau,Industrial,03 - Marzo,2026-03-09,30,2026-04-08,12172.19,0,Al Día,Al Día / OK,Cliente Corporativo
FAC-2026-12140,Gerdau,Industrial,03 - Marzo,2026-03-31,45,2026-05-15,10608.43,0,Al Día,Al Día / OK,Cliente Corporativo
FAC-2026-12141,Arca Continental,Industrial,03 - Marzo,2026-03-02,30,2026-04-01,5614.12,0,Al Día,Al Día / OK,Cliente Corporativo
FAC-2026-12142,Arca Continental,Industrial,03 - Marzo,2026-03-11,45,2026-04-25,37522.3,10,1-30 días,Atraso Preventivo,Cliente Corporativo
FAC-2026-12143,Arca Continental,Industrial,03 - Marzo,2026-03-31,45,2026-05-15,6384.42,45,31-60 días,Riesgo Moderado,Cliente Corporativo
FAC-2026-12144,Arca Continental,Industrial,03 - Marzo,2026-03-28,30,2026-04-27,20019.17,66,61-90 días,Riesgo Alto,Cliente Corporativo
FAC-2026-12145,Arca Continental,Industrial,03 - Marzo,2026-03-18,30,2026-04-17,5030.41,161,+90 días (Crítico),En Mora / Crítico,Cliente Corporativo
FAC-2026-12146,Arca Continental,Industrial,03 - Marzo,2026-03-20,15,2026-04-04,6124.94,0,Al Día,Al Día / OK,Cliente Corporativo
FAC-2026-12147,Arca Continental,Industrial,03 - Marzo,2026-03-02,45,2026-04-16,8156.96,0,Al Día,Al Día / OK,Cliente Corporativo
FAC-2026-12148,Arca Continental,Industrial,03 - Marzo,2026-03-10,15,2026-03-25,16487.32,0,Al Día,Al Día / OK,Cliente Corporativo
FAC-2026-12149,Arca Continental,Industrial,03 - Marzo,2026-03-01,45,2026-04-15,25899.65,0,Al Día,Al Día / OK,Cliente Corporativo
FAC-2026-12150,Arca Continental,Industrial,03 - Marzo,2026-03-23,15,2026-04-07,25757.52,16,1-30 días,Atraso Preventivo,Cliente Corporativo
FAC-2026-12151,Arca Continental,Industrial,03 - Marzo,2026-03-18,15,2026-04-02,8833.4,0,Al Día,Al Día / OK,Cliente Corporativo
FAC-2026-12152,Arca Continental,Industrial,03 - Marzo,2026-03-14,60,2026-05-13,2376.16,0,Al Día,Al Día / OK,Cliente Corporativo
FAC-2026-12153,Arca Continental,Industrial,03 - Marzo,2026-03-31,45,2026-05-15,14530.26,54,31-60 días,Riesgo Moderado,Cliente Corporativo
FAC-2026-12154,Arca Continental,Industrial,03 - Marzo,2026-03-22,30,2026-04-21,6644.92,0,Al Día,Al Día / OK,Cliente Corporativo
FAC-2026-12155,Mapfre,Seguros,03 - Marzo,2026-03-01,15,2026-03-16,23831.54,0,Al Día,Al Día / OK,Cliente Corporativo
FAC-2026-12156,Mapfre,Seguros,03 - Marzo,2026-03-03,45,2026-04-17,13565.82,9,1-30 días,Atraso Preventivo,Cliente Corporativo
FAC-2026-12157,Mapfre,Seguros,03 - Marzo,2026-03-22,45,2026-05-06,8434.67,40,31-60 días,Riesgo Moderado,Cliente Corporativo
FAC-2026-12158,Mapfre,Seguros,03 - Marzo,2026-03-11,45,2026-04-25,27167.11,80,61-90 días,Riesgo Alto,Cliente Corporativo
FAC-2026-12159,Mapfre,Seguros,03 - Marzo,2026-03-10,30,2026-04-09,19583.52,166,+90 días (Crítico),En Mora / Crítico,Cliente Corporativo
FAC-2026-12160,Mapfre,Seguros,03 - Marzo,2026-03-10,60,2026-05-09,9107.88,5,1-30 días,Atraso Preventivo,Cliente Corporativo
FAC-2026-12161,Mapfre,Seguros,03 - Marzo,2026-03-26,30,2026-04-25,16442.31,0,Al Día,Al Día / OK,Cliente Corporativo
FAC-2026-12162,Mapfre,Seguros,03 - Marzo,2026-03-07,45,2026-04-21,7691.46,0,Al Día,Al Día / OK,Cliente Corporativo
FAC-2026-12163,Mapfre,Seguros,03 - Marzo,2026-03-02,30,2026-04-01,6795.03,39,31-60 días,Riesgo Moderado,Cliente Corporativo
FAC-2026-12164,Mapfre,Seguros,03 - Marzo,2026-03-19,60,2026-05-18,8658.49,0,Al Día,Al Día / OK,Cliente Corporativo
FAC-2026-12165,Mapfre,Seguros,03 - Marzo,2026-03-09,15,2026-03-24,5632.5,0,Al Día,Al Día / OK,Cliente Corporativo
FAC-2026-12166,Mapfre,Seguros,03 - Marzo,2026-03-10,45,2026-04-24,4209.46,0,Al Día,Al Día / OK,Cliente Corporativo
FAC-2026-12167,Mapfre,Seguros,03 - Marzo,2026-03-16,30,2026-04-15,12580.39,0,Al Día,Al Día / OK,Cliente Corporativo
FAC-2026-12168,Mapfre,Seguros,03 - Marzo,2026-03-16,15,2026-03-31,32840.92,37,31-60 días,Riesgo Moderado,Cliente Corporativo
FAC-2026-12169,Mapfre,Seguros,03 - Marzo,2026-03-05,15,2026-03-20,29001.17,30,1-30 días,Atraso Preventivo,Cliente Corporativo
FAC-2026-12170,Mapfre,Seguros,03 - Marzo,2026-03-08,15,2026-03-23,36304.84,0,Al Día,Al Día / OK,Cliente Corporativo
FAC-2026-12171,Mapfre,Seguros,03 - Marzo,2026-03-15,60,2026-05-14,1399.34,0,Al Día,Al Día / OK,Cliente Corporativo
FAC-2026-12172,Mapfre,Seguros,03 - Marzo,2026-03-10,60,2026-05-09,20855.75,0,Al Día,Al Día / OK,Cliente Corporativo
FAC-2026-12173,Seguros SURA,Seguros,03 - Marzo,2026-03-13,15,2026-03-28,4633.9,0,Al Día,Al Día / OK,Cliente Corporativo
FAC-2026-12174,Seguros SURA,Seguros,03 - Marzo,2026-03-29,45,2026-05-13,46105.87,28,1-30 días,Atraso Preventivo,Cliente Corporativo
FAC-2026-12175,Seguros SURA,Seguros,03 - Marzo,2026-03-01,30,2026-03-31,26468.42,49,31-60 días,Riesgo Moderado,Cliente Corporativo
FAC-2026-12176,Seguros SURA,Seguros,03 - Marzo,2026-03-03,15,2026-03-18,11874.14,67,61-90 días,Riesgo Alto,Cliente Corporativo
FAC-2026-12177,Seguros SURA,Seguros,03 - Marzo,2026-03-01,30,2026-03-31,10603.41,175,+90 días (Crítico),En Mora / Crítico,Cliente Corporativo
FAC-2026-12178,Seguros SURA,Seguros,03 - Marzo,2026-03-15,45,2026-04-29,7299.09,0,Al Día,Al Día / OK,Cliente Corporativo
FAC-2026-12179,Seguros SURA,Seguros,03 - Marzo,2026-03-22,60,2026-05-21,2827.66,0,Al Día,Al Día / OK,Cliente Corporativo
FAC-2026-12180,Seguros SURA,Seguros,03 - Marzo,2026-03-23,60,2026-05-22,33837.02,0,Al Día,Al Día / OK,Cliente Corporativo
FAC-2026-12181,Seguros SURA,Seguros,03 - Marzo,2026-03-23,30,2026-04-22,2374.91,150,+90 días (Crítico),En Mora / Crítico,Cliente Corporativo
FAC-2026-12182,Seguros SURA,Seguros,03 - Marzo,2026-03-01,45,2026-04-15,7243.21,9,1-30 días,Atraso Preventivo,Cliente Corporativo
FAC-2026-12183,Seguros SURA,Seguros,03 - Marzo,2026-03-09,30,2026-04-08,14415.77,44,31-60 días,Riesgo Moderado,Cliente Corporativo
FAC-2026-12184,Seguros SURA,Seguros,03 - Marzo,2026-03-21,45,2026-05-05,7295.02,0,Al Día,Al Día / OK,Cliente Corporativo
FAC-2026-12185,Seguros SURA,Seguros,03 - Marzo,2026-03-21,60,2026-05-20,4440.02,46,31-60 días,Riesgo Moderado,Cliente Corporativo
FAC-2026-12186,Seguros SURA,Seguros,03 - Marzo,2026-03-16,45,2026-04-30,25226.77,0,Al Día,Al Día / OK,Cliente Corporativo
FAC-2026-12187,Seguros SURA,Seguros,03 - Marzo,2026-03-29,45,2026-05-13,9093.52,129,+90 días (Crítico),En Mora / Crítico,Cliente Corporativo
FAC-2026-12188,Seguros SURA,Seguros,03 - Marzo,2026-03-07,15,2026-03-22,8034.66,0,Al Día,Al Día / OK,Cliente Corporativo
FAC-2026-12189,Seguros SURA,Seguros,03 - Marzo,2026-03-29,60,2026-05-28,52209.54,39,31-60 días,Riesgo Moderado,Cliente Corporativo
FAC-2026-12190,Seguros SURA,Seguros,03 - Marzo,2026-03-14,60,2026-05-13,32665.04,11,1-30 días,Atraso Preventivo,Cliente Corporativo
FAC-2026-12191,Seguros SURA,Seguros,03 - Marzo,2026-03-22,60,2026-05-21,8060.4,0,Al Día,Al Día / OK,Cliente Corporativo
FAC-2026-12192,GNP Seguros,Seguros,03 - Marzo,2026-03-16,45,2026-04-30,6880.54,0,Al Día,Al Día / OK,Cliente Corporativo
FAC-2026-12193,GNP Seguros,Seguros,03 - Marzo,2026-03-31,45,2026-05-15,4830.62,20,1-30 días,Atraso Preventivo,Cliente Corporativo
FAC-2026-12194,GNP Seguros,Seguros,03 - Marzo,2026-03-17,15,2026-04-01,2440.71,32,31-60 días,Riesgo Moderado,Cliente Corporativo
FAC-2026-12195,GNP Seguros,Seguros,03 - Marzo,2026-03-11,60,2026-05-10,8771.83,70,61-90 días,Riesgo Alto,Cliente Corporativo
FAC-2026-12196,GNP Seguros,Seguros,03 - Marzo,2026-03-29,45,2026-05-13,27226.37,154,+90 días (Crítico),En Mora / Crítico,Cliente Corporativo
FAC-2026-12197,GNP Seguros,Seguros,03 - Marzo,2026-03-09,30,2026-04-08,8048.69,43,31-60 días,Riesgo Moderado,Cliente Corporativo
FAC-2026-12198,GNP Seguros,Seguros,03 - Marzo,2026-03-05,30,2026-04-04,1432.28,0,Al Día,Al Día / OK,Cliente Corporativo
FAC-2026-12199,GNP Seguros,Seguros,03 - Marzo,2026-03-20,60,2026-05-19,3724.96,0,Al Día,Al Día / OK,Cliente Corporativo
FAC-2026-12200,GNP Seguros,Seguros,03 - Marzo,2026-03-04,60,2026-05-03,17586.15,85,61-90 días,Riesgo Alto,Cliente Corporativo
FAC-2026-12201,GNP Seguros,Seguros,03 - Marzo,2026-03-22,45,2026-05-06,67776.76,32,31-60 días,Riesgo Moderado,Cliente Corporativo
FAC-2026-12202,GNP Seguros,Seguros,03 - Marzo,2026-03-30,30,2026-04-29,31198.11,0,Al Día,Al Día / OK,Cliente Corporativo
FAC-2026-12203,GNP Seguros,Seguros,03 - Marzo,2026-03-02,60,2026-05-01,21491.38,0,Al Día,Al Día / OK,Cliente Corporativo
FAC-2026-12204,GNP Seguros,Seguros,03 - Marzo,2026-03-21,60,2026-05-20,10027.38,73,61-90 días,Riesgo Alto,Cliente Corporativo
FAC-2026-12205,GNP Seguros,Seguros,03 - Marzo,2026-03-12,60,2026-05-11,4264.14,65,61-90 días,Riesgo Alto,Cliente Corporativo
FAC-2026-12206,GNP Seguros,Seguros,03 - Marzo,2026-03-15,30,2026-04-14,7335.43,25,1-30 días,Atraso Preventivo,Cliente Corporativo
FAC-2026-12207,GNP Seguros,Seguros,03 - Marzo,2026-03-20,15,2026-04-04,3524.65,22,1-30 días,Atraso Preventivo,Cliente Corporativo
FAC-2026-12208,GNP Seguros,Seguros,03 - Marzo,2026-03-26,30,2026-04-25,33901.95,49,31-60 días,Riesgo Moderado,Cliente Corporativo
FAC-2026-12209,GNP Seguros,Seguros,03 - Marzo,2026-03-23,60,2026-05-22,10432.48,0,Al Día,Al Día / OK,Cliente Corporativo
FAC-2026-12210,GNP Seguros,Seguros,03 - Marzo,2026-03-04,30,2026-04-03,9982.59,0,Al Día,Al Día / OK,Cliente Corporativo
FAC-2026-12211,MetLife,Seguros,03 - Marzo,2026-03-19,15,2026-04-03,16258.6,0,Al Día,Al Día / OK,Cliente Corporativo
FAC-2026-12212,MetLife,Seguros,03 - Marzo,2026-03-06,45,2026-04-20,22777.32,15,1-30 días,Atraso Preventivo,Cliente Corporativo
FAC-2026-12213,MetLife,Seguros,03 - Marzo,2026-03-25,60,2026-05-24,17577.12,41,31-60 días,Riesgo Moderado,Cliente Corporativo
FAC-2026-12214,MetLife,Seguros,03 - Marzo,2026-03-26,60,2026-05-25,34495.72,82,61-90 días,Riesgo Alto,Cliente Corporativo
FAC-2026-12215,MetLife,Seguros,03 - Marzo,2026-03-31,30,2026-04-30,13660.91,132,+90 días (Crítico),En Mora / Crítico,Cliente Corporativo
FAC-2026-12216,MetLife,Seguros,03 - Marzo,2026-03-15,15,2026-03-30,7785.45,0,Al Día,Al Día / OK,Cliente Corporativo
FAC-2026-12217,MetLife,Seguros,03 - Marzo,2026-03-09,60,2026-05-08,11239.6,0,Al Día,Al Día / OK,Cliente Corporativo
FAC-2026-12218,MetLife,Seguros,03 - Marzo,2026-03-31,15,2026-04-15,8371.14,0,Al Día,Al Día / OK,Cliente Corporativo
FAC-2026-12219,MetLife,Seguros,03 - Marzo,2026-03-27,15,2026-04-11,4786.1,0,Al Día,Al Día / OK,Cliente Corporativo
FAC-2026-12220,MetLife,Seguros,03 - Marzo,2026-03-22,60,2026-05-21,27438.94,9,1-30 días,Atraso Preventivo,Cliente Corporativo
FAC-2026-12221,MetLife,Seguros,03 - Marzo,2026-03-09,30,2026-04-08,12475.19,0,Al Día,Al Día / OK,Cliente Corporativo
FAC-2026-12222,MetLife,Seguros,03 - Marzo,2026-03-10,45,2026-04-24,3222.5,66,61-90 días,Riesgo Alto,Cliente Corporativo
FAC-2026-12223,MetLife,Seguros,03 - Marzo,2026-03-17,60,2026-05-16,20584.59,0,Al Día,Al Día / OK,Cliente Corporativo
FAC-2026-12224,MetLife,Seguros,03 - Marzo,2026-03-09,45,2026-04-23,33621.61,0,Al Día,Al Día / OK,Cliente Corporativo
FAC-2026-12225,MetLife,Seguros,03 - Marzo,2026-03-14,30,2026-04-13,3330.73,0,Al Día,Al Día / OK,Cliente Corporativo
FAC-2026-12226,MetLife,Seguros,03 - Marzo,2026-03-08,30,2026-04-07,11060.24,48,31-60 días,Riesgo Moderado,Cliente Corporativo
FAC-2026-12227,MetLife,Seguros,03 - Marzo,2026-03-31,15,2026-04-15,1893.3,0,Al Día,Al Día / OK,Cliente Corporativo
FAC-2026-12228,MetLife,Seguros,03 - Marzo,2026-03-31,45,2026-05-15,2167.81,0,Al Día,Al Día / OK,Cliente Corporativo
FAC-2026-12229,MetLife,Seguros,03 - Marzo,2026-03-17,60,2026-05-16,9722.92,49,31-60 días,Riesgo Moderado,Cliente Corporativo
FAC-2026-12230,Chubb Seguros,Seguros,03 - Marzo,2026-03-30,15,2026-04-14,2655.81,0,Al Día,Al Día / OK,Cliente Corporativo
FAC-2026-12231,Chubb Seguros,Seguros,03 - Marzo,2026-03-11,60,2026-05-10,18226.68,7,1-30 días,Atraso Preventivo,Cliente Corporativo
FAC-2026-12232,Chubb Seguros,Seguros,03 - Marzo,2026-03-14,45,2026-04-28,9132.21,50,31-60 días,Riesgo Moderado,Cliente Corporativo
FAC-2026-12233,Chubb Seguros,Seguros,03 - Marzo,2026-03-27,60,2026-05-26,3165.75,68,61-90 días,Riesgo Alto,Cliente Corporativo
FAC-2026-12234,Chubb Seguros,Seguros,03 - Marzo,2026-03-30,60,2026-05-29,2294.85,138,+90 días (Crítico),En Mora / Crítico,Cliente Corporativo
FAC-2026-12235,Chubb Seguros,Seguros,03 - Marzo,2026-03-20,60,2026-05-19,1926.5,41,31-60 días,Riesgo Moderado,Cliente Corporativo
FAC-2026-12236,Chubb Seguros,Seguros,03 - Marzo,2026-03-09,60,2026-05-08,24241.32,17,1-30 días,Atraso Preventivo,Cliente Corporativo
FAC-2026-12237,Chubb Seguros,Seguros,03 - Marzo,2026-03-26,30,2026-04-25,11227.18,11,1-30 días,Atraso Preventivo,Cliente Corporativo
FAC-2026-12238,Chubb Seguros,Seguros,03 - Marzo,2026-03-19,60,2026-05-18,2110.96,73,61-90 días,Riesgo Alto,Cliente Corporativo
FAC-2026-12239,Chubb Seguros,Seguros,03 - Marzo,2026-03-28,15,2026-04-12,26678.5,0,Al Día,Al Día / OK,Cliente Corporativo
FAC-2026-12240,Chubb Seguros,Seguros,03 - Marzo,2026-03-13,30,2026-04-12,21320.76,18,1-30 días,Atraso Preventivo,Cliente Corporativo
FAC-2026-12241,Chubb Seguros,Seguros,03 - Marzo,2026-03-20,45,2026-05-04,39703.17,21,1-30 días,Atraso Preventivo,Cliente Corporativo
FAC-2026-12242,Chubb Seguros,Seguros,03 - Marzo,2026-03-30,15,2026-04-14,1565.88,19,1-30 días,Atraso Preventivo,Cliente Corporativo
FAC-2026-12243,Chubb Seguros,Seguros,03 - Marzo,2026-03-02,15,2026-03-17,11855.74,0,Al Día,Al Día / OK,Cliente Corporativo
FAC-2026-12244,Chubb Seguros,Seguros,03 - Marzo,2026-03-03,15,2026-03-18,19653.12,46,31-60 días,Riesgo Moderado,Cliente Corporativo
FAC-2026-12245,Chubb Seguros,Seguros,03 - Marzo,2026-03-27,15,2026-04-11,9662.93,0,Al Día,Al Día / OK,Cliente Corporativo
FAC-2026-12246,Chubb Seguros,Seguros,03 - Marzo,2026-03-17,45,2026-05-01,63709.17,0,Al Día,Al Día / OK,Cliente Corporativo
FAC-2026-12247,AXA,Seguros,03 - Marzo,2026-03-12,45,2026-04-26,34226.39,0,Al Día,Al Día / OK,Cliente Corporativo
FAC-2026-12248,AXA,Seguros,03 - Marzo,2026-03-28,30,2026-04-27,31078.81,27,1-30 días,Atraso Preventivo,Cliente Corporativo
FAC-2026-12249,AXA,Seguros,03 - Marzo,2026-03-01,15,2026-03-16,10059.9,60,31-60 días,Riesgo Moderado,Cliente Corporativo
FAC-2026-12250,AXA,Seguros,03 - Marzo,2026-03-15,60,2026-05-14,16228.26,70,61-90 días,Riesgo Alto,Cliente Corporativo
FAC-2026-12251,AXA,Seguros,03 - Marzo,2026-03-06,30,2026-04-05,31837.14,146,+90 días (Crítico),En Mora / Crítico,Cliente Corporativo
FAC-2026-12252,AXA,Seguros,03 - Marzo,2026-03-11,15,2026-03-26,9053.37,29,1-30 días,Atraso Preventivo,Cliente Corporativo
FAC-2026-12253,AXA,Seguros,03 - Marzo,2026-03-24,15,2026-04-08,15045.26,26,1-30 días,Atraso Preventivo,Cliente Corporativo
FAC-2026-12254,AXA,Seguros,03 - Marzo,2026-03-08,15,2026-03-23,12715.5,32,31-60 días,Riesgo Moderado,Cliente Corporativo
FAC-2026-12255,AXA,Seguros,03 - Marzo,2026-03-05,45,2026-04-19,30610.18,0,Al Día,Al Día / OK,Cliente Corporativo
FAC-2026-12256,AXA,Seguros,03 - Marzo,2026-03-22,60,2026-05-21,6156.75,59,31-60 días,Riesgo Moderado,Cliente Corporativo
FAC-2026-12257,AXA,Seguros,03 - Marzo,2026-03-22,45,2026-05-06,48686.99,0,Al Día,Al Día / OK,Cliente Corporativo
FAC-2026-12258,AXA,Seguros,03 - Marzo,2026-03-18,45,2026-05-02,23220.41,7,1-30 días,Atraso Preventivo,Cliente Corporativo
FAC-2026-12259,AXA,Seguros,03 - Marzo,2026-03-07,45,2026-04-21,20690.19,0,Al Día,Al Día / OK,Cliente Corporativo
FAC-2026-12260,AXA,Seguros,03 - Marzo,2026-03-11,15,2026-03-26,22282.79,0,Al Día,Al Día / OK,Cliente Corporativo
FAC-2026-12261,AXA,Seguros,03 - Marzo,2026-03-24,15,2026-04-08,33729.76,0,Al Día,Al Día / OK,Cliente Corporativo
FAC-2026-12262,AXA,Seguros,03 - Marzo,2026-03-23,60,2026-05-22,6389.87,9,1-30 días,Atraso Preventivo,Cliente Corporativo
FAC-2026-12263,Seguros Bolívar,Seguros,03 - Marzo,2026-03-26,15,2026-04-10,6748.82,0,Al Día,Al Día / OK,Cliente Corporativo
FAC-2026-12264,Seguros Bolívar,Seguros,03 - Marzo,2026-03-02,45,2026-04-16,1840.52,27,1-30 días,Atraso Preventivo,Cliente Corporativo
FAC-2026-12265,Seguros Bolívar,Seguros,03 - Marzo,2026-03-16,15,2026-03-31,2808.67,43,31-60 días,Riesgo Moderado,Cliente Corporativo
FAC-2026-12266,Seguros Bolívar,Seguros,03 - Marzo,2026-03-19,60,2026-05-18,5643.77,80,61-90 días,Riesgo Alto,Cliente Corporativo
FAC-2026-12267,Seguros Bolívar,Seguros,03 - Marzo,2026-03-04,15,2026-03-19,52839.7,108,+90 días (Crítico),En Mora / Crítico,Cliente Corporativo
FAC-2026-12268,Seguros Bolívar,Seguros,03 - Marzo,2026-03-13,60,2026-05-12,2628.67,0,Al Día,Al Día / OK,Cliente Corporativo
FAC-2026-12269,Seguros Bolívar,Seguros,03 - Marzo,2026-03-12,30,2026-04-11,4172.59,28,1-30 días,Atraso Preventivo,Cliente Corporativo
FAC-2026-12270,Seguros Bolívar,Seguros,03 - Marzo,2026-03-09,30,2026-04-08,19397.44,0,Al Día,Al Día / OK,Cliente Corporativo
FAC-2026-12271,Seguros Bolívar,Seguros,03 - Marzo,2026-03-13,60,2026-05-12,6741.12,60,31-60 días,Riesgo Moderado,Cliente Corporativo
FAC-2026-12272,Seguros Bolívar,Seguros,03 - Marzo,2026-03-12,60,2026-05-11,20811.5,0,Al Día,Al Día / OK,Cliente Corporativo
FAC-2026-12273,Seguros Bolívar,Seguros,03 - Marzo,2026-03-12,15,2026-03-27,19894.64,0,Al Día,Al Día / OK,Cliente Corporativo
FAC-2026-12274,Seguros Bolívar,Seguros,03 - Marzo,2026-03-30,30,2026-04-29,22178.17,85,61-90 días,Riesgo Alto,Cliente Corporativo
FAC-2026-12275,Seguros Bolívar,Seguros,03 - Marzo,2026-03-17,30,2026-04-16,13217.53,0,Al Día,Al Día / OK,Cliente Corporativo
FAC-2026-12276,DHL Supply Chain,Logística,03 - Marzo,2026-03-08,15,2026-03-23,13487.19,0,Al Día,Al Día / OK,Cliente Corporativo
FAC-2026-12277,DHL Supply Chain,Logística,03 - Marzo,2026-03-03,45,2026-04-17,6596.73,27,1-30 días,Atraso Preventivo,Cliente Corporativo
FAC-2026-12278,DHL Supply Chain,Logística,03 - Marzo,2026-03-30,30,2026-04-29,27464.93,46,31-60 días,Riesgo Moderado,Cliente Corporativo
FAC-2026-12279,DHL Supply Chain,Logística,03 - Marzo,2026-03-14,30,2026-04-13,9779.6,61,61-90 días,Riesgo Alto,Cliente Corporativo
FAC-2026-12280,DHL Supply Chain,Logística,03 - Marzo,2026-03-25,60,2026-05-24,13251.19,169,+90 días (Crítico),En Mora / Crítico,Cliente Corporativo
FAC-2026-12281,DHL Supply Chain,Logística,03 - Marzo,2026-03-16,30,2026-04-15,17736.36,19,1-30 días,Atraso Preventivo,Cliente Corporativo
FAC-2026-12282,DHL Supply Chain,Logística,03 - Marzo,2026-03-19,60,2026-05-18,4228.18,0,Al Día,Al Día / OK,Cliente Corporativo
FAC-2026-12283,DHL Supply Chain,Logística,03 - Marzo,2026-03-03,45,2026-04-17,11395.27,0,Al Día,Al Día / OK,Cliente Corporativo
FAC-2026-12284,DHL Supply Chain,Logística,03 - Marzo,2026-03-04,30,2026-04-03,13810.05,0,Al Día,Al Día / OK,Cliente Corporativo
FAC-2026-12285,DHL Supply Chain,Logística,03 - Marzo,2026-03-01,60,2026-04-30,15843.53,5,1-30 días,Atraso Preventivo,Cliente Corporativo
FAC-2026-12286,DHL Supply Chain,Logística,03 - Marzo,2026-03-17,45,2026-05-01,27275.22,0,Al Día,Al Día / OK,Cliente Corporativo
FAC-2026-12287,DHL Supply Chain,Logística,03 - Marzo,2026-03-15,15,2026-03-30,19999.46,0,Al Día,Al Día / OK,Cliente Corporativo
FAC-2026-12288,DHL Supply Chain,Logística,03 - Marzo,2026-03-24,15,2026-04-08,7875.16,26,1-30 días,Atraso Preventivo,Cliente Corporativo
FAC-2026-12289,DHL Supply Chain,Logística,03 - Marzo,2026-03-09,45,2026-04-23,47403.48,0,Al Día,Al Día / OK,Cliente Corporativo
FAC-2026-12290,DHL Supply Chain,Logística,03 - Marzo,2026-03-28,15,2026-04-12,9141.24,0,Al Día,Al Día / OK,Cliente Corporativo
FAC-2026-12291,DHL Supply Chain,Logística,03 - Marzo,2026-03-31,15,2026-04-15,20315.67,48,31-60 días,Riesgo Moderado,Cliente Corporativo
FAC-2026-12292,FedEx Express,Logística,03 - Marzo,2026-03-07,15,2026-03-22,56442.81,0,Al Día,Al Día / OK,Cliente Corporativo
FAC-2026-12293,FedEx Express,Logística,03 - Marzo,2026-03-12,15,2026-03-27,52616.37,18,1-30 días,Atraso Preventivo,Cliente Corporativo
FAC-2026-12294,FedEx Express,Logística,03 - Marzo,2026-03-10,30,2026-04-09,7500.71,50,31-60 días,Riesgo Moderado,Cliente Corporativo
FAC-2026-12295,FedEx Express,Logística,03 - Marzo,2026-03-07,30,2026-04-06,5991.2,69,61-90 días,Riesgo Alto,Cliente Corporativo
FAC-2026-12296,FedEx Express,Logística,03 - Marzo,2026-03-16,15,2026-03-31,22097.04,129,+90 días (Crítico),En Mora / Crítico,Cliente Corporativo
FAC-2026-12297,FedEx Express,Logística,03 - Marzo,2026-03-23,45,2026-05-07,5021.39,0,Al Día,Al Día / OK,Cliente Corporativo
FAC-2026-12298,FedEx Express,Logística,03 - Marzo,2026-03-20,15,2026-04-04,8325.32,34,31-60 días,Riesgo Moderado,Cliente Corporativo
FAC-2026-12299,FedEx Express,Logística,03 - Marzo,2026-03-07,30,2026-04-06,44042.68,27,1-30 días,Atraso Preventivo,Cliente Corporativo
FAC-2026-12300,FedEx Express,Logística,03 - Marzo,2026-03-29,60,2026-05-28,39284.33,0,Al Día,Al Día / OK,Cliente Corporativo
FAC-2026-12301,FedEx Express,Logística,03 - Marzo,2026-03-26,30,2026-04-25,2515.19,0,Al Día,Al Día / OK,Cliente Corporativo
FAC-2026-12302,FedEx Express,Logística,03 - Marzo,2026-03-17,15,2026-04-01,53447.72,0,Al Día,Al Día / OK,Cliente Corporativo
FAC-2026-12303,FedEx Express,Logística,03 - Marzo,2026-03-07,30,2026-04-06,21227.22,0,Al Día,Al Día / OK,Cliente Corporativo
FAC-2026-12304,FedEx Express,Logística,03 - Marzo,2026-03-07,45,2026-04-21,25346.47,0,Al Día,Al Día / OK,Cliente Corporativo
FAC-2026-12305,FedEx Express,Logística,03 - Marzo,2026-03-25,15,2026-04-09,25189.83,11,1-30 días,Atraso Preventivo,Cliente Corporativo
FAC-2026-12306,FedEx Express,Logística,03 - Marzo,2026-03-26,45,2026-05-10,28023.64,25,1-30 días,Atraso Preventivo,Cliente Corporativo
FAC-2026-12307,FedEx Express,Logística,03 - Marzo,2026-03-20,30,2026-04-19,18907.71,63,61-90 días,Riesgo Alto,Cliente Corporativo
FAC-2026-12308,FedEx Express,Logística,03 - Marzo,2026-03-06,30,2026-04-05,18513.22,0,Al Día,Al Día / OK,Cliente Corporativo
FAC-2026-12309,Maersk Logistics,Logística,03 - Marzo,2026-03-20,45,2026-05-04,3256.31,0,Al Día,Al Día / OK,Cliente Corporativo
FAC-2026-12310,Maersk Logistics,Logística,03 - Marzo,2026-03-31,15,2026-04-15,28978.52,26,1-30 días,Atraso Preventivo,Cliente Corporativo
FAC-2026-12311,Maersk Logistics,Logística,03 - Marzo,2026-03-15,30,2026-04-14,13187.73,49,31-60 días,Riesgo Moderado,Cliente Corporativo
FAC-2026-12312,Maersk Logistics,Logística,03 - Marzo,2026-03-15,30,2026-04-14,6928.51,80,61-90 días,Riesgo Alto,Cliente Corporativo
FAC-2026-12313,Maersk Logistics,Logística,03 - Marzo,2026-03-20,30,2026-04-19,9967.44,128,+90 días (Crítico),En Mora / Crítico,Cliente Corporativo
FAC-2026-12314,Maersk Logistics,Logística,03 - Marzo,2026-03-29,45,2026-05-13,18196.25,0,Al Día,Al Día / OK,Cliente Corporativo
FAC-2026-12315,Maersk Logistics,Logística,03 - Marzo,2026-03-21,60,2026-05-20,26607.81,0,Al Día,Al Día / OK,Cliente Corporativo
FAC-2026-12316,Maersk Logistics,Logística,03 - Marzo,2026-03-26,60,2026-05-25,40419.8,41,31-60 días,Riesgo Moderado,Cliente Corporativo
FAC-2026-12317,Maersk Logistics,Logística,03 - Marzo,2026-03-19,15,2026-04-03,3115.45,23,1-30 días,Atraso Preventivo,Cliente Corporativo
FAC-2026-12318,Maersk Logistics,Logística,03 - Marzo,2026-03-13,60,2026-05-12,5455.05,22,1-30 días,Atraso Preventivo,Cliente Corporativo
FAC-2026-12319,Maersk Logistics,Logística,03 - Marzo,2026-03-10,15,2026-03-25,10684.0,0,Al Día,Al Día / OK,Cliente Corporativo
FAC-2026-12320,Maersk Logistics,Logística,03 - Marzo,2026-03-29,45,2026-05-13,12901.56,14,1-30 días,Atraso Preventivo,Cliente Corporativo
FAC-2026-12321,Maersk Logistics,Logística,03 - Marzo,2026-03-03,45,2026-04-17,4018.35,0,Al Día,Al Día / OK,Cliente Corporativo
FAC-2026-12322,Maersk Logistics,Logística,03 - Marzo,2026-03-06,30,2026-04-05,13193.77,57,31-60 días,Riesgo Moderado,Cliente Corporativo
FAC-2026-12323,Maersk Logistics,Logística,03 - Marzo,2026-03-22,15,2026-04-06,31353.95,0,Al Día,Al Día / OK,Cliente Corporativo
FAC-2026-12324,Maersk Logistics,Logística,03 - Marzo,2026-03-23,60,2026-05-22,27355.9,0,Al Día,Al Día / OK,Cliente Corporativo
FAC-2026-12325,Kuehne+Nagel,Logística,03 - Marzo,2026-03-08,30,2026-04-07,48592.33,0,Al Día,Al Día / OK,Cliente Corporativo
FAC-2026-12326,Kuehne+Nagel,Logística,03 - Marzo,2026-03-24,45,2026-05-08,34769.49,30,1-30 días,Atraso Preventivo,Cliente Corporativo
FAC-2026-12327,Kuehne+Nagel,Logística,03 - Marzo,2026-03-06,30,2026-04-05,44986.56,47,31-60 días,Riesgo Moderado,Cliente Corporativo
FAC-2026-12328,Kuehne+Nagel,Logística,03 - Marzo,2026-03-30,15,2026-04-14,10737.47,83,61-90 días,Riesgo Alto,Cliente Corporativo
FAC-2026-12329,Kuehne+Nagel,Logística,03 - Marzo,2026-03-19,45,2026-05-03,26829.64,142,+90 días (Crítico),En Mora / Crítico,Cliente Corporativo
FAC-2026-12330,Kuehne+Nagel,Logística,03 - Marzo,2026-03-02,15,2026-03-17,14007.76,43,31-60 días,Riesgo Moderado,Cliente Corporativo
FAC-2026-12331,Kuehne+Nagel,Logística,03 - Marzo,2026-03-06,15,2026-03-21,3245.39,15,1-30 días,Atraso Preventivo,Cliente Corporativo
FAC-2026-12332,Kuehne+Nagel,Logística,03 - Marzo,2026-03-17,60,2026-05-16,15518.59,0,Al Día,Al Día / OK,Cliente Corporativo
FAC-2026-12333,Kuehne+Nagel,Logística,03 - Marzo,2026-03-15,30,2026-04-14,15207.18,0,Al Día,Al Día / OK,Cliente Corporativo
FAC-2026-12334,Kuehne+Nagel,Logística,03 - Marzo,2026-03-26,30,2026-04-25,36394.42,0,Al Día,Al Día / OK,Cliente Corporativo
FAC-2026-12335,Kuehne+Nagel,Logística,03 - Marzo,2026-03-10,60,2026-05-09,11109.61,28,1-30 días,Atraso Preventivo,Cliente Corporativo
FAC-2026-12336,Kuehne+Nagel,Logística,03 - Marzo,2026-03-16,15,2026-03-31,2048.95,0,Al Día,Al Día / OK,Cliente Corporativo
FAC-2026-12337,Kuehne+Nagel,Logística,03 - Marzo,2026-03-09,45,2026-04-23,12744.85,0,Al Día,Al Día / OK,Cliente Corporativo
FAC-2026-12338,Kuehne+Nagel,Logística,03 - Marzo,2026-03-03,30,2026-04-02,26420.27,56,31-60 días,Riesgo Moderado,Cliente Corporativo
FAC-2026-12339,Kuehne+Nagel,Logística,03 - Marzo,2026-03-02,60,2026-05-01,3496.09,20,1-30 días,Atraso Preventivo,Cliente Corporativo
FAC-2026-12340,Kuehne+Nagel,Logística,03 - Marzo,2026-03-18,60,2026-05-17,2067.68,0,Al Día,Al Día / OK,Cliente Corporativo
FAC-2026-12341,Kuehne+Nagel,Logística,03 - Marzo,2026-03-27,45,2026-05-11,4534.96,56,31-60 días,Riesgo Moderado,Cliente Corporativo
FAC-2026-12342,Kuehne+Nagel,Logística,03 - Marzo,2026-03-04,15,2026-03-19,33438.32,0,Al Día,Al Día / OK,Cliente Corporativo
FAC-2026-12343,Kuehne+Nagel,Logística,03 - Marzo,2026-03-14,30,2026-04-13,2132.9,21,1-30 días,Atraso Preventivo,Cliente Corporativo
FAC-2026-12344,Kuehne+Nagel,Logística,03 - Marzo,2026-03-15,30,2026-04-14,28924.22,17,1-30 días,Atraso Preventivo,Cliente Corporativo
FAC-2026-12345,Mercado Envíos,Logística,03 - Marzo,2026-03-11,30,2026-04-10,28672.35,0,Al Día,Al Día / OK,Cliente Corporativo
FAC-2026-12346,Mercado Envíos,Logística,03 - Marzo,2026-03-06,15,2026-03-21,27729.38,26,1-30 días,Atraso Preventivo,Cliente Corporativo
FAC-2026-12347,Mercado Envíos,Logística,03 - Marzo,2026-03-22,15,2026-04-06,2296.5,45,31-60 días,Riesgo Moderado,Cliente Corporativo
FAC-2026-12348,Mercado Envíos,Logística,03 - Marzo,2026-03-20,30,2026-04-19,37659.18,75,61-90 días,Riesgo Alto,Cliente Corporativo
FAC-2026-12349,Mercado Envíos,Logística,03 - Marzo,2026-03-26,60,2026-05-25,17916.78,122,+90 días (Crítico),En Mora / Crítico,Cliente Corporativo
FAC-2026-12350,Mercado Envíos,Logística,03 - Marzo,2026-03-10,60,2026-05-09,20611.69,0,Al Día,Al Día / OK,Cliente Corporativo
FAC-2026-12351,Mercado Envíos,Logística,03 - Marzo,2026-03-21,60,2026-05-20,17965.91,5,1-30 días,Atraso Preventivo,Cliente Corporativo
FAC-2026-12352,Mercado Envíos,Logística,03 - Marzo,2026-03-06,15,2026-03-21,3925.26,0,Al Día,Al Día / OK,Cliente Corporativo
FAC-2026-12353,Mercado Envíos,Logística,03 - Marzo,2026-03-01,15,2026-03-16,13823.77,0,Al Día,Al Día / OK,Cliente Corporativo
FAC-2026-12354,Mercado Envíos,Logística,03 - Marzo,2026-03-17,60,2026-05-16,54564.98,0,Al Día,Al Día / OK,Cliente Corporativo
FAC-2026-12355,Mercado Envíos,Logística,03 - Marzo,2026-03-01,60,2026-04-30,3219.51,10,1-30 días,Atraso Preventivo,Cliente Corporativo
FAC-2026-12356,Mercado Envíos,Logística,03 - Marzo,2026-03-25,15,2026-04-09,70119.35,0,Al Día,Al Día / OK,Cliente Corporativo
FAC-2026-12357,Mercado Envíos,Logística,03 - Marzo,2026-03-17,45,2026-05-01,9349.45,0,Al Día,Al Día / OK,Cliente Corporativo
FAC-2026-12358,Mercado Envíos,Logística,03 - Marzo,2026-03-02,15,2026-03-17,11328.14,0,Al Día,Al Día / OK,Cliente Corporativo
FAC-2026-12359,Mercado Envíos,Logística,03 - Marzo,2026-03-04,15,2026-03-19,2544.65,42,31-60 días,Riesgo Moderado,Cliente Corporativo
FAC-2026-12360,Mercado Envíos,Logística,03 - Marzo,2026-03-18,45,2026-05-02,29230.96,22,1-30 días,Atraso Preventivo,Cliente Corporativo
FAC-2026-12361,Mercado Envíos,Logística,03 - Marzo,2026-03-18,15,2026-04-02,27708.4,105,+90 días (Crítico),En Mora / Crítico,Cliente Corporativo
FAC-2026-12362,Mercado Envíos,Logística,03 - Marzo,2026-03-11,45,2026-04-25,21074.56,0,Al Día,Al Día / OK,Cliente Corporativo
FAC-2026-12363,Mercado Envíos,Logística,03 - Marzo,2026-03-22,60,2026-05-21,8161.34,5,1-30 días,Atraso Preventivo,Cliente Corporativo
FAC-2026-12364,Estafeta,Logística,03 - Marzo,2026-03-09,30,2026-04-08,5735.29,0,Al Día,Al Día / OK,Cliente Corporativo
FAC-2026-12365,Estafeta,Logística,03 - Marzo,2026-03-30,15,2026-04-14,2626.94,19,1-30 días,Atraso Preventivo,Cliente Corporativo
FAC-2026-12366,Estafeta,Logística,03 - Marzo,2026-03-27,30,2026-04-26,18836.0,40,31-60 días,Riesgo Moderado,Cliente Corporativo
FAC-2026-12367,Estafeta,Logística,03 - Marzo,2026-03-31,45,2026-05-15,15133.98,72,61-90 días,Riesgo Alto,Cliente Corporativo
FAC-2026-12368,Estafeta,Logística,03 - Marzo,2026-03-09,45,2026-04-23,2846.43,143,+90 días (Crítico),En Mora / Crítico,Cliente Corporativo
FAC-2026-12369,Estafeta,Logística,03 - Marzo,2026-03-10,60,2026-05-09,6827.85,0,Al Día,Al Día / OK,Cliente Corporativo
FAC-2026-12370,Estafeta,Logística,03 - Marzo,2026-03-23,15,2026-04-07,53096.54,0,Al Día,Al Día / OK,Cliente Corporativo
FAC-2026-12371,Estafeta,Logística,03 - Marzo,2026-03-04,30,2026-04-03,14135.18,21,1-30 días,Atraso Preventivo,Cliente Corporativo
FAC-2026-12372,Estafeta,Logística,03 - Marzo,2026-03-30,45,2026-05-14,12654.49,0,Al Día,Al Día / OK,Cliente Corporativo
FAC-2026-12373,Estafeta,Logística,03 - Marzo,2026-03-11,60,2026-05-10,19880.02,65,61-90 días,Riesgo Alto,Cliente Corporativo
FAC-2026-12374,Estafeta,Logística,03 - Marzo,2026-03-03,60,2026-05-02,76692.7,0,Al Día,Al Día / OK,Cliente Corporativo
FAC-2026-12375,Estafeta,Logística,03 - Marzo,2026-03-25,60,2026-05-24,53662.94,21,1-30 días,Atraso Preventivo,Cliente Corporativo
FAC-2026-12376,Estafeta,Logística,03 - Marzo,2026-03-22,45,2026-05-06,6855.78,54,31-60 días,Riesgo Moderado,Cliente Corporativo
FAC-2026-12377,Estafeta,Logística,03 - Marzo,2026-03-12,60,2026-05-11,5094.33,0,Al Día,Al Día / OK,Cliente Corporativo
FAC-2026-12378,Estafeta,Logística,03 - Marzo,2026-03-08,30,2026-04-07,36038.47,0,Al Día,Al Día / OK,Cliente Corporativo
FAC-2026-12379,Estafeta,Logística,03 - Marzo,2026-03-11,15,2026-03-26,22519.32,0,Al Día,Al Día / OK,Cliente Corporativo
FAC-2026-12380,Estafeta,Logística,03 - Marzo,2026-03-10,60,2026-05-09,11084.07,0,Al Día,Al Día / OK,Cliente Corporativo
FAC-2026-12381,Pfizer,Salud & Farma,03 - Marzo,2026-03-13,15,2026-03-28,6383.24,0,Al Día,Al Día / OK,Cliente Corporativo
FAC-2026-12382,Pfizer,Salud & Farma,03 - Marzo,2026-03-24,45,2026-05-08,6123.99,24,1-30 días,Atraso Preventivo,Cliente Corporativo
FAC-2026-12383,Pfizer,Salud & Farma,03 - Marzo,2026-03-07,15,2026-03-22,10521.52,49,31-60 días,Riesgo Moderado,Cliente Corporativo
FAC-2026-12384,Pfizer,Salud & Farma,03 - Marzo,2026-03-08,30,2026-04-07,30955.84,78,61-90 días,Riesgo Alto,Cliente Corporativo
FAC-2026-12385,Pfizer,Salud & Farma,03 - Marzo,2026-03-02,30,2026-04-01,6820.33,165,+90 días (Crítico),En Mora / Crítico,Cliente Corporativo
FAC-2026-12386,Pfizer,Salud & Farma,03 - Marzo,2026-03-16,45,2026-04-30,11123.66,0,Al Día,Al Día / OK,Cliente Corporativo
FAC-2026-12387,Pfizer,Salud & Farma,03 - Marzo,2026-03-31,15,2026-04-15,17217.44,0,Al Día,Al Día / OK,Cliente Corporativo
FAC-2026-12388,Pfizer,Salud & Farma,03 - Marzo,2026-03-14,60,2026-05-13,4391.98,20,1-30 días,Atraso Preventivo,Cliente Corporativo
FAC-2026-12389,Pfizer,Salud & Farma,03 - Marzo,2026-03-27,30,2026-04-26,7655.97,21,1-30 días,Atraso Preventivo,Cliente Corporativo
FAC-2026-12390,Pfizer,Salud & Farma,03 - Marzo,2026-03-17,45,2026-05-01,12595.24,0,Al Día,Al Día / OK,Cliente Corporativo
FAC-2026-12391,Pfizer,Salud & Farma,03 - Marzo,2026-03-30,15,2026-04-14,13522.18,8,1-30 días,Atraso Preventivo,Cliente Corporativo
FAC-2026-12392,Pfizer,Salud & Farma,03 - Marzo,2026-03-24,45,2026-05-08,2888.1,0,Al Día,Al Día / OK,Cliente Corporativo
FAC-2026-12393,Pfizer,Salud & Farma,03 - Marzo,2026-03-04,45,2026-04-18,14267.08,0,Al Día,Al Día / OK,Cliente Corporativo
FAC-2026-12394,Pfizer,Salud & Farma,03 - Marzo,2026-03-19,15,2026-04-03,7742.99,15,1-30 días,Atraso Preventivo,Cliente Corporativo
FAC-2026-12395,Pfizer,Salud & Farma,03 - Marzo,2026-03-29,15,2026-04-13,23739.24,0,Al Día,Al Día / OK,Cliente Corporativo
FAC-2026-12396,Pfizer,Salud & Farma,03 - Marzo,2026-03-08,45,2026-04-22,20258.84,30,1-30 días,Atraso Preventivo,Cliente Corporativo
FAC-2026-12397,Pfizer,Salud & Farma,03 - Marzo,2026-03-20,45,2026-05-04,3108.89,19,1-30 días,Atraso Preventivo,Cliente Corporativo
FAC-2026-12398,Pfizer,Salud & Farma,03 - Marzo,2026-03-03,30,2026-04-02,23051.92,28,1-30 días,Atraso Preventivo,Cliente Corporativo
FAC-2026-12399,Genomma Lab,Salud & Farma,03 - Marzo,2026-03-01,45,2026-04-15,4741.8,0,Al Día,Al Día / OK,Cliente Corporativo
FAC-2026-12400,Genomma Lab,Salud & Farma,03 - Marzo,2026-03-26,45,2026-05-10,31119.06,16,1-30 días,Atraso Preventivo,Cliente Corporativo
FAC-2026-12401,Genomma Lab,Salud & Farma,03 - Marzo,2026-03-03,15,2026-03-18,5630.67,49,31-60 días,Riesgo Moderado,Cliente Corporativo
FAC-2026-12402,Genomma Lab,Salud & Farma,03 - Marzo,2026-03-01,60,2026-04-30,40354.29,89,61-90 días,Riesgo Alto,Cliente Corporativo
FAC-2026-12403,Genomma Lab,Salud & Farma,03 - Marzo,2026-03-26,60,2026-05-25,23913.44,104,+90 días (Crítico),En Mora / Crítico,Cliente Corporativo
FAC-2026-12404,Genomma Lab,Salud & Farma,03 - Marzo,2026-03-22,60,2026-05-21,26933.65,25,1-30 días,Atraso Preventivo,Cliente Corporativo
FAC-2026-12405,Genomma Lab,Salud & Farma,03 - Marzo,2026-03-04,15,2026-03-19,41363.41,51,31-60 días,Riesgo Moderado,Cliente Corporativo
FAC-2026-12406,Genomma Lab,Salud & Farma,03 - Marzo,2026-03-26,45,2026-05-10,38109.58,15,1-30 días,Atraso Preventivo,Cliente Corporativo
FAC-2026-12407,Genomma Lab,Salud & Farma,03 - Marzo,2026-03-15,45,2026-04-29,59464.31,5,1-30 días,Atraso Preventivo,Cliente Corporativo
FAC-2026-12408,Genomma Lab,Salud & Farma,03 - Marzo,2026-03-22,45,2026-05-06,9439.03,112,+90 días (Crítico),En Mora / Crítico,Cliente Corporativo
FAC-2026-12409,Genomma Lab,Salud & Farma,03 - Marzo,2026-03-25,45,2026-05-09,9615.33,0,Al Día,Al Día / OK,Cliente Corporativo
FAC-2026-12410,Genomma Lab,Salud & Farma,03 - Marzo,2026-03-13,30,2026-04-12,33416.38,53,31-60 días,Riesgo Moderado,Cliente Corporativo
FAC-2026-12411,Genomma Lab,Salud & Farma,03 - Marzo,2026-03-07,15,2026-03-22,8574.86,0,Al Día,Al Día / OK,Cliente Corporativo
FAC-2026-12412,Bayer,Salud & Farma,03 - Marzo,2026-03-31,60,2026-05-30,1823.99,0,Al Día,Al Día / OK,Cliente Corporativo
FAC-2026-12413,Bayer,Salud & Farma,03 - Marzo,2026-03-16,30,2026-04-15,12499.96,5,1-30 días,Atraso Preventivo,Cliente Corporativo
FAC-2026-12414,Bayer,Salud & Farma,03 - Marzo,2026-03-10,60,2026-05-09,14070.63,40,31-60 días,Riesgo Moderado,Cliente Corporativo
FAC-2026-12415,Bayer,Salud & Farma,03 - Marzo,2026-03-13,45,2026-04-27,8220.32,87,61-90 días,Riesgo Alto,Cliente Corporativo
FAC-2026-12416,Bayer,Salud & Farma,03 - Marzo,2026-03-02,15,2026-03-17,2852.54,118,+90 días (Crítico),En Mora / Crítico,Cliente Corporativo
FAC-2026-12417,Bayer,Salud & Farma,03 - Marzo,2026-03-13,15,2026-03-28,59789.25,54,31-60 días,Riesgo Moderado,Cliente Corporativo
FAC-2026-12418,Bayer,Salud & Farma,03 - Marzo,2026-03-03,15,2026-03-18,36429.06,54,31-60 días,Riesgo Moderado,Cliente Corporativo
FAC-2026-12419,Bayer,Salud & Farma,03 - Marzo,2026-03-13,15,2026-03-28,6906.95,0,Al Día,Al Día / OK,Cliente Corporativo
FAC-2026-12420,Bayer,Salud & Farma,03 - Marzo,2026-03-24,15,2026-04-08,35386.33,0,Al Día,Al Día / OK,Cliente Corporativo
FAC-2026-12421,Bayer,Salud & Farma,03 - Marzo,2026-03-28,15,2026-04-12,13906.73,24,1-30 días,Atraso Preventivo,Cliente Corporativo
FAC-2026-12422,Bayer,Salud & Farma,03 - Marzo,2026-03-05,15,2026-03-20,29497.76,0,Al Día,Al Día / OK,Cliente Corporativo
FAC-2026-12423,Bayer,Salud & Farma,03 - Marzo,2026-03-26,30,2026-04-25,8326.63,11,1-30 días,Atraso Preventivo,Cliente Corporativo
FAC-2026-12424,Bayer,Salud & Farma,03 - Marzo,2026-03-26,15,2026-04-10,5773.42,80,61-90 días,Riesgo Alto,Cliente Corporativo
FAC-2026-12425,Bayer,Salud & Farma,03 - Marzo,2026-03-13,45,2026-04-27,32124.11,172,+90 días (Crítico),En Mora / Crítico,Cliente Corporativo
FAC-2026-12426,Bayer,Salud & Farma,03 - Marzo,2026-03-20,30,2026-04-19,29034.29,0,Al Día,Al Día / OK,Cliente Corporativo
FAC-2026-12427,Bayer,Salud & Farma,03 - Marzo,2026-03-03,60,2026-05-02,13887.01,0,Al Día,Al Día / OK,Cliente Corporativo
FAC-2026-12428,Bayer,Salud & Farma,03 - Marzo,2026-03-19,60,2026-05-18,29238.54,18,1-30 días,Atraso Preventivo,Cliente Corporativo
FAC-2026-12429,Farmacias Benavides,Salud & Farma,03 - Marzo,2026-03-02,15,2026-03-17,6624.2,0,Al Día,Al Día / OK,Cliente Corporativo
FAC-2026-12430,Farmacias Benavides,Salud & Farma,03 - Marzo,2026-03-09,15,2026-03-24,6305.78,6,1-30 días,Atraso Preventivo,Cliente Corporativo
FAC-2026-12431,Farmacias Benavides,Salud & Farma,03 - Marzo,2026-03-31,15,2026-04-15,30419.93,49,31-60 días,Riesgo Moderado,Cliente Corporativo
FAC-2026-12432,Farmacias Benavides,Salud & Farma,03 - Marzo,2026-03-22,45,2026-05-06,30865.64,61,61-90 días,Riesgo Alto,Cliente Corporativo
FAC-2026-12433,Farmacias Benavides,Salud & Farma,03 - Marzo,2026-03-21,45,2026-05-05,29547.62,174,+90 días (Crítico),En Mora / Crítico,Cliente Corporativo
FAC-2026-12434,Farmacias Benavides,Salud & Farma,03 - Marzo,2026-03-09,15,2026-03-24,2337.07,0,Al Día,Al Día / OK,Cliente Corporativo
FAC-2026-12435,Farmacias Benavides,Salud & Farma,03 - Marzo,2026-03-14,60,2026-05-13,12257.04,160,+90 días (Crítico),En Mora / Crítico,Cliente Corporativo
FAC-2026-12436,Farmacias Benavides,Salud & Farma,03 - Marzo,2026-03-25,30,2026-04-24,23109.27,80,61-90 días,Riesgo Alto,Cliente Corporativo
FAC-2026-12437,Farmacias Benavides,Salud & Farma,03 - Marzo,2026-03-19,30,2026-04-18,20723.16,0,Al Día,Al Día / OK,Cliente Corporativo
FAC-2026-12438,Farmacias Benavides,Salud & Farma,03 - Marzo,2026-03-08,15,2026-03-23,21466.45,17,1-30 días,Atraso Preventivo,Cliente Corporativo
FAC-2026-12439,Farmacias Benavides,Salud & Farma,03 - Marzo,2026-03-27,15,2026-04-11,16543.97,0,Al Día,Al Día / OK,Cliente Corporativo
FAC-2026-12440,Farmacias Benavides,Salud & Farma,03 - Marzo,2026-03-24,30,2026-04-23,24153.04,11,1-30 días,Atraso Preventivo,Cliente Corporativo
FAC-2026-12441,Farmacias Benavides,Salud & Farma,03 - Marzo,2026-03-23,15,2026-04-07,33333.88,54,31-60 días,Riesgo Moderado,Cliente Corporativo
FAC-2026-12442,Farmacias Benavides,Salud & Farma,03 - Marzo,2026-03-25,30,2026-04-24,9435.95,6,1-30 días,Atraso Preventivo,Cliente Corporativo
FAC-2026-12443,Farmacias Benavides,Salud & Farma,03 - Marzo,2026-03-20,60,2026-05-19,25889.83,0,Al Día,Al Día / OK,Cliente Corporativo
FAC-2026-12444,Farmacias Benavides,Salud & Farma,03 - Marzo,2026-03-30,60,2026-05-29,45923.23,15,1-30 días,Atraso Preventivo,Cliente Corporativo
FAC-2026-12445,Farmacias Benavides,Salud & Farma,03 - Marzo,2026-03-20,15,2026-04-04,24119.92,25,1-30 días,Atraso Preventivo,Cliente Corporativo
FAC-2026-12446,Eurofarma,Salud & Farma,03 - Marzo,2026-03-09,15,2026-03-24,21068.28,0,Al Día,Al Día / OK,Cliente Corporativo
FAC-2026-12447,Eurofarma,Salud & Farma,03 - Marzo,2026-03-12,15,2026-03-27,10145.4,17,1-30 días,Atraso Preventivo,Cliente Corporativo
FAC-2026-12448,Eurofarma,Salud & Farma,03 - Marzo,2026-03-18,15,2026-04-02,16498.19,57,31-60 días,Riesgo Moderado,Cliente Corporativo
FAC-2026-12449,Eurofarma,Salud & Farma,03 - Marzo,2026-03-12,30,2026-04-11,30821.13,69,61-90 días,Riesgo Alto,Cliente Corporativo
FAC-2026-12450,Eurofarma,Salud & Farma,03 - Marzo,2026-03-27,60,2026-05-26,97900.96,108,+90 días (Crítico),En Mora / Crítico,Cliente Corporativo
FAC-2026-12451,Eurofarma,Salud & Farma,03 - Marzo,2026-03-19,30,2026-04-18,1413.3,0,Al Día,Al Día / OK,Cliente Corporativo
FAC-2026-12452,Eurofarma,Salud & Farma,03 - Marzo,2026-03-25,30,2026-04-24,21048.22,0,Al Día,Al Día / OK,Cliente Corporativo
FAC-2026-12453,Eurofarma,Salud & Farma,03 - Marzo,2026-03-18,30,2026-04-17,45454.04,5,1-30 días,Atraso Preventivo,Cliente Corporativo
FAC-2026-12454,Eurofarma,Salud & Farma,03 - Marzo,2026-03-29,15,2026-04-13,39497.45,46,31-60 días,Riesgo Moderado,Cliente Corporativo
FAC-2026-12455,Eurofarma,Salud & Farma,03 - Marzo,2026-03-09,45,2026-04-23,4746.69,25,1-30 días,Atraso Preventivo,Cliente Corporativo
FAC-2026-12456,Eurofarma,Salud & Farma,03 - Marzo,2026-03-25,60,2026-05-24,6265.34,0,Al Día,Al Día / OK,Cliente Corporativo
FAC-2026-12457,Eurofarma,Salud & Farma,03 - Marzo,2026-03-20,15,2026-04-04,25755.9,0,Al Día,Al Día / OK,Cliente Corporativo
FAC-2026-12458,Eurofarma,Salud & Farma,03 - Marzo,2026-03-27,15,2026-04-11,21507.86,0,Al Día,Al Día / OK,Cliente Corporativo
FAC-2026-12459,Sanofi,Salud & Farma,03 - Marzo,2026-03-12,15,2026-03-27,22420.73,0,Al Día,Al Día / OK,Cliente Corporativo
FAC-2026-12460,Sanofi,Salud & Farma,03 - Marzo,2026-03-01,15,2026-03-16,18324.9,26,1-30 días,Atraso Preventivo,Cliente Corporativo
FAC-2026-12461,Sanofi,Salud & Farma,03 - Marzo,2026-03-12,15,2026-03-27,9836.98,39,31-60 días,Riesgo Moderado,Cliente Corporativo
FAC-2026-12462,Sanofi,Salud & Farma,03 - Marzo,2026-03-29,45,2026-05-13,12229.81,87,61-90 días,Riesgo Alto,Cliente Corporativo
FAC-2026-12463,Sanofi,Salud & Farma,03 - Marzo,2026-03-17,60,2026-05-16,67264.95,136,+90 días (Crítico),En Mora / Crítico,Cliente Corporativo
FAC-2026-12464,Sanofi,Salud & Farma,03 - Marzo,2026-03-03,45,2026-04-17,18774.2,78,61-90 días,Riesgo Alto,Cliente Corporativo
FAC-2026-12465,Sanofi,Salud & Farma,03 - Marzo,2026-03-23,45,2026-05-07,11961.86,0,Al Día,Al Día / OK,Cliente Corporativo
FAC-2026-12466,Sanofi,Salud & Farma,03 - Marzo,2026-03-16,15,2026-03-31,6685.52,0,Al Día,Al Día / OK,Cliente Corporativo
FAC-2026-12467,Sanofi,Salud & Farma,03 - Marzo,2026-03-29,30,2026-04-28,3498.71,27,1-30 días,Atraso Preventivo,Cliente Corporativo
FAC-2026-12468,Sanofi,Salud & Farma,03 - Marzo,2026-03-17,15,2026-04-01,1564.62,28,1-30 días,Atraso Preventivo,Cliente Corporativo
FAC-2026-12469,Sanofi,Salud & Farma,03 - Marzo,2026-03-27,30,2026-04-26,26327.6,12,1-30 días,Atraso Preventivo,Cliente Corporativo
FAC-2026-12470,Sanofi,Salud & Farma,03 - Marzo,2026-03-17,60,2026-05-16,24196.33,17,1-30 días,Atraso Preventivo,Cliente Corporativo
FAC-2026-12471,Sanofi,Salud & Farma,03 - Marzo,2026-03-09,45,2026-04-23,18686.01,53,31-60 días,Riesgo Moderado,Cliente Corporativo
FAC-2026-12472,Sanofi,Salud & Farma,03 - Marzo,2026-03-05,15,2026-03-20,9163.37,0,Al Día,Al Día / OK,Cliente Corporativo
FAC-2026-12473,Sanofi,Salud & Farma,03 - Marzo,2026-03-25,45,2026-05-09,33718.21,6,1-30 días,Atraso Preventivo,Cliente Corporativo
FAC-2026-12474,Sanofi,Salud & Farma,03 - Marzo,2026-03-05,45,2026-04-19,8201.86,17,1-30 días,Atraso Preventivo,Cliente Corporativo
FAC-2026-12475,Sanofi,Salud & Farma,03 - Marzo,2026-03-08,45,2026-04-22,16724.26,126,+90 días (Crítico),En Mora / Crítico,Cliente Corporativo
FAC-2026-12476,Sanofi,Salud & Farma,03 - Marzo,2026-03-31,15,2026-04-15,6788.5,167,+90 días (Crítico),En Mora / Crítico,Cliente Corporativo
FAC-2026-12477,Walmart,Retail,04 - Abril,2026-04-08,45,2026-05-23,4528.5,0,Al Día,Al Día / OK,Cliente Corporativo
FAC-2026-12478,Walmart,Retail,04 - Abril,2026-04-04,45,2026-05-19,12037.57,19,1-30 días,Atraso Preventivo,Cliente Corporativo
FAC-2026-12479,Walmart,Retail,04 - Abril,2026-04-29,30,2026-05-29,6585.55,37,31-60 días,Riesgo Moderado,Cliente Corporativo
FAC-2026-12480,Walmart,Retail,04 - Abril,2026-04-11,15,2026-04-26,7350.05,88,61-90 días,Riesgo Alto,Cliente Corporativo
FAC-2026-12481,Walmart,Retail,04 - Abril,2026-04-01,15,2026-04-16,22952.04,164,+90 días (Crítico),En Mora / Crítico,Cliente Corporativo
FAC-2026-12482,Walmart,Retail,04 - Abril,2026-04-19,45,2026-06-03,3641.54,19,1-30 días,Atraso Preventivo,Cliente Corporativo
FAC-2026-12483,Walmart,Retail,04 - Abril,2026-04-11,45,2026-05-26,8788.14,46,31-60 días,Riesgo Moderado,Cliente Corporativo
FAC-2026-12484,Walmart,Retail,04 - Abril,2026-04-20,15,2026-05-05,19827.28,168,+90 días (Crítico),En Mora / Crítico,Cliente Corporativo
FAC-2026-12485,Walmart,Retail,04 - Abril,2026-04-14,60,2026-06-13,1767.89,0,Al Día,Al Día / OK,Cliente Corporativo
FAC-2026-12486,Walmart,Retail,04 - Abril,2026-04-15,30,2026-05-15,1487.65,23,1-30 días,Atraso Preventivo,Cliente Corporativo
FAC-2026-12487,Walmart,Retail,04 - Abril,2026-04-09,15,2026-04-24,11546.06,0,Al Día,Al Día / OK,Cliente Corporativo
FAC-2026-12488,Walmart,Retail,04 - Abril,2026-04-14,30,2026-05-14,4010.92,9,1-30 días,Atraso Preventivo,Cliente Corporativo
FAC-2026-12489,Walmart,Retail,04 - Abril,2026-04-06,30,2026-05-06,19578.49,0,Al Día,Al Día / OK,Cliente Corporativo
FAC-2026-12490,Walmart,Retail,04 - Abril,2026-04-19,30,2026-05-19,4715.34,0,Al Día,Al Día / OK,Cliente Corporativo
FAC-2026-12491,Walmart,Retail,04 - Abril,2026-04-22,60,2026-06-21,2214.21,38,31-60 días,Riesgo Moderado,Cliente Corporativo
FAC-2026-12492,Walmart,Retail,04 - Abril,2026-04-23,45,2026-06-07,15271.15,23,1-30 días,Atraso Preventivo,Cliente Corporativo
FAC-2026-12493,Walmart,Retail,04 - Abril,2026-04-08,30,2026-05-08,1214.22,0,Al Día,Al Día / OK,Cliente Corporativo
FAC-2026-12494,Walmart,Retail,04 - Abril,2026-04-26,30,2026-05-26,19284.81,0,Al Día,Al Día / OK,Cliente Corporativo
FAC-2026-12495,Walmart,Retail,04 - Abril,2026-04-21,30,2026-05-21,20899.91,0,Al Día,Al Día / OK,Cliente Corporativo
FAC-2026-12496,Falabella,Retail,04 - Abril,2026-04-14,60,2026-06-13,16311.57,0,Al Día,Al Día / OK,Cliente Corporativo
FAC-2026-12497,Falabella,Retail,04 - Abril,2026-04-05,60,2026-06-04,27726.62,30,1-30 días,Atraso Preventivo,Cliente Corporativo
FAC-2026-12498,Falabella,Retail,04 - Abril,2026-04-19,60,2026-06-18,16137.89,48,31-60 días,Riesgo Moderado,Cliente Corporativo
FAC-2026-12499,Falabella,Retail,04 - Abril,2026-04-25,60,2026-06-24,1721.25,72,61-90 días,Riesgo Alto,Cliente Corporativo
FAC-2026-12500,Falabella,Retail,04 - Abril,2026-04-10,15,2026-04-25,4256.98,126,+90 días (Crítico),En Mora / Crítico,Cliente Corporativo
FAC-2026-12501,Falabella,Retail,04 - Abril,2026-04-04,15,2026-04-19,6311.35,36,31-60 días,Riesgo Moderado,Cliente Corporativo
FAC-2026-12502,Falabella,Retail,04 - Abril,2026-04-29,30,2026-05-29,39624.2,0,Al Día,Al Día / OK,Cliente Corporativo
FAC-2026-12503,Falabella,Retail,04 - Abril,2026-04-06,30,2026-05-06,18327.34,0,Al Día,Al Día / OK,Cliente Corporativo
FAC-2026-12504,Falabella,Retail,04 - Abril,2026-04-08,15,2026-04-23,23689.1,0,Al Día,Al Día / OK,Cliente Corporativo
FAC-2026-12505,Falabella,Retail,04 - Abril,2026-04-25,45,2026-06-09,9747.4,26,1-30 días,Atraso Preventivo,Cliente Corporativo
FAC-2026-12506,Falabella,Retail,04 - Abril,2026-04-25,15,2026-05-10,23405.29,26,1-30 días,Atraso Preventivo,Cliente Corporativo
FAC-2026-12507,Falabella,Retail,04 - Abril,2026-04-01,15,2026-04-16,8522.2,0,Al Día,Al Día / OK,Cliente Corporativo
FAC-2026-12508,Falabella,Retail,04 - Abril,2026-04-23,30,2026-05-23,30469.78,0,Al Día,Al Día / OK,Cliente Corporativo
FAC-2026-12509,Cencosud,Retail,04 - Abril,2026-04-03,15,2026-04-18,13184.23,0,Al Día,Al Día / OK,Cliente Corporativo
FAC-2026-12510,Cencosud,Retail,04 - Abril,2026-04-02,30,2026-05-02,6941.49,12,1-30 días,Atraso Preventivo,Cliente Corporativo
FAC-2026-12511,Cencosud,Retail,04 - Abril,2026-04-12,60,2026-06-11,47834.21,45,31-60 días,Riesgo Moderado,Cliente Corporativo
FAC-2026-12512,Cencosud,Retail,04 - Abril,2026-04-14,45,2026-05-29,32115.29,79,61-90 días,Riesgo Alto,Cliente Corporativo
FAC-2026-12513,Cencosud,Retail,04 - Abril,2026-04-13,15,2026-04-28,15434.38,111,+90 días (Crítico),En Mora / Crítico,Cliente Corporativo
FAC-2026-12514,Cencosud,Retail,04 - Abril,2026-04-29,60,2026-06-28,20213.61,70,61-90 días,Riesgo Alto,Cliente Corporativo
FAC-2026-12515,Cencosud,Retail,04 - Abril,2026-04-20,15,2026-05-05,50921.34,0,Al Día,Al Día / OK,Cliente Corporativo
FAC-2026-12516,Cencosud,Retail,04 - Abril,2026-04-23,15,2026-05-08,6704.58,0,Al Día,Al Día / OK,Cliente Corporativo
FAC-2026-12517,Cencosud,Retail,04 - Abril,2026-04-16,45,2026-05-31,78492.18,0,Al Día,Al Día / OK,Cliente Corporativo
FAC-2026-12518,Cencosud,Retail,04 - Abril,2026-04-13,45,2026-05-28,3236.86,0,Al Día,Al Día / OK,Cliente Corporativo
FAC-2026-12519,Cencosud,Retail,04 - Abril,2026-04-28,60,2026-06-27,34688.67,42,31-60 días,Riesgo Moderado,Cliente Corporativo
FAC-2026-12520,Cencosud,Retail,04 - Abril,2026-04-26,15,2026-05-11,18385.48,0,Al Día,Al Día / OK,Cliente Corporativo
FAC-2026-12521,Cencosud,Retail,04 - Abril,2026-04-18,15,2026-05-03,9303.89,0,Al Día,Al Día / OK,Cliente Corporativo
FAC-2026-12522,Cencosud,Retail,04 - Abril,2026-04-27,60,2026-06-26,43749.56,11,1-30 días,Atraso Preventivo,Cliente Corporativo
FAC-2026-12523,Cencosud,Retail,04 - Abril,2026-04-11,45,2026-05-26,9837.97,0,Al Día,Al Día / OK,Cliente Corporativo
FAC-2026-12524,El Puerto de Liverpool,Retail,04 - Abril,2026-04-07,45,2026-05-22,22306.52,0,Al Día,Al Día / OK,Cliente Corporativo
FAC-2026-12525,El Puerto de Liverpool,Retail,04 - Abril,2026-04-21,45,2026-06-05,47645.56,16,1-30 días,Atraso Preventivo,Cliente Corporativo
FAC-2026-12526,El Puerto de Liverpool,Retail,04 - Abril,2026-04-29,60,2026-06-28,9471.34,55,31-60 días,Riesgo Moderado,Cliente Corporativo
FAC-2026-12527,El Puerto de Liverpool,Retail,04 - Abril,2026-04-16,60,2026-06-15,10036.39,80,61-90 días,Riesgo Alto,Cliente Corporativo
FAC-2026-12528,El Puerto de Liverpool,Retail,04 - Abril,2026-04-04,30,2026-05-04,13520.1,128,+90 días (Crítico),En Mora / Crítico,Cliente Corporativo
FAC-2026-12529,El Puerto de Liverpool,Retail,04 - Abril,2026-04-01,45,2026-05-16,12664.65,21,1-30 días,Atraso Preventivo,Cliente Corporativo
FAC-2026-12530,El Puerto de Liverpool,Retail,04 - Abril,2026-04-09,30,2026-05-09,24767.55,0,Al Día,Al Día / OK,Cliente Corporativo
FAC-2026-12531,El Puerto de Liverpool,Retail,04 - Abril,2026-04-11,30,2026-05-11,18359.77,17,1-30 días,Atraso Preventivo,Cliente Corporativo
FAC-2026-12532,El Puerto de Liverpool,Retail,04 - Abril,2026-04-19,30,2026-05-19,3469.56,0,Al Día,Al Día / OK,Cliente Corporativo
FAC-2026-12533,El Puerto de Liverpool,Retail,04 - Abril,2026-04-04,15,2026-04-19,22751.34,0,Al Día,Al Día / OK,Cliente Corporativo
FAC-2026-12534,El Puerto de Liverpool,Retail,04 - Abril,2026-04-15,60,2026-06-14,13520.87,0,Al Día,Al Día / OK,Cliente Corporativo
FAC-2026-12535,El Puerto de Liverpool,Retail,04 - Abril,2026-04-02,30,2026-05-02,5936.12,0,Al Día,Al Día / OK,Cliente Corporativo
FAC-2026-12536,El Puerto de Liverpool,Retail,04 - Abril,2026-04-09,45,2026-05-24,2224.6,0,Al Día,Al Día / OK,Cliente Corporativo
FAC-2026-12537,El Puerto de Liverpool,Retail,04 - Abril,2026-04-16,30,2026-05-16,18963.66,0,Al Día,Al Día / OK,Cliente Corporativo
FAC-2026-12538,El Puerto de Liverpool,Retail,04 - Abril,2026-04-06,60,2026-06-05,11319.89,164,+90 días (Crítico),En Mora / Crítico,Cliente Corporativo
FAC-2026-12539,El Puerto de Liverpool,Retail,04 - Abril,2026-04-04,45,2026-05-19,17679.94,0,Al Día,Al Día / OK,Cliente Corporativo
FAC-2026-12540,El Puerto de Liverpool,Retail,04 - Abril,2026-04-11,45,2026-05-26,18188.69,63,61-90 días,Riesgo Alto,Cliente Corporativo
FAC-2026-12541,El Puerto de Liverpool,Retail,04 - Abril,2026-04-15,30,2026-05-15,11500.14,0,Al Día,Al Día / OK,Cliente Corporativo
FAC-2026-12542,El Puerto de Liverpool,Retail,04 - Abril,2026-04-22,60,2026-06-21,10881.06,0,Al Día,Al Día / OK,Cliente Corporativo
FAC-2026-12543,Coppel,Retail,04 - Abril,2026-04-26,45,2026-06-10,3076.31,0,Al Día,Al Día / OK,Cliente Corporativo
FAC-2026-12544,Coppel,Retail,04 - Abril,2026-04-24,60,2026-06-23,3268.84,7,1-30 días,Atraso Preventivo,Cliente Corporativo
FAC-2026-12545,Coppel,Retail,04 - Abril,2026-04-22,45,2026-06-06,9246.71,46,31-60 días,Riesgo Moderado,Cliente Corporativo
FAC-2026-12546,Coppel,Retail,04 - Abril,2026-04-18,45,2026-06-02,9677.35,65,61-90 días,Riesgo Alto,Cliente Corporativo
FAC-2026-12547,Coppel,Retail,04 - Abril,2026-04-16,15,2026-05-01,27382.96,117,+90 días (Crítico),En Mora / Crítico,Cliente Corporativo
FAC-2026-12548,Coppel,Retail,04 - Abril,2026-04-13,30,2026-05-13,42028.05,0,Al Día,Al Día / OK,Cliente Corporativo
FAC-2026-12549,Coppel,Retail,04 - Abril,2026-04-06,15,2026-04-21,10864.1,0,Al Día,Al Día / OK,Cliente Corporativo
FAC-2026-12550,Coppel,Retail,04 - Abril,2026-04-03,30,2026-05-03,28592.87,0,Al Día,Al Día / OK,Cliente Corporativo
FAC-2026-12551,Coppel,Retail,04 - Abril,2026-04-23,15,2026-05-08,2022.41,0,Al Día,Al Día / OK,Cliente Corporativo
FAC-2026-12552,Coppel,Retail,04 - Abril,2026-04-29,60,2026-06-28,31196.46,0,Al Día,Al Día / OK,Cliente Corporativo
FAC-2026-12553,Coppel,Retail,04 - Abril,2026-04-28,45,2026-06-12,10786.43,54,31-60 días,Riesgo Moderado,Cliente Corporativo
FAC-2026-12554,Coppel,Retail,04 - Abril,2026-04-03,45,2026-05-18,1242.3,0,Al Día,Al Día / OK,Cliente Corporativo
FAC-2026-12555,Coppel,Retail,04 - Abril,2026-04-09,15,2026-04-24,12724.03,0,Al Día,Al Día / OK,Cliente Corporativo
FAC-2026-12556,Coppel,Retail,04 - Abril,2026-04-29,60,2026-06-28,11516.42,0,Al Día,Al Día / OK,Cliente Corporativo
FAC-2026-12557,Coppel,Retail,04 - Abril,2026-04-22,60,2026-06-21,7986.68,0,Al Día,Al Día / OK,Cliente Corporativo
FAC-2026-12558,Coppel,Retail,04 - Abril,2026-04-03,15,2026-04-18,19025.85,0,Al Día,Al Día / OK,Cliente Corporativo
FAC-2026-12559,Grupo Éxito,Retail,04 - Abril,2026-04-08,15,2026-04-23,3096.31,0,Al Día,Al Día / OK,Cliente Corporativo
FAC-2026-12560,Grupo Éxito,Retail,04 - Abril,2026-04-04,15,2026-04-19,16030.11,27,1-30 días,Atraso Preventivo,Cliente Corporativo
FAC-2026-12561,Grupo Éxito,Retail,04 - Abril,2026-04-24,45,2026-06-08,10923.67,36,31-60 días,Riesgo Moderado,Cliente Corporativo
FAC-2026-12562,Grupo Éxito,Retail,04 - Abril,2026-04-19,45,2026-06-03,15581.69,73,61-90 días,Riesgo Alto,Cliente Corporativo
FAC-2026-12563,Grupo Éxito,Retail,04 - Abril,2026-04-06,45,2026-05-21,2292.5,170,+90 días (Crítico),En Mora / Crítico,Cliente Corporativo
FAC-2026-12564,Grupo Éxito,Retail,04 - Abril,2026-04-10,30,2026-05-10,4021.99,47,31-60 días,Riesgo Moderado,Cliente Corporativo
FAC-2026-12565,Grupo Éxito,Retail,04 - Abril,2026-04-24,60,2026-06-23,24692.86,134,+90 días (Crítico),En Mora / Crítico,Cliente Corporativo
FAC-2026-12566,Grupo Éxito,Retail,04 - Abril,2026-04-23,45,2026-06-07,55199.38,0,Al Día,Al Día / OK,Cliente Corporativo
FAC-2026-12567,Grupo Éxito,Retail,04 - Abril,2026-04-07,30,2026-05-07,28844.97,28,1-30 días,Atraso Preventivo,Cliente Corporativo
FAC-2026-12568,Grupo Éxito,Retail,04 - Abril,2026-04-06,45,2026-05-21,120000.0,58,31-60 días,Riesgo Moderado,Cliente Corporativo
FAC-2026-12569,Grupo Éxito,Retail,04 - Abril,2026-04-11,30,2026-05-11,8008.3,8,1-30 días,Atraso Preventivo,Cliente Corporativo
FAC-2026-12570,Grupo Éxito,Retail,04 - Abril,2026-04-20,45,2026-06-04,17617.17,0,Al Día,Al Día / OK,Cliente Corporativo
FAC-2026-12571,Grupo Éxito,Retail,04 - Abril,2026-04-05,45,2026-05-20,1800.3,0,Al Día,Al Día / OK,Cliente Corporativo
FAC-2026-12572,Grupo Éxito,Retail,04 - Abril,2026-04-26,45,2026-06-10,2786.93,57,31-60 días,Riesgo Moderado,Cliente Corporativo
FAC-2026-12573,Grupo Éxito,Retail,04 - Abril,2026-04-21,30,2026-05-21,1857.95,0,Al Día,Al Día / OK,Cliente Corporativo
FAC-2026-12574,Grupo Éxito,Retail,04 - Abril,2026-04-07,15,2026-04-22,10722.09,0,Al Día,Al Día / OK,Cliente Corporativo
FAC-2026-12575,Grupo Éxito,Retail,04 - Abril,2026-04-09,30,2026-05-09,30600.33,0,Al Día,Al Día / OK,Cliente Corporativo
FAC-2026-12576,Grupo Éxito,Retail,04 - Abril,2026-04-05,15,2026-04-20,7872.08,12,1-30 días,Atraso Preventivo,Cliente Corporativo
FAC-2026-12577,Grupo Éxito,Retail,04 - Abril,2026-04-10,15,2026-04-25,7560.43,7,1-30 días,Atraso Preventivo,Cliente Corporativo
FAC-2026-12578,Grupo Éxito,Retail,04 - Abril,2026-04-08,15,2026-04-23,22100.26,0,Al Día,Al Día / OK,Cliente Corporativo
FAC-2026-12579,FEMSA Comercio (OXXO),Retail,04 - Abril,2026-04-21,60,2026-06-20,16507.71,0,Al Día,Al Día / OK,Cliente Corporativo
FAC-2026-12580,FEMSA Comercio (OXXO),Retail,04 - Abril,2026-04-18,15,2026-05-03,6604.77,6,1-30 días,Atraso Preventivo,Cliente Corporativo
FAC-2026-12581,FEMSA Comercio (OXXO),Retail,04 - Abril,2026-04-16,45,2026-05-31,7033.82,34,31-60 días,Riesgo Moderado,Cliente Corporativo
FAC-2026-12582,FEMSA Comercio (OXXO),Retail,04 - Abril,2026-04-18,60,2026-06-17,21882.77,85,61-90 días,Riesgo Alto,Cliente Corporativo
FAC-2026-12583,FEMSA Comercio (OXXO),Retail,04 - Abril,2026-04-10,45,2026-05-25,42434.59,107,+90 días (Crítico),En Mora / Crítico,Cliente Corporativo
FAC-2026-12584,FEMSA Comercio (OXXO),Retail,04 - Abril,2026-04-23,60,2026-06-22,32174.53,0,Al Día,Al Día / OK,Cliente Corporativo
FAC-2026-12585,FEMSA Comercio (OXXO),Retail,04 - Abril,2026-04-02,60,2026-06-01,34119.99,6,1-30 días,Atraso Preventivo,Cliente Corporativo
FAC-2026-12586,FEMSA Comercio (OXXO),Retail,04 - Abril,2026-04-04,15,2026-04-19,14491.37,7,1-30 días,Atraso Preventivo,Cliente Corporativo
FAC-2026-12587,FEMSA Comercio (OXXO),Retail,04 - Abril,2026-04-23,60,2026-06-22,18509.16,0,Al Día,Al Día / OK,Cliente Corporativo
FAC-2026-12588,FEMSA Comercio (OXXO),Retail,04 - Abril,2026-04-10,60,2026-06-09,6374.77,40,31-60 días,Riesgo Moderado,Cliente Corporativo
FAC-2026-12589,FEMSA Comercio (OXXO),Retail,04 - Abril,2026-04-20,30,2026-05-20,5906.54,0,Al Día,Al Día / OK,Cliente Corporativo
FAC-2026-12590,FEMSA Comercio (OXXO),Retail,04 - Abril,2026-04-14,30,2026-05-14,28174.82,59,31-60 días,Riesgo Moderado,Cliente Corporativo
FAC-2026-12591,FEMSA Comercio (OXXO),Retail,04 - Abril,2026-04-07,30,2026-05-07,18190.89,0,Al Día,Al Día / OK,Cliente Corporativo
FAC-2026-12592,Chedraui,Retail,04 - Abril,2026-04-19,30,2026-05-19,26769.96,0,Al Día,Al Día / OK,Cliente Corporativo
FAC-2026-12593,Chedraui,Retail,04 - Abril,2026-04-25,45,2026-06-09,3167.44,25,1-30 días,Atraso Preventivo,Cliente Corporativo
FAC-2026-12594,Chedraui,Retail,04 - Abril,2026-04-18,60,2026-06-17,28231.62,45,31-60 días,Riesgo Moderado,Cliente Corporativo
FAC-2026-12595,Chedraui,Retail,04 - Abril,2026-04-27,60,2026-06-26,63881.24,67,61-90 días,Riesgo Alto,Cliente Corporativo
FAC-2026-12596,Chedraui,Retail,04 - Abril,2026-04-26,30,2026-05-26,21035.91,116,+90 días (Crítico),En Mora / Crítico,Cliente Corporativo
FAC-2026-12597,Chedraui,Retail,04 - Abril,2026-04-01,30,2026-05-01,12682.52,33,31-60 días,Riesgo Moderado,Cliente Corporativo
FAC-2026-12598,Chedraui,Retail,04 - Abril,2026-04-12,45,2026-05-27,3354.26,0,Al Día,Al Día / OK,Cliente Corporativo
FAC-2026-12599,Chedraui,Retail,04 - Abril,2026-04-25,60,2026-06-24,27954.1,43,31-60 días,Riesgo Moderado,Cliente Corporativo
FAC-2026-12600,Chedraui,Retail,04 - Abril,2026-04-19,30,2026-05-19,19728.94,0,Al Día,Al Día / OK,Cliente Corporativo
FAC-2026-12601,Chedraui,Retail,04 - Abril,2026-04-22,60,2026-06-21,6549.94,34,31-60 días,Riesgo Moderado,Cliente Corporativo
FAC-2026-12602,Chedraui,Retail,04 - Abril,2026-04-30,45,2026-06-14,61882.42,0,Al Día,Al Día / OK,Cliente Corporativo
FAC-2026-12603,Chedraui,Retail,04 - Abril,2026-04-09,30,2026-05-09,8499.3,0,Al Día,Al Día / OK,Cliente Corporativo
FAC-2026-12604,Chedraui,Retail,04 - Abril,2026-04-17,60,2026-06-16,3704.62,6,1-30 días,Atraso Preventivo,Cliente Corporativo
FAC-2026-12605,Chedraui,Retail,04 - Abril,2026-04-01,30,2026-05-01,8441.09,0,Al Día,Al Día / OK,Cliente Corporativo
FAC-2026-12606,Chedraui,Retail,04 - Abril,2026-04-09,30,2026-05-09,14900.91,19,1-30 días,Atraso Preventivo,Cliente Corporativo
FAC-2026-12607,Chedraui,Retail,04 - Abril,2026-04-10,15,2026-04-25,3953.46,87,61-90 días,Riesgo Alto,Cliente Corporativo
FAC-2026-12608,América Móvil (Claro),Telecom,04 - Abril,2026-04-09,30,2026-05-09,3284.09,0,Al Día,Al Día / OK,Cliente Corporativo
FAC-2026-12609,América Móvil (Claro),Telecom,04 - Abril,2026-04-16,60,2026-06-15,13596.48,20,1-30 días,Atraso Preventivo,Cliente Corporativo
FAC-2026-12610,América Móvil (Claro),Telecom,04 - Abril,2026-04-23,45,2026-06-07,2355.19,36,31-60 días,Riesgo Moderado,Cliente Corporativo
FAC-2026-12611,América Móvil (Claro),Telecom,04 - Abril,2026-04-04,30,2026-05-04,8958.87,82,61-90 días,Riesgo Alto,Cliente Corporativo
FAC-2026-12612,América Móvil (Claro),Telecom,04 - Abril,2026-04-20,30,2026-05-20,3810.98,96,+90 días (Crítico),En Mora / Crítico,Cliente Corporativo
FAC-2026-12613,América Móvil (Claro),Telecom,04 - Abril,2026-04-29,45,2026-06-13,5016.37,0,Al Día,Al Día / OK,Cliente Corporativo
FAC-2026-12614,América Móvil (Claro),Telecom,04 - Abril,2026-04-30,45,2026-06-14,30843.43,15,1-30 días,Atraso Preventivo,Cliente Corporativo
FAC-2026-12615,América Móvil (Claro),Telecom,04 - Abril,2026-04-12,30,2026-05-12,56780.03,0,Al Día,Al Día / OK,Cliente Corporativo
FAC-2026-12616,América Móvil (Claro),Telecom,04 - Abril,2026-04-28,45,2026-06-12,13491.43,147,+90 días (Crítico),En Mora / Crítico,Cliente Corporativo
FAC-2026-12617,América Móvil (Claro),Telecom,04 - Abril,2026-04-02,30,2026-05-02,3612.66,18,1-30 días,Atraso Preventivo,Cliente Corporativo
FAC-2026-12618,América Móvil (Claro),Telecom,04 - Abril,2026-04-22,45,2026-06-06,13065.37,0,Al Día,Al Día / OK,Cliente Corporativo
FAC-2026-12619,América Móvil (Claro),Telecom,04 - Abril,2026-04-04,45,2026-05-19,6191.65,13,1-30 días,Atraso Preventivo,Cliente Corporativo
FAC-2026-12620,América Móvil (Claro),Telecom,04 - Abril,2026-04-16,30,2026-05-16,7364.51,0,Al Día,Al Día / OK,Cliente Corporativo
FAC-2026-12621,América Móvil (Claro),Telecom,04 - Abril,2026-04-21,15,2026-05-06,20352.72,0,Al Día,Al Día / OK,Cliente Corporativo
FAC-2026-12622,América Móvil (Claro),Telecom,04 - Abril,2026-04-25,45,2026-06-09,3643.44,0,Al Día,Al Día / OK,Cliente Corporativo
FAC-2026-12623,América Móvil (Claro),Telecom,04 - Abril,2026-04-26,15,2026-05-11,14418.31,49,31-60 días,Riesgo Moderado,Cliente Corporativo
FAC-2026-12624,América Móvil (Claro),Telecom,04 - Abril,2026-04-12,30,2026-05-12,29343.42,9,1-30 días,Atraso Preventivo,Cliente Corporativo
FAC-2026-12625,América Móvil (Claro),Telecom,04 - Abril,2026-04-22,15,2026-05-07,18415.19,0,Al Día,Al Día / OK,Cliente Corporativo
FAC-2026-12626,América Móvil (Claro),Telecom,04 - Abril,2026-04-29,30,2026-05-29,38683.49,0,Al Día,Al Día / OK,Cliente Corporativo
FAC-2026-12627,América Móvil (Claro),Telecom,04 - Abril,2026-04-29,30,2026-05-29,1863.82,0,Al Día,Al Día / OK,Cliente Corporativo
FAC-2026-12628,Telefónica (Movistar),Telecom,04 - Abril,2026-04-30,15,2026-05-15,21233.37,0,Al Día,Al Día / OK,Cliente Corporativo
FAC-2026-12629,Telefónica (Movistar),Telecom,04 - Abril,2026-04-06,45,2026-05-21,25817.72,28,1-30 días,Atraso Preventivo,Cliente Corporativo
FAC-2026-12630,Telefónica (Movistar),Telecom,04 - Abril,2026-04-15,15,2026-04-30,13724.68,57,31-60 días,Riesgo Moderado,Cliente Corporativo
FAC-2026-12631,Telefónica (Movistar),Telecom,04 - Abril,2026-04-29,60,2026-06-28,37660.52,68,61-90 días,Riesgo Alto,Cliente Corporativo
FAC-2026-12632,Telefónica (Movistar),Telecom,04 - Abril,2026-04-24,45,2026-06-08,12575.92,142,+90 días (Crítico),En Mora / Crítico,Cliente Corporativo
FAC-2026-12633,Telefónica (Movistar),Telecom,04 - Abril,2026-04-04,30,2026-05-04,28725.52,0,Al Día,Al Día / OK,Cliente Corporativo
FAC-2026-12634,Telefónica (Movistar),Telecom,04 - Abril,2026-04-21,45,2026-06-05,11024.66,0,Al Día,Al Día / OK,Cliente Corporativo
FAC-2026-12635,Telefónica (Movistar),Telecom,04 - Abril,2026-04-09,15,2026-04-24,9323.09,0,Al Día,Al Día / OK,Cliente Corporativo
FAC-2026-12636,Telefónica (Movistar),Telecom,04 - Abril,2026-04-23,45,2026-06-07,78955.51,7,1-30 días,Atraso Preventivo,Cliente Corporativo
FAC-2026-12637,Telefónica (Movistar),Telecom,04 - Abril,2026-04-01,60,2026-05-31,13193.3,30,1-30 días,Atraso Preventivo,Cliente Corporativo
FAC-2026-12638,Telefónica (Movistar),Telecom,04 - Abril,2026-04-23,45,2026-06-07,73907.76,10,1-30 días,Atraso Preventivo,Cliente Corporativo
FAC-2026-12639,Telefónica (Movistar),Telecom,04 - Abril,2026-04-01,45,2026-05-16,2244.98,0,Al Día,Al Día / OK,Cliente Corporativo
FAC-2026-12640,Telefónica (Movistar),Telecom,04 - Abril,2026-04-15,45,2026-05-30,1232.65,0,Al Día,Al Día / OK,Cliente Corporativo
FAC-2026-12641,Telefónica (Movistar),Telecom,04 - Abril,2026-04-29,15,2026-05-14,85961.91,0,Al Día,Al Día / OK,Cliente Corporativo
FAC-2026-12642,Millicom (Tigo),Telecom,04 - Abril,2026-04-24,45,2026-06-08,5164.85,0,Al Día,Al Día / OK,Cliente Corporativo
FAC-2026-12643,Millicom (Tigo),Telecom,04 - Abril,2026-04-29,30,2026-05-29,1818.77,14,1-30 días,Atraso Preventivo,Cliente Corporativo
FAC-2026-12644,Millicom (Tigo),Telecom,04 - Abril,2026-04-06,15,2026-04-21,8027.7,48,31-60 días,Riesgo Moderado,Cliente Corporativo
FAC-2026-12645,Millicom (Tigo),Telecom,04 - Abril,2026-04-30,30,2026-05-30,8410.69,77,61-90 días,Riesgo Alto,Cliente Corporativo
FAC-2026-12646,Millicom (Tigo),Telecom,04 - Abril,2026-04-08,60,2026-06-07,6970.44,167,+90 días (Crítico),En Mora / Crítico,Cliente Corporativo
FAC-2026-12647,Millicom (Tigo),Telecom,04 - Abril,2026-04-16,45,2026-05-31,49299.13,7,1-30 días,Atraso Preventivo,Cliente Corporativo
FAC-2026-12648,Millicom (Tigo),Telecom,04 - Abril,2026-04-05,15,2026-04-20,27735.62,0,Al Día,Al Día / OK,Cliente Corporativo
FAC-2026-12649,Millicom (Tigo),Telecom,04 - Abril,2026-04-17,60,2026-06-16,7759.89,85,61-90 días,Riesgo Alto,Cliente Corporativo
FAC-2026-12650,Millicom (Tigo),Telecom,04 - Abril,2026-04-10,60,2026-06-09,26945.13,0,Al Día,Al Día / OK,Cliente Corporativo
FAC-2026-12651,Millicom (Tigo),Telecom,04 - Abril,2026-04-05,15,2026-04-20,9431.07,21,1-30 días,Atraso Preventivo,Cliente Corporativo
FAC-2026-12652,Millicom (Tigo),Telecom,04 - Abril,2026-04-26,60,2026-06-25,7494.81,19,1-30 días,Atraso Preventivo,Cliente Corporativo
FAC-2026-12653,Millicom (Tigo),Telecom,04 - Abril,2026-04-10,15,2026-04-25,4405.23,52,31-60 días,Riesgo Moderado,Cliente Corporativo
FAC-2026-12654,Millicom (Tigo),Telecom,04 - Abril,2026-04-13,45,2026-05-28,4516.25,0,Al Día,Al Día / OK,Cliente Corporativo
FAC-2026-12655,Millicom (Tigo),Telecom,04 - Abril,2026-04-25,30,2026-05-25,17219.45,169,+90 días (Crítico),En Mora / Crítico,Cliente Corporativo
FAC-2026-12656,Millicom (Tigo),Telecom,04 - Abril,2026-04-06,60,2026-06-05,12022.34,0,Al Día,Al Día / OK,Cliente Corporativo
FAC-2026-12657,Millicom (Tigo),Telecom,04 - Abril,2026-04-25,15,2026-05-10,23036.56,25,1-30 días,Atraso Preventivo,Cliente Corporativo
FAC-2026-12658,Millicom (Tigo),Telecom,04 - Abril,2026-04-05,30,2026-05-05,1295.91,22,1-30 días,Atraso Preventivo,Cliente Corporativo
FAC-2026-12659,Millicom (Tigo),Telecom,04 - Abril,2026-04-18,30,2026-05-18,10750.79,6,1-30 días,Atraso Preventivo,Cliente Corporativo
FAC-2026-12660,Millicom (Tigo),Telecom,04 - Abril,2026-04-22,45,2026-06-06,21036.66,9,1-30 días,Atraso Preventivo,Cliente Corporativo
FAC-2026-12661,Millicom (Tigo),Telecom,04 - Abril,2026-04-03,45,2026-05-18,29364.64,0,Al Día,Al Día / OK,Cliente Corporativo
FAC-2026-12662,Entel,Telecom,04 - Abril,2026-04-28,60,2026-06-27,21648.88,0,Al Día,Al Día / OK,Cliente Corporativo
FAC-2026-12663,Entel,Telecom,04 - Abril,2026-04-26,60,2026-06-25,10019.31,8,1-30 días,Atraso Preventivo,Cliente Corporativo
FAC-2026-12664,Entel,Telecom,04 - Abril,2026-04-26,60,2026-06-25,4688.15,38,31-60 días,Riesgo Moderado,Cliente Corporativo
FAC-2026-12665,Entel,Telecom,04 - Abril,2026-04-07,15,2026-04-22,26742.18,68,61-90 días,Riesgo Alto,Cliente Corporativo
FAC-2026-12666,Entel,Telecom,04 - Abril,2026-04-24,30,2026-05-24,11840.85,121,+90 días (Crítico),En Mora / Crítico,Cliente Corporativo
FAC-2026-12667,Entel,Telecom,04 - Abril,2026-04-16,45,2026-05-31,20466.68,40,31-60 días,Riesgo Moderado,Cliente Corporativo
FAC-2026-12668,Entel,Telecom,04 - Abril,2026-04-20,15,2026-05-05,2365.96,11,1-30 días,Atraso Preventivo,Cliente Corporativo
FAC-2026-12669,Entel,Telecom,04 - Abril,2026-04-26,30,2026-05-26,3784.69,0,Al Día,Al Día / OK,Cliente Corporativo
FAC-2026-12670,Entel,Telecom,04 - Abril,2026-04-29,15,2026-05-14,14030.58,14,1-30 días,Atraso Preventivo,Cliente Corporativo
FAC-2026-12671,Entel,Telecom,04 - Abril,2026-04-17,15,2026-05-02,8558.52,6,1-30 días,Atraso Preventivo,Cliente Corporativo
FAC-2026-12672,Entel,Telecom,04 - Abril,2026-04-09,45,2026-05-24,31127.72,37,31-60 días,Riesgo Moderado,Cliente Corporativo
FAC-2026-12673,Entel,Telecom,04 - Abril,2026-04-19,45,2026-06-03,43250.76,0,Al Día,Al Día / OK,Cliente Corporativo
FAC-2026-12674,Entel,Telecom,04 - Abril,2026-04-10,15,2026-04-25,63984.77,51,31-60 días,Riesgo Moderado,Cliente Corporativo
FAC-2026-12675,Entel,Telecom,04 - Abril,2026-04-18,60,2026-06-17,4978.78,0,Al Día,Al Día / OK,Cliente Corporativo
FAC-2026-12676,Entel,Telecom,04 - Abril,2026-04-29,60,2026-06-28,57478.61,33,31-60 días,Riesgo Moderado,Cliente Corporativo
FAC-2026-12677,Entel,Telecom,04 - Abril,2026-04-22,30,2026-05-22,1568.8,0,Al Día,Al Día / OK,Cliente Corporativo
FAC-2026-12678,AT&T,Telecom,04 - Abril,2026-04-10,15,2026-04-25,13035.0,0,Al Día,Al Día / OK,Cliente Corporativo
FAC-2026-12679,AT&T,Telecom,04 - Abril,2026-04-22,45,2026-06-06,2158.66,9,1-30 días,Atraso Preventivo,Cliente Corporativo
FAC-2026-12680,AT&T,Telecom,04 - Abril,2026-04-12,30,2026-05-12,81245.69,36,31-60 días,Riesgo Moderado,Cliente Corporativo
FAC-2026-12681,AT&T,Telecom,04 - Abril,2026-04-16,45,2026-05-31,12865.96,79,61-90 días,Riesgo Alto,Cliente Corporativo
FAC-2026-12682,AT&T,Telecom,04 - Abril,2026-04-10,45,2026-05-25,17844.48,172,+90 días (Crítico),En Mora / Crítico,Cliente Corporativo
FAC-2026-12683,AT&T,Telecom,04 - Abril,2026-04-18,45,2026-06-02,7586.04,0,Al Día,Al Día / OK,Cliente Corporativo
FAC-2026-12684,AT&T,Telecom,04 - Abril,2026-04-23,15,2026-05-08,2298.89,16,1-30 días,Atraso Preventivo,Cliente Corporativo
FAC-2026-12685,AT&T,Telecom,04 - Abril,2026-04-20,45,2026-06-04,8709.15,0,Al Día,Al Día / OK,Cliente Corporativo
FAC-2026-12686,AT&T,Telecom,04 - Abril,2026-04-09,30,2026-05-09,32605.2,25,1-30 días,Atraso Preventivo,Cliente Corporativo
FAC-2026-12687,AT&T,Telecom,04 - Abril,2026-04-16,60,2026-06-15,43309.82,34,31-60 días,Riesgo Moderado,Cliente Corporativo
FAC-2026-12688,AT&T,Telecom,04 - Abril,2026-04-15,30,2026-05-15,11276.03,0,Al Día,Al Día / OK,Cliente Corporativo
FAC-2026-12689,AT&T,Telecom,04 - Abril,2026-04-21,15,2026-05-06,52133.49,8,1-30 días,Atraso Preventivo,Cliente Corporativo
FAC-2026-12690,AT&T,Telecom,04 - Abril,2026-04-11,15,2026-04-26,28874.13,0,Al Día,Al Día / OK,Cliente Corporativo
FAC-2026-12691,AT&T,Telecom,04 - Abril,2026-04-11,60,2026-06-10,12551.83,20,1-30 días,Atraso Preventivo,Cliente Corporativo
FAC-2026-12692,Liberty Latin America,Telecom,04 - Abril,2026-04-21,15,2026-05-06,23872.98,0,Al Día,Al Día / OK,Cliente Corporativo
FAC-2026-12693,Liberty Latin America,Telecom,04 - Abril,2026-04-15,30,2026-05-15,34389.74,16,1-30 días,Atraso Preventivo,Cliente Corporativo
FAC-2026-12694,Liberty Latin America,Telecom,04 - Abril,2026-04-02,60,2026-06-01,29854.39,51,31-60 días,Riesgo Moderado,Cliente Corporativo
FAC-2026-12695,Liberty Latin America,Telecom,04 - Abril,2026-04-11,60,2026-06-10,12264.23,69,61-90 días,Riesgo Alto,Cliente Corporativo
FAC-2026-12696,Liberty Latin America,Telecom,04 - Abril,2026-04-17,60,2026-06-16,8344.03,160,+90 días (Crítico),En Mora / Crítico,Cliente Corporativo
FAC-2026-12697,Liberty Latin America,Telecom,04 - Abril,2026-04-21,15,2026-05-06,4307.02,0,Al Día,Al Día / OK,Cliente Corporativo
FAC-2026-12698,Liberty Latin America,Telecom,04 - Abril,2026-04-24,15,2026-05-09,1387.19,0,Al Día,Al Día / OK,Cliente Corporativo
FAC-2026-12699,Liberty Latin America,Telecom,04 - Abril,2026-04-05,15,2026-04-20,63079.09,10,1-30 días,Atraso Preventivo,Cliente Corporativo
FAC-2026-12700,Liberty Latin America,Telecom,04 - Abril,2026-04-17,30,2026-05-17,2368.56,0,Al Día,Al Día / OK,Cliente Corporativo
FAC-2026-12701,Liberty Latin America,Telecom,04 - Abril,2026-04-29,60,2026-06-28,25694.39,29,1-30 días,Atraso Preventivo,Cliente Corporativo
FAC-2026-12702,Liberty Latin America,Telecom,04 - Abril,2026-04-03,30,2026-05-03,4570.43,0,Al Día,Al Día / OK,Cliente Corporativo
FAC-2026-12703,Liberty Latin America,Telecom,04 - Abril,2026-04-27,60,2026-06-26,8697.98,12,1-30 días,Atraso Preventivo,Cliente Corporativo
FAC-2026-12704,Liberty Latin America,Telecom,04 - Abril,2026-04-13,15,2026-04-28,35655.42,27,1-30 días,Atraso Preventivo,Cliente Corporativo
FAC-2026-12705,Telecom Argentina,Telecom,04 - Abril,2026-04-30,45,2026-06-14,12321.09,0,Al Día,Al Día / OK,Cliente Corporativo
FAC-2026-12706,Telecom Argentina,Telecom,04 - Abril,2026-04-12,60,2026-06-11,15963.72,17,1-30 días,Atraso Preventivo,Cliente Corporativo
FAC-2026-12707,Telecom Argentina,Telecom,04 - Abril,2026-04-19,30,2026-05-19,24787.24,37,31-60 días,Riesgo Moderado,Cliente Corporativo
FAC-2026-12708,Telecom Argentina,Telecom,04 - Abril,2026-04-24,45,2026-06-08,21621.5,79,61-90 días,Riesgo Alto,Cliente Corporativo
FAC-2026-12709,Telecom Argentina,Telecom,04 - Abril,2026-04-09,60,2026-06-08,15755.0,126,+90 días (Crítico),En Mora / Crítico,Cliente Corporativo
FAC-2026-12710,Telecom Argentina,Telecom,04 - Abril,2026-04-29,60,2026-06-28,13641.98,35,31-60 días,Riesgo Moderado,Cliente Corporativo
FAC-2026-12711,Telecom Argentina,Telecom,04 - Abril,2026-04-10,45,2026-05-25,9131.27,30,1-30 días,Atraso Preventivo,Cliente Corporativo
FAC-2026-12712,Telecom Argentina,Telecom,04 - Abril,2026-04-29,60,2026-06-28,6175.57,35,31-60 días,Riesgo Moderado,Cliente Corporativo
FAC-2026-12713,Telecom Argentina,Telecom,04 - Abril,2026-04-23,60,2026-06-22,11911.56,0,Al Día,Al Día / OK,Cliente Corporativo
FAC-2026-12714,Telecom Argentina,Telecom,04 - Abril,2026-04-19,60,2026-06-18,12032.65,0,Al Día,Al Día / OK,Cliente Corporativo
FAC-2026-12715,Telecom Argentina,Telecom,04 - Abril,2026-04-28,30,2026-05-28,28082.58,0,Al Día,Al Día / OK,Cliente Corporativo
FAC-2026-12716,Telecom Argentina,Telecom,04 - Abril,2026-04-11,60,2026-06-10,12735.88,9,1-30 días,Atraso Preventivo,Cliente Corporativo
FAC-2026-12717,Telecom Argentina,Telecom,04 - Abril,2026-04-28,60,2026-06-27,3713.77,36,31-60 días,Riesgo Moderado,Cliente Corporativo
FAC-2026-12718,Telecom Argentina,Telecom,04 - Abril,2026-04-04,60,2026-06-03,77855.47,0,Al Día,Al Día / OK,Cliente Corporativo
FAC-2026-12719,Telecom Argentina,Telecom,04 - Abril,2026-04-16,15,2026-05-01,23653.48,0,Al Día,Al Día / OK,Cliente Corporativo
FAC-2026-12720,Banco Santander,Banca & Fintech,04 - Abril,2026-04-21,60,2026-06-20,6453.3,0,Al Día,Al Día / OK,Cliente Corporativo
FAC-2026-12721,Banco Santander,Banca & Fintech,04 - Abril,2026-04-24,60,2026-06-23,4907.85,18,1-30 días,Atraso Preventivo,Cliente Corporativo
FAC-2026-12722,Banco Santander,Banca & Fintech,04 - Abril,2026-04-04,60,2026-06-03,19202.62,57,31-60 días,Riesgo Moderado,Cliente Corporativo
FAC-2026-12723,Banco Santander,Banca & Fintech,04 - Abril,2026-04-15,30,2026-05-15,5207.63,87,61-90 días,Riesgo Alto,Cliente Corporativo
FAC-2026-12724,Banco Santander,Banca & Fintech,04 - Abril,2026-04-09,60,2026-06-08,6319.04,115,+90 días (Crítico),En Mora / Crítico,Cliente Corporativo
FAC-2026-12725,Banco Santander,Banca & Fintech,04 - Abril,2026-04-14,15,2026-04-29,7872.06,12,1-30 días,Atraso Preventivo,Cliente Corporativo
FAC-2026-12726,Banco Santander,Banca & Fintech,04 - Abril,2026-04-01,60,2026-05-31,42022.59,0,Al Día,Al Día / OK,Cliente Corporativo
FAC-2026-12727,Banco Santander,Banca & Fintech,04 - Abril,2026-04-17,45,2026-06-01,53402.62,17,1-30 días,Atraso Preventivo,Cliente Corporativo
FAC-2026-12728,Banco Santander,Banca & Fintech,04 - Abril,2026-04-24,45,2026-06-08,34570.02,7,1-30 días,Atraso Preventivo,Cliente Corporativo
FAC-2026-12729,Banco Santander,Banca & Fintech,04 - Abril,2026-04-16,60,2026-06-15,42915.99,17,1-30 días,Atraso Preventivo,Cliente Corporativo
FAC-2026-12730,Banco Santander,Banca & Fintech,04 - Abril,2026-04-17,30,2026-05-17,56359.94,57,31-60 días,Riesgo Moderado,Cliente Corporativo
FAC-2026-12731,Banco Santander,Banca & Fintech,04 - Abril,2026-04-21,45,2026-06-05,18211.69,0,Al Día,Al Día / OK,Cliente Corporativo
FAC-2026-12732,Banco Santander,Banca & Fintech,04 - Abril,2026-04-19,30,2026-05-19,1610.53,0,Al Día,Al Día / OK,Cliente Corporativo
FAC-2026-12733,Banco Santander,Banca & Fintech,04 - Abril,2026-04-16,60,2026-06-15,44111.41,0,Al Día,Al Día / OK,Cliente Corporativo
FAC-2026-12734,Banco Santander,Banca & Fintech,04 - Abril,2026-04-27,15,2026-05-12,20101.55,26,1-30 días,Atraso Preventivo,Cliente Corporativo
FAC-2026-12735,Banco Santander,Banca & Fintech,04 - Abril,2026-04-21,45,2026-06-05,13320.35,82,61-90 días,Riesgo Alto,Cliente Corporativo
FAC-2026-12736,BBVA,Banca & Fintech,04 - Abril,2026-04-28,15,2026-05-13,10202.23,0,Al Día,Al Día / OK,Cliente Corporativo
FAC-2026-12737,BBVA,Banca & Fintech,04 - Abril,2026-04-04,15,2026-04-19,3852.54,16,1-30 días,Atraso Preventivo,Cliente Corporativo
FAC-2026-12738,BBVA,Banca & Fintech,04 - Abril,2026-04-08,15,2026-04-23,5714.76,39,31-60 días,Riesgo Moderado,Cliente Corporativo
FAC-2026-12739,BBVA,Banca & Fintech,04 - Abril,2026-04-12,60,2026-06-11,27190.17,80,61-90 días,Riesgo Alto,Cliente Corporativo
FAC-2026-12740,BBVA,Banca & Fintech,04 - Abril,2026-04-17,60,2026-06-16,6924.73,117,+90 días (Crítico),En Mora / Crítico,Cliente Corporativo
FAC-2026-12741,BBVA,Banca & Fintech,04 - Abril,2026-04-04,60,2026-06-03,1605.44,11,1-30 días,Atraso Preventivo,Cliente Corporativo
FAC-2026-12742,BBVA,Banca & Fintech,04 - Abril,2026-04-03,60,2026-06-02,48308.48,26,1-30 días,Atraso Preventivo,Cliente Corporativo
FAC-2026-12743,BBVA,Banca & Fintech,04 - Abril,2026-04-22,15,2026-05-07,1207.39,10,1-30 días,Atraso Preventivo,Cliente Corporativo
FAC-2026-12744,BBVA,Banca & Fintech,04 - Abril,2026-04-21,60,2026-06-20,47334.76,59,31-60 días,Riesgo Moderado,Cliente Corporativo
FAC-2026-12745,BBVA,Banca & Fintech,04 - Abril,2026-04-19,30,2026-05-19,36232.7,0,Al Día,Al Día / OK,Cliente Corporativo
FAC-2026-12746,BBVA,Banca & Fintech,04 - Abril,2026-04-07,15,2026-04-22,10818.85,0,Al Día,Al Día / OK,Cliente Corporativo
FAC-2026-12747,BBVA,Banca & Fintech,04 - Abril,2026-04-21,30,2026-05-21,9134.35,0,Al Día,Al Día / OK,Cliente Corporativo
FAC-2026-12748,BBVA,Banca & Fintech,04 - Abril,2026-04-13,45,2026-05-28,29624.14,0,Al Día,Al Día / OK,Cliente Corporativo
FAC-2026-12749,BBVA,Banca & Fintech,04 - Abril,2026-04-05,30,2026-05-05,13235.05,0,Al Día,Al Día / OK,Cliente Corporativo
FAC-2026-12750,Banco de Chile,Banca & Fintech,04 - Abril,2026-04-08,15,2026-04-23,13576.8,0,Al Día,Al Día / OK,Cliente Corporativo
FAC-2026-12751,Banco de Chile,Banca & Fintech,04 - Abril,2026-04-21,45,2026-06-05,17632.61,25,1-30 días,Atraso Preventivo,Cliente Corporativo
FAC-2026-12752,Banco de Chile,Banca & Fintech,04 - Abril,2026-04-07,45,2026-05-22,9409.16,51,31-60 días,Riesgo Moderado,Cliente Corporativo
FAC-2026-12753,Banco de Chile,Banca & Fintech,04 - Abril,2026-04-11,15,2026-04-26,13970.98,65,61-90 días,Riesgo Alto,Cliente Corporativo
FAC-2026-12754,Banco de Chile,Banca & Fintech,04 - Abril,2026-04-15,60,2026-06-14,6875.65,151,+90 días (Crítico),En Mora / Crítico,Cliente Corporativo
FAC-2026-12755,Banco de Chile,Banca & Fintech,04 - Abril,2026-04-20,30,2026-05-20,31764.68,54,31-60 días,Riesgo Moderado,Cliente Corporativo
FAC-2026-12756,Banco de Chile,Banca & Fintech,04 - Abril,2026-04-06,30,2026-05-06,10336.6,38,31-60 días,Riesgo Moderado,Cliente Corporativo
FAC-2026-12757,Banco de Chile,Banca & Fintech,04 - Abril,2026-04-06,60,2026-06-05,34840.42,44,31-60 días,Riesgo Moderado,Cliente Corporativo
FAC-2026-12758,Banco de Chile,Banca & Fintech,04 - Abril,2026-04-29,60,2026-06-28,10795.11,139,+90 días (Crítico),En Mora / Crítico,Cliente Corporativo
FAC-2026-12759,Banco de Chile,Banca & Fintech,04 - Abril,2026-04-14,30,2026-05-14,9138.41,19,1-30 días,Atraso Preventivo,Cliente Corporativo
FAC-2026-12760,Banco de Chile,Banca & Fintech,04 - Abril,2026-04-04,45,2026-05-19,20839.78,0,Al Día,Al Día / OK,Cliente Corporativo
FAC-2026-12761,Banco de Chile,Banca & Fintech,04 - Abril,2026-04-20,45,2026-06-04,39645.14,147,+90 días (Crítico),En Mora / Crítico,Cliente Corporativo
FAC-2026-12762,Banco de Chile,Banca & Fintech,04 - Abril,2026-04-11,45,2026-05-26,46448.02,0,Al Día,Al Día / OK,Cliente Corporativo
FAC-2026-12763,Banco de Chile,Banca & Fintech,04 - Abril,2026-04-05,15,2026-04-20,6973.93,0,Al Día,Al Día / OK,Cliente Corporativo
FAC-2026-12764,Banco de Chile,Banca & Fintech,04 - Abril,2026-04-16,15,2026-05-01,7285.57,0,Al Día,Al Día / OK,Cliente Corporativo
FAC-2026-12765,Banco de Chile,Banca & Fintech,04 - Abril,2026-04-02,30,2026-05-02,6815.83,51,31-60 días,Riesgo Moderado,Cliente Corporativo
FAC-2026-12766,Banco de Chile,Banca & Fintech,04 - Abril,2026-04-21,30,2026-05-21,2343.33,13,1-30 días,Atraso Preventivo,Cliente Corporativo
FAC-2026-12767,Bancolombia,Banca & Fintech,04 - Abril,2026-04-26,30,2026-05-26,24905.35,0,Al Día,Al Día / OK,Cliente Corporativo
FAC-2026-12768,Bancolombia,Banca & Fintech,04 - Abril,2026-04-09,60,2026-06-08,27626.72,21,1-30 días,Atraso Preventivo,Cliente Corporativo
FAC-2026-12769,Bancolombia,Banca & Fintech,04 - Abril,2026-04-23,45,2026-06-07,24521.56,32,31-60 días,Riesgo Moderado,Cliente Corporativo
FAC-2026-12770,Bancolombia,Banca & Fintech,04 - Abril,2026-04-05,45,2026-05-20,7429.65,75,61-90 días,Riesgo Alto,Cliente Corporativo
FAC-2026-12771,Bancolombia,Banca & Fintech,04 - Abril,2026-04-28,45,2026-06-12,16216.23,94,+90 días (Crítico),En Mora / Crítico,Cliente Corporativo
FAC-2026-12772,Bancolombia,Banca & Fintech,04 - Abril,2026-04-27,15,2026-05-12,14776.8,0,Al Día,Al Día / OK,Cliente Corporativo
FAC-2026-12773,Bancolombia,Banca & Fintech,04 - Abril,2026-04-09,15,2026-04-24,20375.8,0,Al Día,Al Día / OK,Cliente Corporativo
FAC-2026-12774,Bancolombia,Banca & Fintech,04 - Abril,2026-04-26,15,2026-05-11,32396.24,27,1-30 días,Atraso Preventivo,Cliente Corporativo
FAC-2026-12775,Bancolombia,Banca & Fintech,04 - Abril,2026-04-08,60,2026-06-07,19127.52,0,Al Día,Al Día / OK,Cliente Corporativo
FAC-2026-12776,Bancolombia,Banca & Fintech,04 - Abril,2026-04-27,15,2026-05-12,4227.61,0,Al Día,Al Día / OK,Cliente Corporativo
FAC-2026-12777,Bancolombia,Banca & Fintech,04 - Abril,2026-04-09,45,2026-05-24,11115.31,0,Al Día,Al Día / OK,Cliente Corporativo
FAC-2026-12778,Bancolombia,Banca & Fintech,04 - Abril,2026-04-02,30,2026-05-02,55260.41,44,31-60 días,Riesgo Moderado,Cliente Corporativo
FAC-2026-12779,Bancolombia,Banca & Fintech,04 - Abril,2026-04-12,30,2026-05-12,1472.02,0,Al Día,Al Día / OK,Cliente Corporativo
FAC-2026-12780,Bancolombia,Banca & Fintech,04 - Abril,2026-04-21,15,2026-05-06,78123.53,147,+90 días (Crítico),En Mora / Crítico,Cliente Corporativo
FAC-2026-12781,Bancolombia,Banca & Fintech,04 - Abril,2026-04-18,60,2026-06-17,8828.84,59,31-60 días,Riesgo Moderado,Cliente Corporativo
FAC-2026-12782,Bancolombia,Banca & Fintech,04 - Abril,2026-04-26,45,2026-06-10,12534.36,0,Al Día,Al Día / OK,Cliente Corporativo
FAC-2026-12783,Bancolombia,Banca & Fintech,04 - Abril,2026-04-10,30,2026-05-10,10674.51,36,31-60 días,Riesgo Moderado,Cliente Corporativo
FAC-2026-12784,Itaú Unibanco,Banca & Fintech,04 - Abril,2026-04-14,45,2026-05-29,27985.85,0,Al Día,Al Día / OK,Cliente Corporativo
FAC-2026-12785,Itaú Unibanco,Banca & Fintech,04 - Abril,2026-04-03,45,2026-05-18,12747.11,14,1-30 días,Atraso Preventivo,Cliente Corporativo
FAC-2026-12786,Itaú Unibanco,Banca & Fintech,04 - Abril,2026-04-11,45,2026-05-26,29586.05,56,31-60 días,Riesgo Moderado,Cliente Corporativo
FAC-2026-12787,Itaú Unibanco,Banca & Fintech,04 - Abril,2026-04-13,60,2026-06-12,14156.59,65,61-90 días,Riesgo Alto,Cliente Corporativo
FAC-2026-12788,Itaú Unibanco,Banca & Fintech,04 - Abril,2026-04-09,15,2026-04-24,43422.05,127,+90 días (Crítico),En Mora / Crítico,Cliente Corporativo
FAC-2026-12789,Itaú Unibanco,Banca & Fintech,04 - Abril,2026-04-28,30,2026-05-28,5148.17,0,Al Día,Al Día / OK,Cliente Corporativo
FAC-2026-12790,Itaú Unibanco,Banca & Fintech,04 - Abril,2026-04-19,30,2026-05-19,16981.13,0,Al Día,Al Día / OK,Cliente Corporativo
FAC-2026-12791,Itaú Unibanco,Banca & Fintech,04 - Abril,2026-04-02,15,2026-04-17,15067.09,0,Al Día,Al Día / OK,Cliente Corporativo
FAC-2026-12792,Itaú Unibanco,Banca & Fintech,04 - Abril,2026-04-23,30,2026-05-23,39428.14,0,Al Día,Al Día / OK,Cliente Corporativo
FAC-2026-12793,Itaú Unibanco,Banca & Fintech,04 - Abril,2026-04-03,45,2026-05-18,1852.71,0,Al Día,Al Día / OK,Cliente Corporativo
FAC-2026-12794,Itaú Unibanco,Banca & Fintech,04 - Abril,2026-04-20,45,2026-06-04,1436.93,14,1-30 días,Atraso Preventivo,Cliente Corporativo
FAC-2026-12795,Itaú Unibanco,Banca & Fintech,04 - Abril,2026-04-29,45,2026-06-13,31162.5,22,1-30 días,Atraso Preventivo,Cliente Corporativo
FAC-2026-12796,Itaú Unibanco,Banca & Fintech,04 - Abril,2026-04-28,30,2026-05-28,13592.23,0,Al Día,Al Día / OK,Cliente Corporativo
FAC-2026-12797,Nubank,Banca & Fintech,04 - Abril,2026-04-02,45,2026-05-17,2491.25,0,Al Día,Al Día / OK,Cliente Corporativo
FAC-2026-12798,Nubank,Banca & Fintech,04 - Abril,2026-04-16,45,2026-05-31,15920.09,14,1-30 días,Atraso Preventivo,Cliente Corporativo
FAC-2026-12799,Nubank,Banca & Fintech,04 - Abril,2026-04-17,60,2026-06-16,3984.66,49,31-60 días,Riesgo Moderado,Cliente Corporativo
FAC-2026-12800,Nubank,Banca & Fintech,04 - Abril,2026-04-20,15,2026-05-05,71251.04,73,61-90 días,Riesgo Alto,Cliente Corporativo
FAC-2026-12801,Nubank,Banca & Fintech,04 - Abril,2026-04-16,45,2026-05-31,8073.8,107,+90 días (Crítico),En Mora / Crítico,Cliente Corporativo
FAC-2026-12802,Nubank,Banca & Fintech,04 - Abril,2026-04-19,60,2026-06-18,5740.51,27,1-30 días,Atraso Preventivo,Cliente Corporativo
FAC-2026-12803,Nubank,Banca & Fintech,04 - Abril,2026-04-02,15,2026-04-17,20527.94,0,Al Día,Al Día / OK,Cliente Corporativo
FAC-2026-12804,Nubank,Banca & Fintech,04 - Abril,2026-04-12,30,2026-05-12,14371.64,0,Al Día,Al Día / OK,Cliente Corporativo
FAC-2026-12805,Nubank,Banca & Fintech,04 - Abril,2026-04-17,30,2026-05-17,12667.68,162,+90 días (Crítico),En Mora / Crítico,Cliente Corporativo
FAC-2026-12806,Nubank,Banca & Fintech,04 - Abril,2026-04-03,15,2026-04-18,18975.63,70,61-90 días,Riesgo Alto,Cliente Corporativo
FAC-2026-12807,Nubank,Banca & Fintech,04 - Abril,2026-04-06,15,2026-04-21,13836.51,16,1-30 días,Atraso Preventivo,Cliente Corporativo
FAC-2026-12808,Nubank,Banca & Fintech,04 - Abril,2026-04-27,60,2026-06-26,2463.67,0,Al Día,Al Día / OK,Cliente Corporativo
FAC-2026-12809,Nubank,Banca & Fintech,04 - Abril,2026-04-08,15,2026-04-23,23935.5,58,31-60 días,Riesgo Moderado,Cliente Corporativo
FAC-2026-12810,Nubank,Banca & Fintech,04 - Abril,2026-04-16,15,2026-05-01,34784.16,23,1-30 días,Atraso Preventivo,Cliente Corporativo
FAC-2026-12811,Nubank,Banca & Fintech,04 - Abril,2026-04-01,60,2026-05-31,42766.83,9,1-30 días,Atraso Preventivo,Cliente Corporativo
FAC-2026-12812,Nubank,Banca & Fintech,04 - Abril,2026-04-04,15,2026-04-19,5673.83,6,1-30 días,Atraso Preventivo,Cliente Corporativo
FAC-2026-12813,Banco Galicia,Banca & Fintech,04 - Abril,2026-04-01,30,2026-05-01,33626.11,0,Al Día,Al Día / OK,Cliente Corporativo
FAC-2026-12814,Banco Galicia,Banca & Fintech,04 - Abril,2026-04-12,45,2026-05-27,19032.2,29,1-30 días,Atraso Preventivo,Cliente Corporativo
FAC-2026-12815,Banco Galicia,Banca & Fintech,04 - Abril,2026-04-24,60,2026-06-23,6847.53,56,31-60 días,Riesgo Moderado,Cliente Corporativo
FAC-2026-12816,Banco Galicia,Banca & Fintech,04 - Abril,2026-04-13,45,2026-05-28,27771.61,68,61-90 días,Riesgo Alto,Cliente Corporativo
FAC-2026-12817,Banco Galicia,Banca & Fintech,04 - Abril,2026-04-08,60,2026-06-07,9300.5,110,+90 días (Crítico),En Mora / Crítico,Cliente Corporativo
FAC-2026-12818,Banco Galicia,Banca & Fintech,04 - Abril,2026-04-14,60,2026-06-13,3516.95,0,Al Día,Al Día / OK,Cliente Corporativo
FAC-2026-12819,Banco Galicia,Banca & Fintech,04 - Abril,2026-04-13,15,2026-04-28,4345.23,0,Al Día,Al Día / OK,Cliente Corporativo
FAC-2026-12820,Banco Galicia,Banca & Fintech,04 - Abril,2026-04-14,30,2026-05-14,25041.64,0,Al Día,Al Día / OK,Cliente Corporativo
FAC-2026-12821,Banco Galicia,Banca & Fintech,04 - Abril,2026-04-12,60,2026-06-11,3173.44,8,1-30 días,Atraso Preventivo,Cliente Corporativo
FAC-2026-12822,Banco Galicia,Banca & Fintech,04 - Abril,2026-04-03,15,2026-04-18,18135.49,0,Al Día,Al Día / OK,Cliente Corporativo
FAC-2026-12823,Banco Galicia,Banca & Fintech,04 - Abril,2026-04-05,60,2026-06-04,4631.57,0,Al Día,Al Día / OK,Cliente Corporativo
FAC-2026-12824,Banco Galicia,Banca & Fintech,04 - Abril,2026-04-27,30,2026-05-27,9951.88,34,31-60 días,Riesgo Moderado,Cliente Corporativo
FAC-2026-12825,Banco Galicia,Banca & Fintech,04 - Abril,2026-04-25,30,2026-05-25,1556.5,0,Al Día,Al Día / OK,Cliente Corporativo
FAC-2026-12826,Banco Galicia,Banca & Fintech,04 - Abril,2026-04-21,30,2026-05-21,42403.19,0,Al Día,Al Día / OK,Cliente Corporativo
FAC-2026-12827,Banco Galicia,Banca & Fintech,04 - Abril,2026-04-26,45,2026-06-10,1679.69,31,31-60 días,Riesgo Moderado,Cliente Corporativo
FAC-2026-12828,Banco Galicia,Banca & Fintech,04 - Abril,2026-04-21,30,2026-05-21,44072.5,0,Al Día,Al Día / OK,Cliente Corporativo
FAC-2026-12829,Banco Galicia,Banca & Fintech,04 - Abril,2026-04-07,45,2026-05-22,14992.71,16,1-30 días,Atraso Preventivo,Cliente Corporativo
FAC-2026-12830,Banco Galicia,Banca & Fintech,04 - Abril,2026-04-06,15,2026-04-21,3319.13,0,Al Día,Al Día / OK,Cliente Corporativo
FAC-2026-12831,Banco Galicia,Banca & Fintech,04 - Abril,2026-04-14,60,2026-06-13,31281.87,14,1-30 días,Atraso Preventivo,Cliente Corporativo
FAC-2026-12832,Banorte,Banca & Fintech,04 - Abril,2026-04-20,30,2026-05-20,4357.51,0,Al Día,Al Día / OK,Cliente Corporativo
FAC-2026-12833,Banorte,Banca & Fintech,04 - Abril,2026-04-29,45,2026-06-13,11711.16,19,1-30 días,Atraso Preventivo,Cliente Corporativo
FAC-2026-12834,Banorte,Banca & Fintech,04 - Abril,2026-04-21,30,2026-05-21,4771.62,33,31-60 días,Riesgo Moderado,Cliente Corporativo
FAC-2026-12835,Banorte,Banca & Fintech,04 - Abril,2026-04-03,60,2026-06-02,37684.95,86,61-90 días,Riesgo Alto,Cliente Corporativo
FAC-2026-12836,Banorte,Banca & Fintech,04 - Abril,2026-04-17,60,2026-06-16,7752.88,142,+90 días (Crítico),En Mora / Crítico,Cliente Corporativo
FAC-2026-12837,Banorte,Banca & Fintech,04 - Abril,2026-04-02,60,2026-06-01,3635.38,0,Al Día,Al Día / OK,Cliente Corporativo
FAC-2026-12838,Banorte,Banca & Fintech,04 - Abril,2026-04-29,15,2026-05-14,8651.86,12,1-30 días,Atraso Preventivo,Cliente Corporativo
FAC-2026-12839,Banorte,Banca & Fintech,04 - Abril,2026-04-07,30,2026-05-07,34339.75,12,1-30 días,Atraso Preventivo,Cliente Corporativo
FAC-2026-12840,Banorte,Banca & Fintech,04 - Abril,2026-04-22,30,2026-05-22,4238.85,12,1-30 días,Atraso Preventivo,Cliente Corporativo
FAC-2026-12841,Banorte,Banca & Fintech,04 - Abril,2026-04-16,15,2026-05-01,34844.65,11,1-30 días,Atraso Preventivo,Cliente Corporativo
FAC-2026-12842,Banorte,Banca & Fintech,04 - Abril,2026-04-14,60,2026-06-13,2827.43,16,1-30 días,Atraso Preventivo,Cliente Corporativo
FAC-2026-12843,Banorte,Banca & Fintech,04 - Abril,2026-04-15,60,2026-06-14,12278.01,0,Al Día,Al Día / OK,Cliente Corporativo
FAC-2026-12844,Banorte,Banca & Fintech,04 - Abril,2026-04-07,15,2026-04-22,3648.52,10,1-30 días,Atraso Preventivo,Cliente Corporativo
FAC-2026-12845,Banorte,Banca & Fintech,04 - Abril,2026-04-08,45,2026-05-23,10902.81,40,31-60 días,Riesgo Moderado,Cliente Corporativo
FAC-2026-12846,Banorte,Banca & Fintech,04 - Abril,2026-04-13,15,2026-04-28,6671.36,0,Al Día,Al Día / OK,Cliente Corporativo
FAC-2026-12847,Banorte,Banca & Fintech,04 - Abril,2026-04-19,60,2026-06-18,14096.82,10,1-30 días,Atraso Preventivo,Cliente Corporativo
FAC-2026-12848,Banorte,Banca & Fintech,04 - Abril,2026-04-13,45,2026-05-28,7426.84,0,Al Día,Al Día / OK,Cliente Corporativo
FAC-2026-12849,Banorte,Banca & Fintech,04 - Abril,2026-04-08,30,2026-05-08,16538.55,13,1-30 días,Atraso Preventivo,Cliente Corporativo
FAC-2026-12850,Banorte,Banca & Fintech,04 - Abril,2026-04-02,60,2026-06-01,38817.01,0,Al Día,Al Día / OK,Cliente Corporativo
FAC-2026-12851,Banorte,Banca & Fintech,04 - Abril,2026-04-04,30,2026-05-04,14114.59,0,Al Día,Al Día / OK,Cliente Corporativo
FAC-2026-12852,Cemex,Industrial,04 - Abril,2026-04-30,15,2026-05-15,18417.07,0,Al Día,Al Día / OK,Cliente Corporativo
FAC-2026-12853,Cemex,Industrial,04 - Abril,2026-04-10,15,2026-04-25,11667.0,21,1-30 días,Atraso Preventivo,Cliente Corporativo
FAC-2026-12854,Cemex,Industrial,04 - Abril,2026-04-23,15,2026-05-08,41966.23,39,31-60 días,Riesgo Moderado,Cliente Corporativo
FAC-2026-12855,Cemex,Industrial,04 - Abril,2026-04-14,30,2026-05-14,5358.31,68,61-90 días,Riesgo Alto,Cliente Corporativo
FAC-2026-12856,Cemex,Industrial,04 - Abril,2026-04-19,45,2026-06-03,17067.03,136,+90 días (Crítico),En Mora / Crítico,Cliente Corporativo
FAC-2026-12857,Cemex,Industrial,04 - Abril,2026-04-27,30,2026-05-27,18410.43,44,31-60 días,Riesgo Moderado,Cliente Corporativo
FAC-2026-12858,Cemex,Industrial,04 - Abril,2026-04-14,45,2026-05-29,16206.45,12,1-30 días,Atraso Preventivo,Cliente Corporativo
FAC-2026-12859,Cemex,Industrial,04 - Abril,2026-04-29,15,2026-05-14,46021.84,0,Al Día,Al Día / OK,Cliente Corporativo
FAC-2026-12860,Cemex,Industrial,04 - Abril,2026-04-13,60,2026-06-12,45958.57,9,1-30 días,Atraso Preventivo,Cliente Corporativo
FAC-2026-12861,Cemex,Industrial,04 - Abril,2026-04-26,45,2026-06-10,29588.66,0,Al Día,Al Día / OK,Cliente Corporativo
FAC-2026-12862,Cemex,Industrial,04 - Abril,2026-04-15,45,2026-05-30,31809.46,0,Al Día,Al Día / OK,Cliente Corporativo
FAC-2026-12863,Cemex,Industrial,04 - Abril,2026-04-13,30,2026-05-13,8132.72,61,61-90 días,Riesgo Alto,Cliente Corporativo
FAC-2026-12864,Cemex,Industrial,04 - Abril,2026-04-16,60,2026-06-15,2331.23,10,1-30 días,Atraso Preventivo,Cliente Corporativo
FAC-2026-12865,Cemex,Industrial,04 - Abril,2026-04-25,45,2026-06-09,4875.89,0,Al Día,Al Día / OK,Cliente Corporativo
FAC-2026-12866,Cemex,Industrial,04 - Abril,2026-04-30,30,2026-05-30,35203.69,0,Al Día,Al Día / OK,Cliente Corporativo
FAC-2026-12867,Cemex,Industrial,04 - Abril,2026-04-12,45,2026-05-27,2158.98,13,1-30 días,Atraso Preventivo,Cliente Corporativo
FAC-2026-12868,Cemex,Industrial,04 - Abril,2026-04-01,45,2026-05-16,8276.3,0,Al Día,Al Día / OK,Cliente Corporativo
FAC-2026-12869,Cemex,Industrial,04 - Abril,2026-04-02,15,2026-04-17,1573.05,0,Al Día,Al Día / OK,Cliente Corporativo
FAC-2026-12870,Cemex,Industrial,04 - Abril,2026-04-18,45,2026-06-02,38184.25,0,Al Día,Al Día / OK,Cliente Corporativo
FAC-2026-12871,Grupo Bimbo,Industrial,04 - Abril,2026-04-29,60,2026-06-28,3393.01,0,Al Día,Al Día / OK,Cliente Corporativo
FAC-2026-12872,Grupo Bimbo,Industrial,04 - Abril,2026-04-06,30,2026-05-06,22585.65,22,1-30 días,Atraso Preventivo,Cliente Corporativo
FAC-2026-12873,Grupo Bimbo,Industrial,04 - Abril,2026-04-08,60,2026-06-07,27657.31,44,31-60 días,Riesgo Moderado,Cliente Corporativo
FAC-2026-12874,Grupo Bimbo,Industrial,04 - Abril,2026-04-08,30,2026-05-08,13047.4,77,61-90 días,Riesgo Alto,Cliente Corporativo
FAC-2026-12875,Grupo Bimbo,Industrial,04 - Abril,2026-04-12,15,2026-04-27,15035.29,103,+90 días (Crítico),En Mora / Crítico,Cliente Corporativo
FAC-2026-12876,Grupo Bimbo,Industrial,04 - Abril,2026-04-25,45,2026-06-09,32889.22,55,31-60 días,Riesgo Moderado,Cliente Corporativo
FAC-2026-12877,Grupo Bimbo,Industrial,04 - Abril,2026-04-06,45,2026-05-21,17356.24,27,1-30 días,Atraso Preventivo,Cliente Corporativo
FAC-2026-12878,Grupo Bimbo,Industrial,04 - Abril,2026-04-25,45,2026-06-09,3263.04,0,Al Día,Al Día / OK,Cliente Corporativo
FAC-2026-12879,Grupo Bimbo,Industrial,04 - Abril,2026-04-13,60,2026-06-12,21025.58,10,1-30 días,Atraso Preventivo,Cliente Corporativo
FAC-2026-12880,Grupo Bimbo,Industrial,04 - Abril,2026-04-18,30,2026-05-18,41518.83,12,1-30 días,Atraso Preventivo,Cliente Corporativo
FAC-2026-12881,Grupo Bimbo,Industrial,04 - Abril,2026-04-08,15,2026-04-23,12370.24,0,Al Día,Al Día / OK,Cliente Corporativo
FAC-2026-12882,Grupo Bimbo,Industrial,04 - Abril,2026-04-28,15,2026-05-13,31105.05,52,31-60 días,Riesgo Moderado,Cliente Corporativo
FAC-2026-12883,Grupo Bimbo,Industrial,04 - Abril,2026-04-13,45,2026-05-28,32612.37,0,Al Día,Al Día / OK,Cliente Corporativo
FAC-2026-12884,Grupo Bimbo,Industrial,04 - Abril,2026-04-13,60,2026-06-12,6977.2,5,1-30 días,Atraso Preventivo,Cliente Corporativo
FAC-2026-12885,Grupo Bimbo,Industrial,04 - Abril,2026-04-29,45,2026-06-13,16175.89,0,Al Día,Al Día / OK,Cliente Corporativo
FAC-2026-12886,Grupo Bimbo,Industrial,04 - Abril,2026-04-05,15,2026-04-20,19836.73,0,Al Día,Al Día / OK,Cliente Corporativo
FAC-2026-12887,Grupo Bimbo,Industrial,04 - Abril,2026-04-05,60,2026-06-04,28864.39,27,1-30 días,Atraso Preventivo,Cliente Corporativo
FAC-2026-12888,Grupo Bimbo,Industrial,04 - Abril,2026-04-15,45,2026-05-30,1410.84,15,1-30 días,Atraso Preventivo,Cliente Corporativo
FAC-2026-12889,Grupo Bimbo,Industrial,04 - Abril,2026-04-25,15,2026-05-10,14851.82,25,1-30 días,Atraso Preventivo,Cliente Corporativo
FAC-2026-12890,Grupo Bimbo,Industrial,04 - Abril,2026-04-16,30,2026-05-16,15552.73,0,Al Día,Al Día / OK,Cliente Corporativo
FAC-2026-12891,Ternium,Industrial,04 - Abril,2026-04-04,15,2026-04-19,16472.03,0,Al Día,Al Día / OK,Cliente Corporativo
FAC-2026-12892,Ternium,Industrial,04 - Abril,2026-04-22,30,2026-05-22,4447.21,24,1-30 días,Atraso Preventivo,Cliente Corporativo
FAC-2026-12893,Ternium,Industrial,04 - Abril,2026-04-12,60,2026-06-11,21892.25,58,31-60 días,Riesgo Moderado,Cliente Corporativo
FAC-2026-12894,Ternium,Industrial,04 - Abril,2026-04-07,60,2026-06-06,6369.83,88,61-90 días,Riesgo Alto,Cliente Corporativo
FAC-2026-12895,Ternium,Industrial,04 - Abril,2026-04-09,15,2026-04-24,11229.62,170,+90 días (Crítico),En Mora / Crítico,Cliente Corporativo
FAC-2026-12896,Ternium,Industrial,04 - Abril,2026-04-12,60,2026-06-11,52641.84,23,1-30 días,Atraso Preventivo,Cliente Corporativo
FAC-2026-12897,Ternium,Industrial,04 - Abril,2026-04-18,15,2026-05-03,19706.08,5,1-30 días,Atraso Preventivo,Cliente Corporativo
FAC-2026-12898,Ternium,Industrial,04 - Abril,2026-04-29,60,2026-06-28,7519.26,0,Al Día,Al Día / OK,Cliente Corporativo
FAC-2026-12899,Ternium,Industrial,04 - Abril,2026-04-12,15,2026-04-27,69667.38,0,Al Día,Al Día / OK,Cliente Corporativo
FAC-2026-12900,Ternium,Industrial,04 - Abril,2026-04-13,60,2026-06-12,1957.83,65,61-90 días,Riesgo Alto,Cliente Corporativo
FAC-2026-12901,Ternium,Industrial,04 - Abril,2026-04-12,15,2026-04-27,19098.22,19,1-30 días,Atraso Preventivo,Cliente Corporativo
FAC-2026-12902,Ternium,Industrial,04 - Abril,2026-04-17,60,2026-06-16,16739.3,0,Al Día,Al Día / OK,Cliente Corporativo
FAC-2026-12903,Ternium,Industrial,04 - Abril,2026-04-27,15,2026-05-12,48435.92,10,1-30 días,Atraso Preventivo,Cliente Corporativo
FAC-2026-12904,Ternium,Industrial,04 - Abril,2026-04-17,15,2026-05-02,6461.44,5,1-30 días,Atraso Preventivo,Cliente Corporativo
FAC-2026-12905,Ternium,Industrial,04 - Abril,2026-04-27,30,2026-05-27,31372.75,0,Al Día,Al Día / OK,Cliente Corporativo
FAC-2026-12906,Ternium,Industrial,04 - Abril,2026-04-14,45,2026-05-29,29707.67,23,1-30 días,Atraso Preventivo,Cliente Corporativo
FAC-2026-12907,Ternium,Industrial,04 - Abril,2026-04-28,45,2026-06-12,3121.81,0,Al Día,Al Día / OK,Cliente Corporativo
FAC-2026-12908,Ternium,Industrial,04 - Abril,2026-04-27,15,2026-05-12,30901.46,0,Al Día,Al Día / OK,Cliente Corporativo
FAC-2026-12909,Ternium,Industrial,04 - Abril,2026-04-30,45,2026-06-14,1962.93,0,Al Día,Al Día / OK,Cliente Corporativo
FAC-2026-12910,Arcor,Industrial,04 - Abril,2026-04-20,30,2026-05-20,5980.37,0,Al Día,Al Día / OK,Cliente Corporativo
FAC-2026-12911,Arcor,Industrial,04 - Abril,2026-04-19,15,2026-05-04,13262.54,24,1-30 días,Atraso Preventivo,Cliente Corporativo
FAC-2026-12912,Arcor,Industrial,04 - Abril,2026-04-18,60,2026-06-17,31445.23,52,31-60 días,Riesgo Moderado,Cliente Corporativo
FAC-2026-12913,Arcor,Industrial,04 - Abril,2026-04-13,60,2026-06-12,68320.37,70,61-90 días,Riesgo Alto,Cliente Corporativo
FAC-2026-12914,Arcor,Industrial,04 - Abril,2026-04-30,60,2026-06-29,61222.35,111,+90 días (Crítico),En Mora / Crítico,Cliente Corporativo
FAC-2026-12915,Arcor,Industrial,04 - Abril,2026-04-16,60,2026-06-15,10311.88,26,1-30 días,Atraso Preventivo,Cliente Corporativo
FAC-2026-12916,Arcor,Industrial,04 - Abril,2026-04-30,60,2026-06-29,48450.27,62,61-90 días,Riesgo Alto,Cliente Corporativo
FAC-2026-12917,Arcor,Industrial,04 - Abril,2026-04-16,45,2026-05-31,34160.02,0,Al Día,Al Día / OK,Cliente Corporativo
FAC-2026-12918,Arcor,Industrial,04 - Abril,2026-04-08,45,2026-05-23,9170.98,0,Al Día,Al Día / OK,Cliente Corporativo
FAC-2026-12919,Arcor,Industrial,04 - Abril,2026-04-06,45,2026-05-21,5243.0,0,Al Día,Al Día / OK,Cliente Corporativo
FAC-2026-12920,Arcor,Industrial,04 - Abril,2026-04-07,45,2026-05-22,25240.57,58,31-60 días,Riesgo Moderado,Cliente Corporativo
FAC-2026-12921,Arcor,Industrial,04 - Abril,2026-04-08,45,2026-05-23,13858.58,52,31-60 días,Riesgo Moderado,Cliente Corporativo
FAC-2026-12922,Arcor,Industrial,04 - Abril,2026-04-15,45,2026-05-30,40381.36,0,Al Día,Al Día / OK,Cliente Corporativo
FAC-2026-12923,Arcor,Industrial,04 - Abril,2026-04-27,15,2026-05-12,14304.9,0,Al Día,Al Día / OK,Cliente Corporativo
FAC-2026-12924,Alpek,Industrial,04 - Abril,2026-04-24,45,2026-06-08,21778.97,0,Al Día,Al Día / OK,Cliente Corporativo
FAC-2026-12925,Alpek,Industrial,04 - Abril,2026-04-12,45,2026-05-27,22017.39,19,1-30 días,Atraso Preventivo,Cliente Corporativo
FAC-2026-12926,Alpek,Industrial,04 - Abril,2026-04-25,15,2026-05-10,23418.19,53,31-60 días,Riesgo Moderado,Cliente Corporativo
FAC-2026-12927,Alpek,Industrial,04 - Abril,2026-04-13,30,2026-05-13,24000.05,63,61-90 días,Riesgo Alto,Cliente Corporativo
FAC-2026-12928,Alpek,Industrial,04 - Abril,2026-04-26,15,2026-05-11,17194.41,95,+90 días (Crítico),En Mora / Crítico,Cliente Corporativo
FAC-2026-12929,Alpek,Industrial,04 - Abril,2026-04-05,60,2026-06-04,18248.86,0,Al Día,Al Día / OK,Cliente Corporativo
FAC-2026-12930,Alpek,Industrial,04 - Abril,2026-04-28,30,2026-05-28,17756.83,0,Al Día,Al Día / OK,Cliente Corporativo
FAC-2026-12931,Alpek,Industrial,04 - Abril,2026-04-08,45,2026-05-23,11996.75,0,Al Día,Al Día / OK,Cliente Corporativo
FAC-2026-12932,Alpek,Industrial,04 - Abril,2026-04-25,45,2026-06-09,9752.36,52,31-60 días,Riesgo Moderado,Cliente Corporativo
FAC-2026-12933,Alpek,Industrial,04 - Abril,2026-04-24,30,2026-05-24,3598.14,7,1-30 días,Atraso Preventivo,Cliente Corporativo
FAC-2026-12934,Alpek,Industrial,04 - Abril,2026-04-23,30,2026-05-23,49203.3,0,Al Día,Al Día / OK,Cliente Corporativo
FAC-2026-12935,Alpek,Industrial,04 - Abril,2026-04-13,15,2026-04-28,13429.12,0,Al Día,Al Día / OK,Cliente Corporativo
FAC-2026-12936,Alpek,Industrial,04 - Abril,2026-04-28,45,2026-06-12,15178.66,16,1-30 días,Atraso Preventivo,Cliente Corporativo
FAC-2026-12937,Alpek,Industrial,04 - Abril,2026-04-03,60,2026-06-02,12820.9,0,Al Día,Al Día / OK,Cliente Corporativo
FAC-2026-12938,Alpek,Industrial,04 - Abril,2026-04-30,60,2026-06-29,15597.69,98,+90 días (Crítico),En Mora / Crítico,Cliente Corporativo
FAC-2026-12939,Alpek,Industrial,04 - Abril,2026-04-15,30,2026-05-15,11258.67,0,Al Día,Al Día / OK,Cliente Corporativo
FAC-2026-12940,Alpek,Industrial,04 - Abril,2026-04-07,15,2026-04-22,59950.88,128,+90 días (Crítico),En Mora / Crítico,Cliente Corporativo
FAC-2026-12941,Alpek,Industrial,04 - Abril,2026-04-10,60,2026-06-09,51576.12,28,1-30 días,Atraso Preventivo,Cliente Corporativo
FAC-2026-12942,Grupo México,Industrial,04 - Abril,2026-04-17,15,2026-05-02,13755.63,0,Al Día,Al Día / OK,Cliente Corporativo
FAC-2026-12943,Grupo México,Industrial,04 - Abril,2026-04-28,45,2026-06-12,6503.78,18,1-30 días,Atraso Preventivo,Cliente Corporativo
FAC-2026-12944,Grupo México,Industrial,04 - Abril,2026-04-14,60,2026-06-13,26927.35,31,31-60 días,Riesgo Moderado,Cliente Corporativo
FAC-2026-12945,Grupo México,Industrial,04 - Abril,2026-04-23,30,2026-05-23,12002.07,76,61-90 días,Riesgo Alto,Cliente Corporativo
FAC-2026-12946,Grupo México,Industrial,04 - Abril,2026-04-18,60,2026-06-17,13714.66,150,+90 días (Crítico),En Mora / Crítico,Cliente Corporativo
FAC-2026-12947,Grupo México,Industrial,04 - Abril,2026-04-05,30,2026-05-05,25031.27,0,Al Día,Al Día / OK,Cliente Corporativo
FAC-2026-12948,Grupo México,Industrial,04 - Abril,2026-04-03,60,2026-06-02,10611.08,0,Al Día,Al Día / OK,Cliente Corporativo
FAC-2026-12949,Grupo México,Industrial,04 - Abril,2026-04-29,30,2026-05-29,15313.81,0,Al Día,Al Día / OK,Cliente Corporativo
FAC-2026-12950,Grupo México,Industrial,04 - Abril,2026-04-12,30,2026-05-12,13535.92,0,Al Día,Al Día / OK,Cliente Corporativo
FAC-2026-12951,Grupo México,Industrial,04 - Abril,2026-04-13,60,2026-06-12,49760.2,0,Al Día,Al Día / OK,Cliente Corporativo
FAC-2026-12952,Grupo México,Industrial,04 - Abril,2026-04-05,15,2026-04-20,15852.3,9,1-30 días,Atraso Preventivo,Cliente Corporativo
FAC-2026-12953,Grupo México,Industrial,04 - Abril,2026-04-06,30,2026-05-06,9475.61,74,61-90 días,Riesgo Alto,Cliente Corporativo
FAC-2026-12954,Grupo México,Industrial,04 - Abril,2026-04-28,45,2026-06-12,14979.21,47,31-60 días,Riesgo Moderado,Cliente Corporativo
FAC-2026-12955,Grupo México,Industrial,04 - Abril,2026-04-08,15,2026-04-23,6763.86,0,Al Día,Al Día / OK,Cliente Corporativo
FAC-2026-12956,Gerdau,Industrial,04 - Abril,2026-04-14,15,2026-04-29,1992.18,0,Al Día,Al Día / OK,Cliente Corporativo
FAC-2026-12957,Gerdau,Industrial,04 - Abril,2026-04-30,45,2026-06-14,6621.41,21,1-30 días,Atraso Preventivo,Cliente Corporativo
FAC-2026-12958,Gerdau,Industrial,04 - Abril,2026-04-03,15,2026-04-18,15777.8,56,31-60 días,Riesgo Moderado,Cliente Corporativo
FAC-2026-12959,Gerdau,Industrial,04 - Abril,2026-04-16,60,2026-06-15,1592.6,73,61-90 días,Riesgo Alto,Cliente Corporativo
FAC-2026-12960,Gerdau,Industrial,04 - Abril,2026-04-01,15,2026-04-16,4429.34,121,+90 días (Crítico),En Mora / Crítico,Cliente Corporativo
FAC-2026-12961,Gerdau,Industrial,04 - Abril,2026-04-17,60,2026-06-16,24666.35,28,1-30 días,Atraso Preventivo,Cliente Corporativo
FAC-2026-12962,Gerdau,Industrial,04 - Abril,2026-04-05,15,2026-04-20,33282.35,85,61-90 días,Riesgo Alto,Cliente Corporativo
FAC-2026-12963,Gerdau,Industrial,04 - Abril,2026-04-04,60,2026-06-03,31073.14,14,1-30 días,Atraso Preventivo,Cliente Corporativo
FAC-2026-12964,Gerdau,Industrial,04 - Abril,2026-04-30,30,2026-05-30,25362.93,0,Al Día,Al Día / OK,Cliente Corporativo
FAC-2026-12965,Gerdau,Industrial,04 - Abril,2026-04-20,60,2026-06-19,10795.39,5,1-30 días,Atraso Preventivo,Cliente Corporativo
FAC-2026-12966,Gerdau,Industrial,04 - Abril,2026-04-15,45,2026-05-30,38660.18,0,Al Día,Al Día / OK,Cliente Corporativo
FAC-2026-12967,Gerdau,Industrial,04 - Abril,2026-04-14,45,2026-05-29,4380.56,0,Al Día,Al Día / OK,Cliente Corporativo
FAC-2026-12968,Gerdau,Industrial,04 - Abril,2026-04-03,30,2026-05-03,16944.85,63,61-90 días,Riesgo Alto,Cliente Corporativo
FAC-2026-12969,Gerdau,Industrial,04 - Abril,2026-04-05,30,2026-05-05,1267.95,73,61-90 días,Riesgo Alto,Cliente Corporativo
FAC-2026-12970,Arca Continental,Industrial,04 - Abril,2026-04-19,60,2026-06-18,16021.9,0,Al Día,Al Día / OK,Cliente Corporativo
FAC-2026-12971,Arca Continental,Industrial,04 - Abril,2026-04-06,60,2026-06-05,40169.08,7,1-30 días,Atraso Preventivo,Cliente Corporativo
FAC-2026-12972,Arca Continental,Industrial,04 - Abril,2026-04-08,30,2026-05-08,17605.35,43,31-60 días,Riesgo Moderado,Cliente Corporativo
FAC-2026-12973,Arca Continental,Industrial,04 - Abril,2026-04-10,45,2026-05-25,13652.63,64,61-90 días,Riesgo Alto,Cliente Corporativo
FAC-2026-12974,Arca Continental,Industrial,04 - Abril,2026-04-24,60,2026-06-23,11106.39,144,+90 días (Crítico),En Mora / Crítico,Cliente Corporativo
FAC-2026-12975,Arca Continental,Industrial,04 - Abril,2026-04-12,45,2026-05-27,6525.0,42,31-60 días,Riesgo Moderado,Cliente Corporativo
FAC-2026-12976,Arca Continental,Industrial,04 - Abril,2026-04-25,30,2026-05-25,26698.78,0,Al Día,Al Día / OK,Cliente Corporativo
FAC-2026-12977,Arca Continental,Industrial,04 - Abril,2026-04-23,60,2026-06-22,29947.82,0,Al Día,Al Día / OK,Cliente Corporativo
FAC-2026-12978,Arca Continental,Industrial,04 - Abril,2026-04-08,30,2026-05-08,10834.62,25,1-30 días,Atraso Preventivo,Cliente Corporativo
FAC-2026-12979,Arca Continental,Industrial,04 - Abril,2026-04-18,15,2026-05-03,23109.23,45,31-60 días,Riesgo Moderado,Cliente Corporativo
FAC-2026-12980,Arca Continental,Industrial,04 - Abril,2026-04-21,30,2026-05-21,4967.87,58,31-60 días,Riesgo Moderado,Cliente Corporativo
FAC-2026-12981,Arca Continental,Industrial,04 - Abril,2026-04-05,15,2026-04-20,33373.61,0,Al Día,Al Día / OK,Cliente Corporativo
FAC-2026-12982,Arca Continental,Industrial,04 - Abril,2026-04-28,60,2026-06-27,7727.32,19,1-30 días,Atraso Preventivo,Cliente Corporativo
FAC-2026-12983,Arca Continental,Industrial,04 - Abril,2026-04-15,30,2026-05-15,6191.95,0,Al Día,Al Día / OK,Cliente Corporativo
FAC-2026-12984,Arca Continental,Industrial,04 - Abril,2026-04-19,45,2026-06-03,6493.93,10,1-30 días,Atraso Preventivo,Cliente Corporativo
FAC-2026-12985,Mapfre,Seguros,04 - Abril,2026-04-29,45,2026-06-13,10625.17,0,Al Día,Al Día / OK,Cliente Corporativo
FAC-2026-12986,Mapfre,Seguros,04 - Abril,2026-04-10,45,2026-05-25,28132.5,28,1-30 días,Atraso Preventivo,Cliente Corporativo
FAC-2026-12987,Mapfre,Seguros,04 - Abril,2026-04-19,45,2026-06-03,6759.05,46,31-60 días,Riesgo Moderado,Cliente Corporativo
FAC-2026-12988,Mapfre,Seguros,04 - Abril,2026-04-26,30,2026-05-26,7431.58,78,61-90 días,Riesgo Alto,Cliente Corporativo
FAC-2026-12989,Mapfre,Seguros,04 - Abril,2026-04-05,45,2026-05-20,9177.0,106,+90 días (Crítico),En Mora / Crítico,Cliente Corporativo
FAC-2026-12990,Mapfre,Seguros,04 - Abril,2026-04-24,15,2026-05-09,15224.07,138,+90 días (Crítico),En Mora / Crítico,Cliente Corporativo
FAC-2026-12991,Mapfre,Seguros,04 - Abril,2026-04-15,60,2026-06-14,10942.19,0,Al Día,Al Día / OK,Cliente Corporativo
FAC-2026-12992,Mapfre,Seguros,04 - Abril,2026-04-06,15,2026-04-21,50345.04,29,1-30 días,Atraso Preventivo,Cliente Corporativo
FAC-2026-12993,Mapfre,Seguros,04 - Abril,2026-04-09,60,2026-06-08,32095.69,8,1-30 días,Atraso Preventivo,Cliente Corporativo
FAC-2026-12994,Mapfre,Seguros,04 - Abril,2026-04-10,45,2026-05-25,14114.78,0,Al Día,Al Día / OK,Cliente Corporativo
FAC-2026-12995,Mapfre,Seguros,04 - Abril,2026-04-14,45,2026-05-29,16186.42,0,Al Día,Al Día / OK,Cliente Corporativo
FAC-2026-12996,Mapfre,Seguros,04 - Abril,2026-04-15,30,2026-05-15,1523.91,59,31-60 días,Riesgo Moderado,Cliente Corporativo
FAC-2026-12997,Mapfre,Seguros,04 - Abril,2026-04-03,60,2026-06-02,1681.28,0,Al Día,Al Día / OK,Cliente Corporativo
FAC-2026-12998,Mapfre,Seguros,04 - Abril,2026-04-01,45,2026-05-16,8697.15,0,Al Día,Al Día / OK,Cliente Corporativo
FAC-2026-12999,Mapfre,Seguros,04 - Abril,2026-04-24,15,2026-05-09,27313.44,0,Al Día,Al Día / OK,Cliente Corporativo
FAC-2026-13000,Mapfre,Seguros,04 - Abril,2026-04-02,60,2026-06-01,8991.68,37,31-60 días,Riesgo Moderado,Cliente Corporativo
FAC-2026-13001,Mapfre,Seguros,04 - Abril,2026-04-05,30,2026-05-05,9455.23,5,1-30 días,Atraso Preventivo,Cliente Corporativo
FAC-2026-13002,Seguros SURA,Seguros,04 - Abril,2026-04-20,60,2026-06-19,3184.56,0,Al Día,Al Día / OK,Cliente Corporativo
FAC-2026-13003,Seguros SURA,Seguros,04 - Abril,2026-04-24,45,2026-06-08,48661.39,21,1-30 días,Atraso Preventivo,Cliente Corporativo
FAC-2026-13004,Seguros SURA,Seguros,04 - Abril,2026-04-13,45,2026-05-28,5264.69,50,31-60 días,Riesgo Moderado,Cliente Corporativo
FAC-2026-13005,Seguros SURA,Seguros,04 - Abril,2026-04-22,60,2026-06-21,73929.99,62,61-90 días,Riesgo Alto,Cliente Corporativo
FAC-2026-13006,Seguros SURA,Seguros,04 - Abril,2026-04-03,45,2026-05-18,62115.0,171,+90 días (Crítico),En Mora / Crítico,Cliente Corporativo
FAC-2026-13007,Seguros SURA,Seguros,04 - Abril,2026-04-07,30,2026-05-07,31062.33,0,Al Día,Al Día / OK,Cliente Corporativo
FAC-2026-13008,Seguros SURA,Seguros,04 - Abril,2026-04-15,45,2026-05-30,14794.83,15,1-30 días,Atraso Preventivo,Cliente Corporativo
FAC-2026-13009,Seguros SURA,Seguros,04 - Abril,2026-04-25,15,2026-05-10,19227.25,0,Al Día,Al Día / OK,Cliente Corporativo
FAC-2026-13010,Seguros SURA,Seguros,04 - Abril,2026-04-21,30,2026-05-21,12323.7,0,Al Día,Al Día / OK,Cliente Corporativo
FAC-2026-13011,Seguros SURA,Seguros,04 - Abril,2026-04-04,60,2026-06-03,34576.28,0,Al Día,Al Día / OK,Cliente Corporativo
FAC-2026-13012,Seguros SURA,Seguros,04 - Abril,2026-04-24,45,2026-06-08,117320.01,0,Al Día,Al Día / OK,Cliente Corporativo
FAC-2026-13013,Seguros SURA,Seguros,04 - Abril,2026-04-04,60,2026-06-03,10282.28,51,31-60 días,Riesgo Moderado,Cliente Corporativo
FAC-2026-13014,Seguros SURA,Seguros,04 - Abril,2026-04-19,60,2026-06-18,38835.74,12,1-30 días,Atraso Preventivo,Cliente Corporativo
FAC-2026-13015,Seguros SURA,Seguros,04 - Abril,2026-04-01,30,2026-05-01,29131.14,0,Al Día,Al Día / OK,Cliente Corporativo
FAC-2026-13016,Seguros SURA,Seguros,04 - Abril,2026-04-28,45,2026-06-12,35877.38,0,Al Día,Al Día / OK,Cliente Corporativo
FAC-2026-13017,GNP Seguros,Seguros,04 - Abril,2026-04-17,30,2026-05-17,13246.26,0,Al Día,Al Día / OK,Cliente Corporativo
FAC-2026-13018,GNP Seguros,Seguros,04 - Abril,2026-04-19,15,2026-05-04,21267.26,10,1-30 días,Atraso Preventivo,Cliente Corporativo
FAC-2026-13019,GNP Seguros,Seguros,04 - Abril,2026-04-24,60,2026-06-23,12756.46,58,31-60 días,Riesgo Moderado,Cliente Corporativo
FAC-2026-13020,GNP Seguros,Seguros,04 - Abril,2026-04-15,30,2026-05-15,6003.06,74,61-90 días,Riesgo Alto,Cliente Corporativo
FAC-2026-13021,GNP Seguros,Seguros,04 - Abril,2026-04-10,60,2026-06-09,17525.05,138,+90 días (Crítico),En Mora / Crítico,Cliente Corporativo
FAC-2026-13022,GNP Seguros,Seguros,04 - Abril,2026-04-15,60,2026-06-14,13427.43,38,31-60 días,Riesgo Moderado,Cliente Corporativo
FAC-2026-13023,GNP Seguros,Seguros,04 - Abril,2026-04-12,45,2026-05-27,2251.06,22,1-30 días,Atraso Preventivo,Cliente Corporativo
FAC-2026-13024,GNP Seguros,Seguros,04 - Abril,2026-04-17,45,2026-06-01,16732.7,0,Al Día,Al Día / OK,Cliente Corporativo
FAC-2026-13025,GNP Seguros,Seguros,04 - Abril,2026-04-01,45,2026-05-16,38861.56,0,Al Día,Al Día / OK,Cliente Corporativo
FAC-2026-13026,GNP Seguros,Seguros,04 - Abril,2026-04-08,60,2026-06-07,12362.84,0,Al Día,Al Día / OK,Cliente Corporativo
FAC-2026-13027,GNP Seguros,Seguros,04 - Abril,2026-04-07,15,2026-04-22,24093.76,65,61-90 días,Riesgo Alto,Cliente Corporativo
FAC-2026-13028,GNP Seguros,Seguros,04 - Abril,2026-04-25,45,2026-06-09,1346.54,11,1-30 días,Atraso Preventivo,Cliente Corporativo
FAC-2026-13029,GNP Seguros,Seguros,04 - Abril,2026-04-27,30,2026-05-27,13261.53,0,Al Día,Al Día / OK,Cliente Corporativo
FAC-2026-13030,GNP Seguros,Seguros,04 - Abril,2026-04-16,45,2026-05-31,15973.28,7,1-30 días,Atraso Preventivo,Cliente Corporativo
FAC-2026-13031,MetLife,Seguros,04 - Abril,2026-04-17,45,2026-06-01,4426.13,0,Al Día,Al Día / OK,Cliente Corporativo
FAC-2026-13032,MetLife,Seguros,04 - Abril,2026-04-22,30,2026-05-22,13744.64,21,1-30 días,Atraso Preventivo,Cliente Corporativo
FAC-2026-13033,MetLife,Seguros,04 - Abril,2026-04-21,45,2026-06-05,2953.91,36,31-60 días,Riesgo Moderado,Cliente Corporativo
FAC-2026-13034,MetLife,Seguros,04 - Abril,2026-04-22,15,2026-05-07,23934.73,80,61-90 días,Riesgo Alto,Cliente Corporativo
FAC-2026-13035,MetLife,Seguros,04 - Abril,2026-04-10,45,2026-05-25,37802.0,119,+90 días (Crítico),En Mora / Crítico,Cliente Corporativo
FAC-2026-13036,MetLife,Seguros,04 - Abril,2026-04-03,30,2026-05-03,14699.66,0,Al Día,Al Día / OK,Cliente Corporativo
FAC-2026-13037,MetLife,Seguros,04 - Abril,2026-04-13,45,2026-05-28,18432.36,67,61-90 días,Riesgo Alto,Cliente Corporativo
FAC-2026-13038,MetLife,Seguros,04 - Abril,2026-04-17,15,2026-05-02,119459.56,81,61-90 días,Riesgo Alto,Cliente Corporativo
FAC-2026-13039,MetLife,Seguros,04 - Abril,2026-04-21,60,2026-06-20,32954.65,24,1-30 días,Atraso Preventivo,Cliente Corporativo
FAC-2026-13040,MetLife,Seguros,04 - Abril,2026-04-18,60,2026-06-17,22940.11,0,Al Día,Al Día / OK,Cliente Corporativo
FAC-2026-13041,MetLife,Seguros,04 - Abril,2026-04-11,30,2026-05-11,7526.49,0,Al Día,Al Día / OK,Cliente Corporativo
FAC-2026-13042,MetLife,Seguros,04 - Abril,2026-04-05,60,2026-06-04,1216.31,0,Al Día,Al Día / OK,Cliente Corporativo
FAC-2026-13043,MetLife,Seguros,04 - Abril,2026-04-16,60,2026-06-15,3186.36,0,Al Día,Al Día / OK,Cliente Corporativo
FAC-2026-13044,MetLife,Seguros,04 - Abril,2026-04-14,60,2026-06-13,12829.53,0,Al Día,Al Día / OK,Cliente Corporativo
FAC-2026-13045,MetLife,Seguros,04 - Abril,2026-04-15,60,2026-06-14,3804.55,116,+90 días (Crítico),En Mora / Crítico,Cliente Corporativo
FAC-2026-13046,MetLife,Seguros,04 - Abril,2026-04-14,60,2026-06-13,18914.78,12,1-30 días,Atraso Preventivo,Cliente Corporativo
FAC-2026-13047,MetLife,Seguros,04 - Abril,2026-04-22,60,2026-06-21,36517.48,0,Al Día,Al Día / OK,Cliente Corporativo
FAC-2026-13048,Chubb Seguros,Seguros,04 - Abril,2026-04-28,30,2026-05-28,9153.61,0,Al Día,Al Día / OK,Cliente Corporativo
FAC-2026-13049,Chubb Seguros,Seguros,04 - Abril,2026-04-21,45,2026-06-05,75466.49,21,1-30 días,Atraso Preventivo,Cliente Corporativo
FAC-2026-13050,Chubb Seguros,Seguros,04 - Abril,2026-04-18,30,2026-05-18,1818.07,56,31-60 días,Riesgo Moderado,Cliente Corporativo
FAC-2026-13051,Chubb Seguros,Seguros,04 - Abril,2026-04-01,60,2026-05-31,11289.37,64,61-90 días,Riesgo Alto,Cliente Corporativo
FAC-2026-13052,Chubb Seguros,Seguros,04 - Abril,2026-04-17,15,2026-05-02,43113.39,120,+90 días (Crítico),En Mora / Crítico,Cliente Corporativo
FAC-2026-13053,Chubb Seguros,Seguros,04 - Abril,2026-04-05,15,2026-04-20,12459.98,46,31-60 días,Riesgo Moderado,Cliente Corporativo
FAC-2026-13054,Chubb Seguros,Seguros,04 - Abril,2026-04-08,60,2026-06-07,8030.98,53,31-60 días,Riesgo Moderado,Cliente Corporativo
FAC-2026-13055,Chubb Seguros,Seguros,04 - Abril,2026-04-11,60,2026-06-10,39402.55,11,1-30 días,Atraso Preventivo,Cliente Corporativo
FAC-2026-13056,Chubb Seguros,Seguros,04 - Abril,2026-04-09,30,2026-05-09,3342.99,0,Al Día,Al Día / OK,Cliente Corporativo
FAC-2026-13057,Chubb Seguros,Seguros,04 - Abril,2026-04-24,60,2026-06-23,26369.27,17,1-30 días,Atraso Preventivo,Cliente Corporativo
FAC-2026-13058,Chubb Seguros,Seguros,04 - Abril,2026-04-22,45,2026-06-06,1248.69,0,Al Día,Al Día / OK,Cliente Corporativo
FAC-2026-13059,Chubb Seguros,Seguros,04 - Abril,2026-04-20,60,2026-06-19,19473.3,0,Al Día,Al Día / OK,Cliente Corporativo
FAC-2026-13060,Chubb Seguros,Seguros,04 - Abril,2026-04-20,60,2026-06-19,4754.12,17,1-30 días,Atraso Preventivo,Cliente Corporativo
FAC-2026-13061,Chubb Seguros,Seguros,04 - Abril,2026-04-27,30,2026-05-27,13508.87,0,Al Día,Al Día / OK,Cliente Corporativo
FAC-2026-13062,Chubb Seguros,Seguros,04 - Abril,2026-04-02,45,2026-05-17,18409.85,81,61-90 días,Riesgo Alto,Cliente Corporativo
FAC-2026-13063,Chubb Seguros,Seguros,04 - Abril,2026-04-27,30,2026-05-27,48816.65,74,61-90 días,Riesgo Alto,Cliente Corporativo
FAC-2026-13064,AXA,Seguros,04 - Abril,2026-04-05,30,2026-05-05,11468.26,0,Al Día,Al Día / OK,Cliente Corporativo
FAC-2026-13065,AXA,Seguros,04 - Abril,2026-04-07,30,2026-05-07,2143.31,22,1-30 días,Atraso Preventivo,Cliente Corporativo
FAC-2026-13066,AXA,Seguros,04 - Abril,2026-04-03,15,2026-04-18,14082.85,42,31-60 días,Riesgo Moderado,Cliente Corporativo
FAC-2026-13067,AXA,Seguros,04 - Abril,2026-04-13,60,2026-06-12,20668.67,78,61-90 días,Riesgo Alto,Cliente Corporativo
FAC-2026-13068,AXA,Seguros,04 - Abril,2026-04-17,15,2026-05-02,5953.61,165,+90 días (Crítico),En Mora / Crítico,Cliente Corporativo
FAC-2026-13069,AXA,Seguros,04 - Abril,2026-04-16,30,2026-05-16,10260.04,0,Al Día,Al Día / OK,Cliente Corporativo
FAC-2026-13070,AXA,Seguros,04 - Abril,2026-04-10,15,2026-04-25,33333.76,11,1-30 días,Atraso Preventivo,Cliente Corporativo
FAC-2026-13071,AXA,Seguros,04 - Abril,2026-04-22,15,2026-05-07,12442.39,0,Al Día,Al Día / OK,Cliente Corporativo
FAC-2026-13072,AXA,Seguros,04 - Abril,2026-04-12,60,2026-06-11,9162.52,0,Al Día,Al Día / OK,Cliente Corporativo
FAC-2026-13073,AXA,Seguros,04 - Abril,2026-04-02,45,2026-05-17,9321.49,142,+90 días (Crítico),En Mora / Crítico,Cliente Corporativo
FAC-2026-13074,AXA,Seguros,04 - Abril,2026-04-03,45,2026-05-18,11664.24,0,Al Día,Al Día / OK,Cliente Corporativo
FAC-2026-13075,AXA,Seguros,04 - Abril,2026-04-09,30,2026-05-09,2531.9,11,1-30 días,Atraso Preventivo,Cliente Corporativo
FAC-2026-13076,AXA,Seguros,04 - Abril,2026-04-29,45,2026-06-13,7372.29,0,Al Día,Al Día / OK,Cliente Corporativo
FAC-2026-13077,AXA,Seguros,04 - Abril,2026-04-28,60,2026-06-27,2011.69,0,Al Día,Al Día / OK,Cliente Corporativo
FAC-2026-13078,AXA,Seguros,04 - Abril,2026-04-05,45,2026-05-20,11990.79,0,Al Día,Al Día / OK,Cliente Corporativo
FAC-2026-13079,AXA,Seguros,04 - Abril,2026-04-12,60,2026-06-11,23109.6,0,Al Día,Al Día / OK,Cliente Corporativo
FAC-2026-13080,AXA,Seguros,04 - Abril,2026-04-27,30,2026-05-27,49732.8,0,Al Día,Al Día / OK,Cliente Corporativo
FAC-2026-13081,Seguros Bolívar,Seguros,04 - Abril,2026-04-05,15,2026-04-20,17959.34,0,Al Día,Al Día / OK,Cliente Corporativo
FAC-2026-13082,Seguros Bolívar,Seguros,04 - Abril,2026-04-20,30,2026-05-20,20609.17,14,1-30 días,Atraso Preventivo,Cliente Corporativo
FAC-2026-13083,Seguros Bolívar,Seguros,04 - Abril,2026-04-21,30,2026-05-21,30691.55,45,31-60 días,Riesgo Moderado,Cliente Corporativo
FAC-2026-13084,Seguros Bolívar,Seguros,04 - Abril,2026-04-17,45,2026-06-01,13718.07,72,61-90 días,Riesgo Alto,Cliente Corporativo
FAC-2026-13085,Seguros Bolívar,Seguros,04 - Abril,2026-04-30,45,2026-06-14,10754.55,123,+90 días (Crítico),En Mora / Crítico,Cliente Corporativo
FAC-2026-13086,Seguros Bolívar,Seguros,04 - Abril,2026-04-08,15,2026-04-23,38174.63,48,31-60 días,Riesgo Moderado,Cliente Corporativo
FAC-2026-13087,Seguros Bolívar,Seguros,04 - Abril,2026-04-23,30,2026-05-23,22129.36,0,Al Día,Al Día / OK,Cliente Corporativo
FAC-2026-13088,Seguros Bolívar,Seguros,04 - Abril,2026-04-22,30,2026-05-22,25643.73,19,1-30 días,Atraso Preventivo,Cliente Corporativo
FAC-2026-13089,Seguros Bolívar,Seguros,04 - Abril,2026-04-10,45,2026-05-25,6970.19,0,Al Día,Al Día / OK,Cliente Corporativo
FAC-2026-13090,Seguros Bolívar,Seguros,04 - Abril,2026-04-06,45,2026-05-21,3788.44,0,Al Día,Al Día / OK,Cliente Corporativo
FAC-2026-13091,Seguros Bolívar,Seguros,04 - Abril,2026-04-18,30,2026-05-18,14067.48,54,31-60 días,Riesgo Moderado,Cliente Corporativo
FAC-2026-13092,Seguros Bolívar,Seguros,04 - Abril,2026-04-04,30,2026-05-04,14048.12,17,1-30 días,Atraso Preventivo,Cliente Corporativo
FAC-2026-13093,Seguros Bolívar,Seguros,04 - Abril,2026-04-08,30,2026-05-08,23349.53,21,1-30 días,Atraso Preventivo,Cliente Corporativo
FAC-2026-13094,Seguros Bolívar,Seguros,04 - Abril,2026-04-23,30,2026-05-23,8764.45,51,31-60 días,Riesgo Moderado,Cliente Corporativo
FAC-2026-13095,Seguros Bolívar,Seguros,04 - Abril,2026-04-24,45,2026-06-08,1548.46,0,Al Día,Al Día / OK,Cliente Corporativo
FAC-2026-13096,Seguros Bolívar,Seguros,04 - Abril,2026-04-07,60,2026-06-06,2008.16,0,Al Día,Al Día / OK,Cliente Corporativo
FAC-2026-13097,DHL Supply Chain,Logística,04 - Abril,2026-04-29,15,2026-05-14,25291.0,0,Al Día,Al Día / OK,Cliente Corporativo
FAC-2026-13098,DHL Supply Chain,Logística,04 - Abril,2026-04-18,60,2026-06-17,5972.09,23,1-30 días,Atraso Preventivo,Cliente Corporativo
FAC-2026-13099,DHL Supply Chain,Logística,04 - Abril,2026-04-07,30,2026-05-07,20748.27,38,31-60 días,Riesgo Moderado,Cliente Corporativo
FAC-2026-13100,DHL Supply Chain,Logística,04 - Abril,2026-04-24,15,2026-05-09,11050.35,88,61-90 días,Riesgo Alto,Cliente Corporativo
FAC-2026-13101,DHL Supply Chain,Logística,04 - Abril,2026-04-27,15,2026-05-12,32986.15,124,+90 días (Crítico),En Mora / Crítico,Cliente Corporativo
FAC-2026-13102,DHL Supply Chain,Logística,04 - Abril,2026-04-30,30,2026-05-30,46988.61,0,Al Día,Al Día / OK,Cliente Corporativo
FAC-2026-13103,DHL Supply Chain,Logística,04 - Abril,2026-04-28,15,2026-05-13,12659.11,0,Al Día,Al Día / OK,Cliente Corporativo
FAC-2026-13104,DHL Supply Chain,Logística,04 - Abril,2026-04-25,15,2026-05-10,16086.02,0,Al Día,Al Día / OK,Cliente Corporativo
FAC-2026-13105,DHL Supply Chain,Logística,04 - Abril,2026-04-19,30,2026-05-19,5987.55,0,Al Día,Al Día / OK,Cliente Corporativo
FAC-2026-13106,DHL Supply Chain,Logística,04 - Abril,2026-04-04,15,2026-04-19,22187.12,65,61-90 días,Riesgo Alto,Cliente Corporativo
FAC-2026-13107,DHL Supply Chain,Logística,04 - Abril,2026-04-02,45,2026-05-17,5192.23,40,31-60 días,Riesgo Moderado,Cliente Corporativo
FAC-2026-13108,DHL Supply Chain,Logística,04 - Abril,2026-04-03,30,2026-05-03,11565.43,0,Al Día,Al Día / OK,Cliente Corporativo
FAC-2026-13109,DHL Supply Chain,Logística,04 - Abril,2026-04-18,45,2026-06-02,13714.39,0,Al Día,Al Día / OK,Cliente Corporativo
FAC-2026-13110,DHL Supply Chain,Logística,04 - Abril,2026-04-10,30,2026-05-10,9700.07,0,Al Día,Al Día / OK,Cliente Corporativo
FAC-2026-13111,DHL Supply Chain,Logística,04 - Abril,2026-04-21,45,2026-06-05,79604.41,21,1-30 días,Atraso Preventivo,Cliente Corporativo
FAC-2026-13112,DHL Supply Chain,Logística,04 - Abril,2026-04-29,15,2026-05-14,14088.04,0,Al Día,Al Día / OK,Cliente Corporativo
FAC-2026-13113,DHL Supply Chain,Logística,04 - Abril,2026-04-12,30,2026-05-12,22817.96,0,Al Día,Al Día / OK,Cliente Corporativo
FAC-2026-13114,DHL Supply Chain,Logística,04 - Abril,2026-04-24,30,2026-05-24,43032.65,0,Al Día,Al Día / OK,Cliente Corporativo
FAC-2026-13115,FedEx Express,Logística,04 - Abril,2026-04-07,30,2026-05-07,44200.31,0,Al Día,Al Día / OK,Cliente Corporativo
FAC-2026-13116,FedEx Express,Logística,04 - Abril,2026-04-06,15,2026-04-21,6210.02,13,1-30 días,Atraso Preventivo,Cliente Corporativo
FAC-2026-13117,FedEx Express,Logística,04 - Abril,2026-04-27,45,2026-06-11,16170.78,39,31-60 días,Riesgo Moderado,Cliente Corporativo
FAC-2026-13118,FedEx Express,Logística,04 - Abril,2026-04-17,30,2026-05-17,2278.94,70,61-90 días,Riesgo Alto,Cliente Corporativo
FAC-2026-13119,FedEx Express,Logística,04 - Abril,2026-04-27,15,2026-05-12,9479.69,150,+90 días (Crítico),En Mora / Crítico,Cliente Corporativo
FAC-2026-13120,FedEx Express,Logística,04 - Abril,2026-04-19,30,2026-05-19,20072.77,17,1-30 días,Atraso Preventivo,Cliente Corporativo
FAC-2026-13121,FedEx Express,Logística,04 - Abril,2026-04-22,15,2026-05-07,3931.11,0,Al Día,Al Día / OK,Cliente Corporativo
FAC-2026-13122,FedEx Express,Logística,04 - Abril,2026-04-12,30,2026-05-12,8379.6,24,1-30 días,Atraso Preventivo,Cliente Corporativo
FAC-2026-13123,FedEx Express,Logística,04 - Abril,2026-04-23,15,2026-05-08,7958.24,0,Al Día,Al Día / OK,Cliente Corporativo
FAC-2026-13124,FedEx Express,Logística,04 - Abril,2026-04-20,60,2026-06-19,12370.04,30,1-30 días,Atraso Preventivo,Cliente Corporativo
FAC-2026-13125,FedEx Express,Logística,04 - Abril,2026-04-14,45,2026-05-29,33694.94,0,Al Día,Al Día / OK,Cliente Corporativo
FAC-2026-13126,FedEx Express,Logística,04 - Abril,2026-04-17,45,2026-06-01,10196.54,0,Al Día,Al Día / OK,Cliente Corporativo
FAC-2026-13127,FedEx Express,Logística,04 - Abril,2026-04-18,30,2026-05-18,15654.05,0,Al Día,Al Día / OK,Cliente Corporativo
FAC-2026-13128,FedEx Express,Logística,04 - Abril,2026-04-08,60,2026-06-07,10420.24,15,1-30 días,Atraso Preventivo,Cliente Corporativo
FAC-2026-13129,FedEx Express,Logística,04 - Abril,2026-04-15,15,2026-04-30,13907.43,0,Al Día,Al Día / OK,Cliente Corporativo
FAC-2026-13130,Maersk Logistics,Logística,04 - Abril,2026-04-24,45,2026-06-08,40317.43,0,Al Día,Al Día / OK,Cliente Corporativo
FAC-2026-13131,Maersk Logistics,Logística,04 - Abril,2026-04-14,30,2026-05-14,1542.17,20,1-30 días,Atraso Preventivo,Cliente Corporativo
FAC-2026-13132,Maersk Logistics,Logística,04 - Abril,2026-04-17,30,2026-05-17,12589.63,40,31-60 días,Riesgo Moderado,Cliente Corporativo
FAC-2026-13133,Maersk Logistics,Logística,04 - Abril,2026-04-14,30,2026-05-14,32919.63,82,61-90 días,Riesgo Alto,Cliente Corporativo
FAC-2026-13134,Maersk Logistics,Logística,04 - Abril,2026-04-06,60,2026-06-05,11984.81,148,+90 días (Crítico),En Mora / Crítico,Cliente Corporativo
FAC-2026-13135,Maersk Logistics,Logística,04 - Abril,2026-04-06,15,2026-04-21,4547.54,11,1-30 días,Atraso Preventivo,Cliente Corporativo
FAC-2026-13136,Maersk Logistics,Logística,04 - Abril,2026-04-11,60,2026-06-10,23737.22,14,1-30 días,Atraso Preventivo,Cliente Corporativo
FAC-2026-13137,Maersk Logistics,Logística,04 - Abril,2026-04-05,60,2026-06-04,62159.6,0,Al Día,Al Día / OK,Cliente Corporativo
FAC-2026-13138,Maersk Logistics,Logística,04 - Abril,2026-04-24,60,2026-06-23,4907.96,0,Al Día,Al Día / OK,Cliente Corporativo
FAC-2026-13139,Maersk Logistics,Logística,04 - Abril,2026-04-28,60,2026-06-27,26021.43,0,Al Día,Al Día / OK,Cliente Corporativo
FAC-2026-13140,Maersk Logistics,Logística,04 - Abril,2026-04-12,60,2026-06-11,11272.87,10,1-30 días,Atraso Preventivo,Cliente Corporativo
FAC-2026-13141,Maersk Logistics,Logística,04 - Abril,2026-04-16,45,2026-05-31,18709.72,0,Al Día,Al Día / OK,Cliente Corporativo
FAC-2026-13142,Maersk Logistics,Logística,04 - Abril,2026-04-03,30,2026-05-03,1803.59,10,1-30 días,Atraso Preventivo,Cliente Corporativo
FAC-2026-13143,Maersk Logistics,Logística,04 - Abril,2026-04-12,45,2026-05-27,20585.72,20,1-30 días,Atraso Preventivo,Cliente Corporativo
FAC-2026-13144,Maersk Logistics,Logística,04 - Abril,2026-04-22,30,2026-05-22,1860.65,0,Al Día,Al Día / OK,Cliente Corporativo
FAC-2026-13145,Maersk Logistics,Logística,04 - Abril,2026-04-07,60,2026-06-06,3226.59,0,Al Día,Al Día / OK,Cliente Corporativo
FAC-2026-13146,Maersk Logistics,Logística,04 - Abril,2026-04-03,30,2026-05-03,77121.63,8,1-30 días,Atraso Preventivo,Cliente Corporativo
FAC-2026-13147,Kuehne+Nagel,Logística,04 - Abril,2026-04-19,30,2026-05-19,2828.12,0,Al Día,Al Día / OK,Cliente Corporativo
FAC-2026-13148,Kuehne+Nagel,Logística,04 - Abril,2026-04-17,60,2026-06-16,15210.25,13,1-30 días,Atraso Preventivo,Cliente Corporativo
FAC-2026-13149,Kuehne+Nagel,Logística,04 - Abril,2026-04-09,45,2026-05-24,22200.67,53,31-60 días,Riesgo Moderado,Cliente Corporativo
FAC-2026-13150,Kuehne+Nagel,Logística,04 - Abril,2026-04-23,15,2026-05-08,36045.73,75,61-90 días,Riesgo Alto,Cliente Corporativo
FAC-2026-13151,Kuehne+Nagel,Logística,04 - Abril,2026-04-11,60,2026-06-10,2231.79,145,+90 días (Crítico),En Mora / Crítico,Cliente Corporativo
FAC-2026-13152,Kuehne+Nagel,Logística,04 - Abril,2026-04-20,45,2026-06-04,27345.81,0,Al Día,Al Día / OK,Cliente Corporativo
FAC-2026-13153,Kuehne+Nagel,Logística,04 - Abril,2026-04-11,30,2026-05-11,11047.87,0,Al Día,Al Día / OK,Cliente Corporativo
FAC-2026-13154,Kuehne+Nagel,Logística,04 - Abril,2026-04-19,45,2026-06-03,15080.86,0,Al Día,Al Día / OK,Cliente Corporativo
FAC-2026-13155,Kuehne+Nagel,Logística,04 - Abril,2026-04-07,60,2026-06-06,18399.96,0,Al Día,Al Día / OK,Cliente Corporativo
FAC-2026-13156,Kuehne+Nagel,Logística,04 - Abril,2026-04-17,15,2026-05-02,22611.84,0,Al Día,Al Día / OK,Cliente Corporativo
FAC-2026-13157,Kuehne+Nagel,Logística,04 - Abril,2026-04-13,15,2026-04-28,27529.38,0,Al Día,Al Día / OK,Cliente Corporativo
FAC-2026-13158,Kuehne+Nagel,Logística,04 - Abril,2026-04-04,15,2026-04-19,13753.55,0,Al Día,Al Día / OK,Cliente Corporativo
FAC-2026-13159,Kuehne+Nagel,Logística,04 - Abril,2026-04-17,15,2026-05-02,14314.26,0,Al Día,Al Día / OK,Cliente Corporativo
FAC-2026-13160,Kuehne+Nagel,Logística,04 - Abril,2026-04-02,60,2026-06-01,14188.98,0,Al Día,Al Día / OK,Cliente Corporativo
FAC-2026-13161,Kuehne+Nagel,Logística,04 - Abril,2026-04-06,60,2026-06-05,8339.97,85,61-90 días,Riesgo Alto,Cliente Corporativo
FAC-2026-13162,Kuehne+Nagel,Logística,04 - Abril,2026-04-03,60,2026-06-02,28143.75,0,Al Día,Al Día / OK,Cliente Corporativo
FAC-2026-13163,Kuehne+Nagel,Logística,04 - Abril,2026-04-24,60,2026-06-23,7758.33,0,Al Día,Al Día / OK,Cliente Corporativo
FAC-2026-13164,Mercado Envíos,Logística,04 - Abril,2026-04-25,30,2026-05-25,7317.19,0,Al Día,Al Día / OK,Cliente Corporativo
FAC-2026-13165,Mercado Envíos,Logística,04 - Abril,2026-04-07,30,2026-05-07,70242.01,17,1-30 días,Atraso Preventivo,Cliente Corporativo
FAC-2026-13166,Mercado Envíos,Logística,04 - Abril,2026-04-11,15,2026-04-26,18826.13,34,31-60 días,Riesgo Moderado,Cliente Corporativo
FAC-2026-13167,Mercado Envíos,Logística,04 - Abril,2026-04-18,60,2026-06-17,7056.56,87,61-90 días,Riesgo Alto,Cliente Corporativo
FAC-2026-13168,Mercado Envíos,Logística,04 - Abril,2026-04-05,45,2026-05-20,16002.64,161,+90 días (Crítico),En Mora / Crítico,Cliente Corporativo
FAC-2026-13169,Mercado Envíos,Logística,04 - Abril,2026-04-26,60,2026-06-25,20027.28,0,Al Día,Al Día / OK,Cliente Corporativo
FAC-2026-13170,Mercado Envíos,Logística,04 - Abril,2026-04-29,30,2026-05-29,5180.85,52,31-60 días,Riesgo Moderado,Cliente Corporativo
FAC-2026-13171,Mercado Envíos,Logística,04 - Abril,2026-04-19,15,2026-05-04,16596.46,22,1-30 días,Atraso Preventivo,Cliente Corporativo
FAC-2026-13172,Mercado Envíos,Logística,04 - Abril,2026-04-25,60,2026-06-24,1419.58,0,Al Día,Al Día / OK,Cliente Corporativo
FAC-2026-13173,Mercado Envíos,Logística,04 - Abril,2026-04-15,45,2026-05-30,98532.12,9,1-30 días,Atraso Preventivo,Cliente Corporativo
FAC-2026-13174,Mercado Envíos,Logística,04 - Abril,2026-04-21,60,2026-06-20,40934.04,0,Al Día,Al Día / OK,Cliente Corporativo
FAC-2026-13175,Mercado Envíos,Logística,04 - Abril,2026-04-23,15,2026-05-08,36460.18,20,1-30 días,Atraso Preventivo,Cliente Corporativo
FAC-2026-13176,Mercado Envíos,Logística,04 - Abril,2026-04-26,30,2026-05-26,23496.85,0,Al Día,Al Día / OK,Cliente Corporativo
FAC-2026-13177,Mercado Envíos,Logística,04 - Abril,2026-04-12,60,2026-06-11,35106.39,0,Al Día,Al Día / OK,Cliente Corporativo
FAC-2026-13178,Mercado Envíos,Logística,04 - Abril,2026-04-23,45,2026-06-07,1999.72,0,Al Día,Al Día / OK,Cliente Corporativo
FAC-2026-13179,Estafeta,Logística,04 - Abril,2026-04-09,30,2026-05-09,13497.64,0,Al Día,Al Día / OK,Cliente Corporativo
FAC-2026-13180,Estafeta,Logística,04 - Abril,2026-04-12,45,2026-05-27,33307.75,18,1-30 días,Atraso Preventivo,Cliente Corporativo
FAC-2026-13181,Estafeta,Logística,04 - Abril,2026-04-06,15,2026-04-21,12065.04,44,31-60 días,Riesgo Moderado,Cliente Corporativo
FAC-2026-13182,Estafeta,Logística,04 - Abril,2026-04-13,45,2026-05-28,9681.79,66,61-90 días,Riesgo Alto,Cliente Corporativo
FAC-2026-13183,Estafeta,Logística,04 - Abril,2026-04-25,15,2026-05-10,27739.72,96,+90 días (Crítico),En Mora / Crítico,Cliente Corporativo
FAC-2026-13184,Estafeta,Logística,04 - Abril,2026-04-07,15,2026-04-22,5160.11,9,1-30 días,Atraso Preventivo,Cliente Corporativo
FAC-2026-13185,Estafeta,Logística,04 - Abril,2026-04-13,15,2026-04-28,7265.22,0,Al Día,Al Día / OK,Cliente Corporativo
FAC-2026-13186,Estafeta,Logística,04 - Abril,2026-04-18,15,2026-05-03,5439.92,0,Al Día,Al Día / OK,Cliente Corporativo
FAC-2026-13187,Estafeta,Logística,04 - Abril,2026-04-02,60,2026-06-01,2278.71,0,Al Día,Al Día / OK,Cliente Corporativo
FAC-2026-13188,Estafeta,Logística,04 - Abril,2026-04-26,45,2026-06-10,16583.98,6,1-30 días,Atraso Preventivo,Cliente Corporativo
FAC-2026-13189,Estafeta,Logística,04 - Abril,2026-04-08,30,2026-05-08,50720.9,26,1-30 días,Atraso Preventivo,Cliente Corporativo
FAC-2026-13190,Estafeta,Logística,04 - Abril,2026-04-08,45,2026-05-23,7087.25,30,1-30 días,Atraso Preventivo,Cliente Corporativo
FAC-2026-13191,Estafeta,Logística,04 - Abril,2026-04-07,45,2026-05-22,23924.6,20,1-30 días,Atraso Preventivo,Cliente Corporativo
FAC-2026-13192,Estafeta,Logística,04 - Abril,2026-04-14,60,2026-06-13,26029.66,58,31-60 días,Riesgo Moderado,Cliente Corporativo
FAC-2026-13193,Estafeta,Logística,04 - Abril,2026-04-20,60,2026-06-19,5677.93,99,+90 días (Crítico),En Mora / Crítico,Cliente Corporativo
FAC-2026-13194,Estafeta,Logística,04 - Abril,2026-04-09,15,2026-04-24,9602.76,13,1-30 días,Atraso Preventivo,Cliente Corporativo
FAC-2026-13195,Estafeta,Logística,04 - Abril,2026-04-19,60,2026-06-18,8775.85,29,1-30 días,Atraso Preventivo,Cliente Corporativo
FAC-2026-13196,Estafeta,Logística,04 - Abril,2026-04-03,30,2026-05-03,4521.75,50,31-60 días,Riesgo Moderado,Cliente Corporativo
FAC-2026-13197,Pfizer,Salud & Farma,04 - Abril,2026-04-20,60,2026-06-19,7863.46,0,Al Día,Al Día / OK,Cliente Corporativo
FAC-2026-13198,Pfizer,Salud & Farma,04 - Abril,2026-04-17,60,2026-06-16,23953.83,10,1-30 días,Atraso Preventivo,Cliente Corporativo
FAC-2026-13199,Pfizer,Salud & Farma,04 - Abril,2026-04-30,15,2026-05-15,46111.22,56,31-60 días,Riesgo Moderado,Cliente Corporativo
FAC-2026-13200,Pfizer,Salud & Farma,04 - Abril,2026-04-22,60,2026-06-21,8819.92,77,61-90 días,Riesgo Alto,Cliente Corporativo
FAC-2026-13201,Pfizer,Salud & Farma,04 - Abril,2026-04-15,30,2026-05-15,6707.98,138,+90 días (Crítico),En Mora / Crítico,Cliente Corporativo
FAC-2026-13202,Pfizer,Salud & Farma,04 - Abril,2026-04-17,60,2026-06-16,19437.47,0,Al Día,Al Día / OK,Cliente Corporativo
FAC-2026-13203,Pfizer,Salud & Farma,04 - Abril,2026-04-27,45,2026-06-11,120000.0,6,1-30 días,Atraso Preventivo,Cliente Corporativo
FAC-2026-13204,Pfizer,Salud & Farma,04 - Abril,2026-04-09,60,2026-06-08,16298.64,42,31-60 días,Riesgo Moderado,Cliente Corporativo
FAC-2026-13205,Pfizer,Salud & Farma,04 - Abril,2026-04-07,60,2026-06-06,7710.64,58,31-60 días,Riesgo Moderado,Cliente Corporativo
FAC-2026-13206,Pfizer,Salud & Farma,04 - Abril,2026-04-15,30,2026-05-15,21548.96,0,Al Día,Al Día / OK,Cliente Corporativo
FAC-2026-13207,Pfizer,Salud & Farma,04 - Abril,2026-04-07,60,2026-06-06,5192.24,21,1-30 días,Atraso Preventivo,Cliente Corporativo
FAC-2026-13208,Pfizer,Salud & Farma,04 - Abril,2026-04-24,60,2026-06-23,2924.39,28,1-30 días,Atraso Preventivo,Cliente Corporativo
FAC-2026-13209,Pfizer,Salud & Farma,04 - Abril,2026-04-24,15,2026-05-09,45292.32,0,Al Día,Al Día / OK,Cliente Corporativo
FAC-2026-13210,Pfizer,Salud & Farma,04 - Abril,2026-04-18,30,2026-05-18,14800.49,30,1-30 días,Atraso Preventivo,Cliente Corporativo
FAC-2026-13211,Pfizer,Salud & Farma,04 - Abril,2026-04-26,60,2026-06-25,8939.54,28,1-30 días,Atraso Preventivo,Cliente Corporativo
FAC-2026-13212,Pfizer,Salud & Farma,04 - Abril,2026-04-26,30,2026-05-26,29439.36,9,1-30 días,Atraso Preventivo,Cliente Corporativo
FAC-2026-13213,Pfizer,Salud & Farma,04 - Abril,2026-04-19,15,2026-05-04,36269.58,10,1-30 días,Atraso Preventivo,Cliente Corporativo
FAC-2026-13214,Genomma Lab,Salud & Farma,04 - Abril,2026-04-24,30,2026-05-24,8701.49,0,Al Día,Al Día / OK,Cliente Corporativo
FAC-2026-13215,Genomma Lab,Salud & Farma,04 - Abril,2026-04-21,15,2026-05-06,3357.86,22,1-30 días,Atraso Preventivo,Cliente Corporativo
FAC-2026-13216,Genomma Lab,Salud & Farma,04 - Abril,2026-04-29,30,2026-05-29,8070.68,35,31-60 días,Riesgo Moderado,Cliente Corporativo
FAC-2026-13217,Genomma Lab,Salud & Farma,04 - Abril,2026-04-10,45,2026-05-25,51841.82,87,61-90 días,Riesgo Alto,Cliente Corporativo
FAC-2026-13218,Genomma Lab,Salud & Farma,04 - Abril,2026-04-07,15,2026-04-22,31119.1,127,+90 días (Crítico),En Mora / Crítico,Cliente Corporativo
FAC-2026-13219,Genomma Lab,Salud & Farma,04 - Abril,2026-04-03,30,2026-05-03,3587.87,53,31-60 días,Riesgo Moderado,Cliente Corporativo
FAC-2026-13220,Genomma Lab,Salud & Farma,04 - Abril,2026-04-24,60,2026-06-23,44507.78,26,1-30 días,Atraso Preventivo,Cliente Corporativo
FAC-2026-13221,Genomma Lab,Salud & Farma,04 - Abril,2026-04-19,30,2026-05-19,7450.97,19,1-30 días,Atraso Preventivo,Cliente Corporativo
FAC-2026-13222,Genomma Lab,Salud & Farma,04 - Abril,2026-04-14,45,2026-05-29,8278.31,0,Al Día,Al Día / OK,Cliente Corporativo
FAC-2026-13223,Genomma Lab,Salud & Farma,04 - Abril,2026-04-10,45,2026-05-25,33635.15,58,31-60 días,Riesgo Moderado,Cliente Corporativo
FAC-2026-13224,Genomma Lab,Salud & Farma,04 - Abril,2026-04-14,60,2026-06-13,10319.66,29,1-30 días,Atraso Preventivo,Cliente Corporativo
FAC-2026-13225,Genomma Lab,Salud & Farma,04 - Abril,2026-04-08,45,2026-05-23,8487.0,0,Al Día,Al Día / OK,Cliente Corporativo
FAC-2026-13226,Genomma Lab,Salud & Farma,04 - Abril,2026-04-05,60,2026-06-04,37338.36,23,1-30 días,Atraso Preventivo,Cliente Corporativo
FAC-2026-13227,Genomma Lab,Salud & Farma,04 - Abril,2026-04-09,30,2026-05-09,2198.65,16,1-30 días,Atraso Preventivo,Cliente Corporativo
FAC-2026-13228,Bayer,Salud & Farma,04 - Abril,2026-04-25,45,2026-06-09,20951.77,0,Al Día,Al Día / OK,Cliente Corporativo
FAC-2026-13229,Bayer,Salud & Farma,04 - Abril,2026-04-17,60,2026-06-16,7971.21,18,1-30 días,Atraso Preventivo,Cliente Corporativo
FAC-2026-13230,Bayer,Salud & Farma,04 - Abril,2026-04-11,45,2026-05-26,10128.55,41,31-60 días,Riesgo Moderado,Cliente Corporativo
FAC-2026-13231,Bayer,Salud & Farma,04 - Abril,2026-04-24,30,2026-05-24,3200.12,81,61-90 días,Riesgo Alto,Cliente Corporativo
FAC-2026-13232,Bayer,Salud & Farma,04 - Abril,2026-04-30,30,2026-05-30,23631.91,116,+90 días (Crítico),En Mora / Crítico,Cliente Corporativo
FAC-2026-13233,Bayer,Salud & Farma,04 - Abril,2026-04-08,60,2026-06-07,25178.11,0,Al Día,Al Día / OK,Cliente Corporativo
FAC-2026-13234,Bayer,Salud & Farma,04 - Abril,2026-04-16,15,2026-05-01,16788.45,0,Al Día,Al Día / OK,Cliente Corporativo
FAC-2026-13235,Bayer,Salud & Farma,04 - Abril,2026-04-22,60,2026-06-21,76641.23,0,Al Día,Al Día / OK,Cliente Corporativo
FAC-2026-13236,Bayer,Salud & Farma,04 - Abril,2026-04-02,15,2026-04-17,8810.31,86,61-90 días,Riesgo Alto,Cliente Corporativo
FAC-2026-13237,Bayer,Salud & Farma,04 - Abril,2026-04-11,15,2026-04-26,16088.92,0,Al Día,Al Día / OK,Cliente Corporativo
FAC-2026-13238,Bayer,Salud & Farma,04 - Abril,2026-04-08,30,2026-05-08,1409.51,72,61-90 días,Riesgo Alto,Cliente Corporativo
FAC-2026-13239,Bayer,Salud & Farma,04 - Abril,2026-04-14,30,2026-05-14,18585.81,15,1-30 días,Atraso Preventivo,Cliente Corporativo
FAC-2026-13240,Bayer,Salud & Farma,04 - Abril,2026-04-08,15,2026-04-23,26675.65,0,Al Día,Al Día / OK,Cliente Corporativo
FAC-2026-13241,Bayer,Salud & Farma,04 - Abril,2026-04-04,15,2026-04-19,22844.2,50,31-60 días,Riesgo Moderado,Cliente Corporativo
FAC-2026-13242,Bayer,Salud & Farma,04 - Abril,2026-04-23,15,2026-05-08,3850.44,0,Al Día,Al Día / OK,Cliente Corporativo
FAC-2026-13243,Bayer,Salud & Farma,04 - Abril,2026-04-26,15,2026-05-11,32186.79,0,Al Día,Al Día / OK,Cliente Corporativo
FAC-2026-13244,Bayer,Salud & Farma,04 - Abril,2026-04-19,15,2026-05-04,24619.55,0,Al Día,Al Día / OK,Cliente Corporativo
FAC-2026-13245,Bayer,Salud & Farma,04 - Abril,2026-04-23,15,2026-05-08,12051.89,19,1-30 días,Atraso Preventivo,Cliente Corporativo
FAC-2026-13246,Bayer,Salud & Farma,04 - Abril,2026-04-16,30,2026-05-16,13805.88,50,31-60 días,Riesgo Moderado,Cliente Corporativo
FAC-2026-13247,Farmacias Benavides,Salud & Farma,04 - Abril,2026-04-15,45,2026-05-30,45567.87,0,Al Día,Al Día / OK,Cliente Corporativo
FAC-2026-13248,Farmacias Benavides,Salud & Farma,04 - Abril,2026-04-05,30,2026-05-05,2951.89,26,1-30 días,Atraso Preventivo,Cliente Corporativo
FAC-2026-13249,Farmacias Benavides,Salud & Farma,04 - Abril,2026-04-04,30,2026-05-04,6626.29,49,31-60 días,Riesgo Moderado,Cliente Corporativo
FAC-2026-13250,Farmacias Benavides,Salud & Farma,04 - Abril,2026-04-04,30,2026-05-04,15314.95,87,61-90 días,Riesgo Alto,Cliente Corporativo
FAC-2026-13251,Farmacias Benavides,Salud & Farma,04 - Abril,2026-04-15,15,2026-04-30,15704.56,92,+90 días (Crítico),En Mora / Crítico,Cliente Corporativo
FAC-2026-13252,Farmacias Benavides,Salud & Farma,04 - Abril,2026-04-28,45,2026-06-12,10885.03,18,1-30 días,Atraso Preventivo,Cliente Corporativo
FAC-2026-13253,Farmacias Benavides,Salud & Farma,04 - Abril,2026-04-06,30,2026-05-06,26686.4,24,1-30 días,Atraso Preventivo,Cliente Corporativo
FAC-2026-13254,Farmacias Benavides,Salud & Farma,04 - Abril,2026-04-17,60,2026-06-16,4368.75,0,Al Día,Al Día / OK,Cliente Corporativo
FAC-2026-13255,Farmacias Benavides,Salud & Farma,04 - Abril,2026-04-28,60,2026-06-27,61772.21,44,31-60 días,Riesgo Moderado,Cliente Corporativo
FAC-2026-13256,Farmacias Benavides,Salud & Farma,04 - Abril,2026-04-10,45,2026-05-25,6834.77,21,1-30 días,Atraso Preventivo,Cliente Corporativo
FAC-2026-13257,Farmacias Benavides,Salud & Farma,04 - Abril,2026-04-18,60,2026-06-17,72937.91,12,1-30 días,Atraso Preventivo,Cliente Corporativo
FAC-2026-13258,Farmacias Benavides,Salud & Farma,04 - Abril,2026-04-25,30,2026-05-25,8709.38,26,1-30 días,Atraso Preventivo,Cliente Corporativo
FAC-2026-13259,Farmacias Benavides,Salud & Farma,04 - Abril,2026-04-23,15,2026-05-08,4502.43,6,1-30 días,Atraso Preventivo,Cliente Corporativo
FAC-2026-13260,Eurofarma,Salud & Farma,04 - Abril,2026-04-17,15,2026-05-02,2082.45,0,Al Día,Al Día / OK,Cliente Corporativo
FAC-2026-13261,Eurofarma,Salud & Farma,04 - Abril,2026-04-23,45,2026-06-07,3083.75,29,1-30 días,Atraso Preventivo,Cliente Corporativo
FAC-2026-13262,Eurofarma,Salud & Farma,04 - Abril,2026-04-07,15,2026-04-22,23490.39,48,31-60 días,Riesgo Moderado,Cliente Corporativo
FAC-2026-13263,Eurofarma,Salud & Farma,04 - Abril,2026-04-27,60,2026-06-26,23957.15,81,61-90 días,Riesgo Alto,Cliente Corporativo
FAC-2026-13264,Eurofarma,Salud & Farma,04 - Abril,2026-04-27,30,2026-05-27,36913.66,170,+90 días (Crítico),En Mora / Crítico,Cliente Corporativo
FAC-2026-13265,Eurofarma,Salud & Farma,04 - Abril,2026-04-11,45,2026-05-26,13427.64,60,31-60 días,Riesgo Moderado,Cliente Corporativo
FAC-2026-13266,Eurofarma,Salud & Farma,04 - Abril,2026-04-14,60,2026-06-13,5233.84,11,1-30 días,Atraso Preventivo,Cliente Corporativo
FAC-2026-13267,Eurofarma,Salud & Farma,04 - Abril,2026-04-24,15,2026-05-09,3568.75,0,Al Día,Al Día / OK,Cliente Corporativo
FAC-2026-13268,Eurofarma,Salud & Farma,04 - Abril,2026-04-12,60,2026-06-11,20050.15,28,1-30 días,Atraso Preventivo,Cliente Corporativo
FAC-2026-13269,Eurofarma,Salud & Farma,04 - Abril,2026-04-24,45,2026-06-08,7313.65,30,1-30 días,Atraso Preventivo,Cliente Corporativo
FAC-2026-13270,Eurofarma,Salud & Farma,04 - Abril,2026-04-08,45,2026-05-23,18851.21,43,31-60 días,Riesgo Moderado,Cliente Corporativo
FAC-2026-13271,Eurofarma,Salud & Farma,04 - Abril,2026-04-14,60,2026-06-13,36328.62,28,1-30 días,Atraso Preventivo,Cliente Corporativo
FAC-2026-13272,Eurofarma,Salud & Farma,04 - Abril,2026-04-04,15,2026-04-19,12883.93,45,31-60 días,Riesgo Moderado,Cliente Corporativo
FAC-2026-13273,Eurofarma,Salud & Farma,04 - Abril,2026-04-16,60,2026-06-15,15129.55,0,Al Día,Al Día / OK,Cliente Corporativo
FAC-2026-13274,Eurofarma,Salud & Farma,04 - Abril,2026-04-16,60,2026-06-15,11450.84,0,Al Día,Al Día / OK,Cliente Corporativo
FAC-2026-13275,Eurofarma,Salud & Farma,04 - Abril,2026-04-09,15,2026-04-24,31137.71,0,Al Día,Al Día / OK,Cliente Corporativo
FAC-2026-13276,Eurofarma,Salud & Farma,04 - Abril,2026-04-18,60,2026-06-17,14366.81,0,Al Día,Al Día / OK,Cliente Corporativo
FAC-2026-13277,Eurofarma,Salud & Farma,04 - Abril,2026-04-24,45,2026-06-08,8804.13,19,1-30 días,Atraso Preventivo,Cliente Corporativo
FAC-2026-13278,Eurofarma,Salud & Farma,04 - Abril,2026-04-08,30,2026-05-08,1585.56,0,Al Día,Al Día / OK,Cliente Corporativo
FAC-2026-13279,Eurofarma,Salud & Farma,04 - Abril,2026-04-09,15,2026-04-24,11142.05,0,Al Día,Al Día / OK,Cliente Corporativo
FAC-2026-13280,Sanofi,Salud & Farma,04 - Abril,2026-04-19,15,2026-05-04,13998.98,0,Al Día,Al Día / OK,Cliente Corporativo
FAC-2026-13281,Sanofi,Salud & Farma,04 - Abril,2026-04-07,30,2026-05-07,17263.55,15,1-30 días,Atraso Preventivo,Cliente Corporativo
FAC-2026-13282,Sanofi,Salud & Farma,04 - Abril,2026-04-08,30,2026-05-08,9967.14,49,31-60 días,Riesgo Moderado,Cliente Corporativo
FAC-2026-13283,Sanofi,Salud & Farma,04 - Abril,2026-04-10,60,2026-06-09,9044.65,77,61-90 días,Riesgo Alto,Cliente Corporativo
FAC-2026-13284,Sanofi,Salud & Farma,04 - Abril,2026-04-08,45,2026-05-23,4053.76,158,+90 días (Crítico),En Mora / Crítico,Cliente Corporativo
FAC-2026-13285,Sanofi,Salud & Farma,04 - Abril,2026-04-04,60,2026-06-03,3836.15,0,Al Día,Al Día / OK,Cliente Corporativo
FAC-2026-13286,Sanofi,Salud & Farma,04 - Abril,2026-04-18,15,2026-05-03,1537.42,0,Al Día,Al Día / OK,Cliente Corporativo
FAC-2026-13287,Sanofi,Salud & Farma,04 - Abril,2026-04-08,60,2026-06-07,48882.65,0,Al Día,Al Día / OK,Cliente Corporativo
FAC-2026-13288,Sanofi,Salud & Farma,04 - Abril,2026-04-21,15,2026-05-06,6254.85,23,1-30 días,Atraso Preventivo,Cliente Corporativo
FAC-2026-13289,Sanofi,Salud & Farma,04 - Abril,2026-04-18,45,2026-06-02,7760.37,12,1-30 días,Atraso Preventivo,Cliente Corporativo
FAC-2026-13290,Sanofi,Salud & Farma,04 - Abril,2026-04-10,60,2026-06-09,5333.58,0,Al Día,Al Día / OK,Cliente Corporativo
FAC-2026-13291,Sanofi,Salud & Farma,04 - Abril,2026-04-11,60,2026-06-10,1719.66,0,Al Día,Al Día / OK,Cliente Corporativo
FAC-2026-13292,Sanofi,Salud & Farma,04 - Abril,2026-04-21,60,2026-06-20,21762.12,128,+90 días (Crítico),En Mora / Crítico,Cliente Corporativo
FAC-2026-13293,Sanofi,Salud & Farma,04 - Abril,2026-04-07,30,2026-05-07,28789.73,60,31-60 días,Riesgo Moderado,Cliente Corporativo
FAC-2026-13294,Sanofi,Salud & Farma,04 - Abril,2026-04-06,15,2026-04-21,15251.24,0,Al Día,Al Día / OK,Cliente Corporativo
FAC-2026-13295,Sanofi,Salud & Farma,04 - Abril,2026-04-18,45,2026-06-02,6099.36,7,1-30 días,Atraso Preventivo,Cliente Corporativo
FAC-2026-13296,Sanofi,Salud & Farma,04 - Abril,2026-04-29,15,2026-05-14,15398.33,51,31-60 días,Riesgo Moderado,Cliente Corporativo
FAC-2026-13297,Sanofi,Salud & Farma,04 - Abril,2026-04-09,15,2026-04-24,10873.19,17,1-30 días,Atraso Preventivo,Cliente Corporativo
FAC-2026-13298,Sanofi,Salud & Farma,04 - Abril,2026-04-20,60,2026-06-19,17210.76,0,Al Día,Al Día / OK,Cliente Corporativo
FAC-2026-13299,Walmart,Retail,05 - Mayo,2026-05-15,45,2026-06-29,11116.14,0,Al Día,Al Día / OK,Cliente Corporativo
FAC-2026-13300,Walmart,Retail,05 - Mayo,2026-05-28,15,2026-06-12,25231.24,16,1-30 días,Atraso Preventivo,Cliente Corporativo
FAC-2026-13301,Walmart,Retail,05 - Mayo,2026-05-18,60,2026-07-17,1773.06,31,31-60 días,Riesgo Moderado,Cliente Corporativo
FAC-2026-13302,Walmart,Retail,05 - Mayo,2026-05-07,60,2026-07-06,5352.92,70,61-90 días,Riesgo Alto,Cliente Corporativo
FAC-2026-13303,Walmart,Retail,05 - Mayo,2026-05-12,45,2026-06-26,22224.67,126,+90 días (Crítico),En Mora / Crítico,Cliente Corporativo
FAC-2026-13304,Walmart,Retail,05 - Mayo,2026-05-31,15,2026-06-15,29063.89,0,Al Día,Al Día / OK,Cliente Corporativo
FAC-2026-13305,Walmart,Retail,05 - Mayo,2026-05-13,15,2026-05-28,22813.25,0,Al Día,Al Día / OK,Cliente Corporativo
FAC-2026-13306,Walmart,Retail,05 - Mayo,2026-05-01,60,2026-06-30,10481.76,0,Al Día,Al Día / OK,Cliente Corporativo
FAC-2026-13307,Walmart,Retail,05 - Mayo,2026-05-28,15,2026-06-12,17156.18,0,Al Día,Al Día / OK,Cliente Corporativo
FAC-2026-13308,Walmart,Retail,05 - Mayo,2026-05-22,30,2026-06-21,6891.02,41,31-60 días,Riesgo Moderado,Cliente Corporativo
FAC-2026-13309,Walmart,Retail,05 - Mayo,2026-05-13,45,2026-06-27,23697.62,0,Al Día,Al Día / OK,Cliente Corporativo
FAC-2026-13310,Walmart,Retail,05 - Mayo,2026-05-11,30,2026-06-10,56769.17,0,Al Día,Al Día / OK,Cliente Corporativo
FAC-2026-13311,Walmart,Retail,05 - Mayo,2026-05-05,15,2026-05-20,9242.2,0,Al Día,Al Día / OK,Cliente Corporativo
FAC-2026-13312,Falabella,Retail,05 - Mayo,2026-05-30,60,2026-07-29,16630.55,0,Al Día,Al Día / OK,Cliente Corporativo
FAC-2026-13313,Falabella,Retail,05 - Mayo,2026-05-19,15,2026-06-03,2984.95,30,1-30 días,Atraso Preventivo,Cliente Corporativo
FAC-2026-13314,Falabella,Retail,05 - Mayo,2026-05-27,60,2026-07-26,15543.44,56,31-60 días,Riesgo Moderado,Cliente Corporativo
FAC-2026-13315,Falabella,Retail,05 - Mayo,2026-05-17,30,2026-06-16,8652.17,81,61-90 días,Riesgo Alto,Cliente Corporativo
FAC-2026-13316,Falabella,Retail,05 - Mayo,2026-05-28,60,2026-07-27,9013.17,148,+90 días (Crítico),En Mora / Crítico,Cliente Corporativo
FAC-2026-13317,Falabella,Retail,05 - Mayo,2026-05-26,60,2026-07-25,3259.69,5,1-30 días,Atraso Preventivo,Cliente Corporativo
FAC-2026-13318,Falabella,Retail,05 - Mayo,2026-05-05,30,2026-06-04,18573.61,0,Al Día,Al Día / OK,Cliente Corporativo
FAC-2026-13319,Falabella,Retail,05 - Mayo,2026-05-22,45,2026-07-06,1330.43,0,Al Día,Al Día / OK,Cliente Corporativo
FAC-2026-13320,Falabella,Retail,05 - Mayo,2026-05-13,45,2026-06-27,32157.57,6,1-30 días,Atraso Preventivo,Cliente Corporativo
FAC-2026-13321,Falabella,Retail,05 - Mayo,2026-05-23,60,2026-07-22,4217.95,0,Al Día,Al Día / OK,Cliente Corporativo
FAC-2026-13322,Falabella,Retail,05 - Mayo,2026-05-06,45,2026-06-20,32129.22,15,1-30 días,Atraso Preventivo,Cliente Corporativo
FAC-2026-13323,Falabella,Retail,05 - Mayo,2026-05-03,30,2026-06-02,23697.91,156,+90 días (Crítico),En Mora / Crítico,Cliente Corporativo
FAC-2026-13324,Falabella,Retail,05 - Mayo,2026-05-09,30,2026-06-08,1278.36,0,Al Día,Al Día / OK,Cliente Corporativo
FAC-2026-13325,Cencosud,Retail,05 - Mayo,2026-05-13,30,2026-06-12,10143.72,0,Al Día,Al Día / OK,Cliente Corporativo
FAC-2026-13326,Cencosud,Retail,05 - Mayo,2026-05-18,15,2026-06-02,50570.78,21,1-30 días,Atraso Preventivo,Cliente Corporativo
FAC-2026-13327,Cencosud,Retail,05 - Mayo,2026-05-17,15,2026-06-01,46597.94,54,31-60 días,Riesgo Moderado,Cliente Corporativo
FAC-2026-13328,Cencosud,Retail,05 - Mayo,2026-05-24,30,2026-06-23,5547.22,68,61-90 días,Riesgo Alto,Cliente Corporativo
FAC-2026-13329,Cencosud,Retail,05 - Mayo,2026-05-31,15,2026-06-15,10291.92,113,+90 días (Crítico),En Mora / Crítico,Cliente Corporativo
FAC-2026-13330,Cencosud,Retail,05 - Mayo,2026-05-17,30,2026-06-16,28998.26,77,61-90 días,Riesgo Alto,Cliente Corporativo
FAC-2026-13331,Cencosud,Retail,05 - Mayo,2026-05-28,45,2026-07-12,31327.37,0,Al Día,Al Día / OK,Cliente Corporativo
FAC-2026-13332,Cencosud,Retail,05 - Mayo,2026-05-25,45,2026-07-09,23610.27,22,1-30 días,Atraso Preventivo,Cliente Corporativo
FAC-2026-13333,Cencosud,Retail,05 - Mayo,2026-05-26,15,2026-06-10,22514.6,0,Al Día,Al Día / OK,Cliente Corporativo
FAC-2026-13334,Cencosud,Retail,05 - Mayo,2026-05-15,60,2026-07-14,115750.87,22,1-30 días,Atraso Preventivo,Cliente Corporativo
FAC-2026-13335,Cencosud,Retail,05 - Mayo,2026-05-12,60,2026-07-11,10468.37,0,Al Día,Al Día / OK,Cliente Corporativo
FAC-2026-13336,Cencosud,Retail,05 - Mayo,2026-05-26,30,2026-06-25,23161.59,147,+90 días (Crítico),En Mora / Crítico,Cliente Corporativo
FAC-2026-13337,Cencosud,Retail,05 - Mayo,2026-05-17,30,2026-06-16,48415.89,44,31-60 días,Riesgo Moderado,Cliente Corporativo
FAC-2026-13338,Cencosud,Retail,05 - Mayo,2026-05-14,45,2026-06-28,16743.54,0,Al Día,Al Día / OK,Cliente Corporativo
FAC-2026-13339,Cencosud,Retail,05 - Mayo,2026-05-23,60,2026-07-22,32177.77,0,Al Día,Al Día / OK,Cliente Corporativo
FAC-2026-13340,Cencosud,Retail,05 - Mayo,2026-05-28,15,2026-06-12,28967.4,0,Al Día,Al Día / OK,Cliente Corporativo
FAC-2026-13341,Cencosud,Retail,05 - Mayo,2026-05-26,60,2026-07-25,19281.33,0,Al Día,Al Día / OK,Cliente Corporativo
FAC-2026-13342,El Puerto de Liverpool,Retail,05 - Mayo,2026-05-30,30,2026-06-29,36492.93,0,Al Día,Al Día / OK,Cliente Corporativo
FAC-2026-13343,El Puerto de Liverpool,Retail,05 - Mayo,2026-05-07,45,2026-06-21,9228.26,12,1-30 días,Atraso Preventivo,Cliente Corporativo
FAC-2026-13344,El Puerto de Liverpool,Retail,05 - Mayo,2026-05-14,30,2026-06-13,28807.75,40,31-60 días,Riesgo Moderado,Cliente Corporativo
FAC-2026-13345,El Puerto de Liverpool,Retail,05 - Mayo,2026-05-14,60,2026-07-13,27910.63,66,61-90 días,Riesgo Alto,Cliente Corporativo
FAC-2026-13346,El Puerto de Liverpool,Retail,05 - Mayo,2026-05-21,60,2026-07-20,12694.0,96,+90 días (Crítico),En Mora / Crítico,Cliente Corporativo
FAC-2026-13347,El Puerto de Liverpool,Retail,05 - Mayo,2026-05-12,45,2026-06-26,4736.99,7,1-30 días,Atraso Preventivo,Cliente Corporativo
FAC-2026-13348,El Puerto de Liverpool,Retail,05 - Mayo,2026-05-29,60,2026-07-28,2116.17,42,31-60 días,Riesgo Moderado,Cliente Corporativo
FAC-2026-13349,El Puerto de Liverpool,Retail,05 - Mayo,2026-05-03,60,2026-07-02,36860.0,26,1-30 días,Atraso Preventivo,Cliente Corporativo
FAC-2026-13350,El Puerto de Liverpool,Retail,05 - Mayo,2026-05-21,45,2026-07-05,3716.15,0,Al Día,Al Día / OK,Cliente Corporativo
FAC-2026-13351,El Puerto de Liverpool,Retail,05 - Mayo,2026-05-21,15,2026-06-05,40347.55,53,31-60 días,Riesgo Moderado,Cliente Corporativo
FAC-2026-13352,El Puerto de Liverpool,Retail,05 - Mayo,2026-05-09,15,2026-05-24,54758.74,12,1-30 días,Atraso Preventivo,Cliente Corporativo
FAC-2026-13353,El Puerto de Liverpool,Retail,05 - Mayo,2026-05-02,30,2026-06-01,10393.73,0,Al Día,Al Día / OK,Cliente Corporativo
FAC-2026-13354,El Puerto de Liverpool,Retail,05 - Mayo,2026-05-08,60,2026-07-07,4592.77,28,1-30 días,Atraso Preventivo,Cliente Corporativo
FAC-2026-13355,El Puerto de Liverpool,Retail,05 - Mayo,2026-05-12,15,2026-05-27,5119.34,0,Al Día,Al Día / OK,Cliente Corporativo
FAC-2026-13356,El Puerto de Liverpool,Retail,05 - Mayo,2026-05-02,45,2026-06-16,6846.81,0,Al Día,Al Día / OK,Cliente Corporativo
FAC-2026-13357,El Puerto de Liverpool,Retail,05 - Mayo,2026-05-22,45,2026-07-06,37243.85,19,1-30 días,Atraso Preventivo,Cliente Corporativo
FAC-2026-13358,El Puerto de Liverpool,Retail,05 - Mayo,2026-05-07,60,2026-07-06,7331.05,61,61-90 días,Riesgo Alto,Cliente Corporativo
FAC-2026-13359,El Puerto de Liverpool,Retail,05 - Mayo,2026-05-24,60,2026-07-23,9885.91,32,31-60 días,Riesgo Moderado,Cliente Corporativo
FAC-2026-13360,El Puerto de Liverpool,Retail,05 - Mayo,2026-05-23,45,2026-07-07,4935.54,10,1-30 días,Atraso Preventivo,Cliente Corporativo
FAC-2026-13361,Coppel,Retail,05 - Mayo,2026-05-06,45,2026-06-20,16201.74,0,Al Día,Al Día / OK,Cliente Corporativo
FAC-2026-13362,Coppel,Retail,05 - Mayo,2026-05-30,15,2026-06-14,7045.46,13,1-30 días,Atraso Preventivo,Cliente Corporativo
FAC-2026-13363,Coppel,Retail,05 - Mayo,2026-05-29,60,2026-07-28,30687.58,57,31-60 días,Riesgo Moderado,Cliente Corporativo
FAC-2026-13364,Coppel,Retail,05 - Mayo,2026-05-18,60,2026-07-17,7129.75,65,61-90 días,Riesgo Alto,Cliente Corporativo
FAC-2026-13365,Coppel,Retail,05 - Mayo,2026-05-27,15,2026-06-11,17925.52,170,+90 días (Crítico),En Mora / Crítico,Cliente Corporativo
FAC-2026-13366,Coppel,Retail,05 - Mayo,2026-05-29,30,2026-06-28,7292.77,28,1-30 días,Atraso Preventivo,Cliente Corporativo
FAC-2026-13367,Coppel,Retail,05 - Mayo,2026-05-07,30,2026-06-06,8800.45,0,Al Día,Al Día / OK,Cliente Corporativo
FAC-2026-13368,Coppel,Retail,05 - Mayo,2026-05-16,30,2026-06-15,66119.19,10,1-30 días,Atraso Preventivo,Cliente Corporativo
FAC-2026-13369,Coppel,Retail,05 - Mayo,2026-05-08,30,2026-06-07,21546.42,29,1-30 días,Atraso Preventivo,Cliente Corporativo
FAC-2026-13370,Coppel,Retail,05 - Mayo,2026-05-09,45,2026-06-23,17701.42,108,+90 días (Crítico),En Mora / Crítico,Cliente Corporativo
FAC-2026-13371,Coppel,Retail,05 - Mayo,2026-05-19,15,2026-06-03,31516.77,40,31-60 días,Riesgo Moderado,Cliente Corporativo
FAC-2026-13372,Coppel,Retail,05 - Mayo,2026-05-02,30,2026-06-01,9525.79,0,Al Día,Al Día / OK,Cliente Corporativo
FAC-2026-13373,Coppel,Retail,05 - Mayo,2026-05-09,15,2026-05-24,13859.66,0,Al Día,Al Día / OK,Cliente Corporativo
FAC-2026-13374,Coppel,Retail,05 - Mayo,2026-05-14,15,2026-05-29,14419.42,129,+90 días (Crítico),En Mora / Crítico,Cliente Corporativo
FAC-2026-13375,Coppel,Retail,05 - Mayo,2026-05-03,45,2026-06-17,9248.16,68,61-90 días,Riesgo Alto,Cliente Corporativo
FAC-2026-13376,Grupo Éxito,Retail,05 - Mayo,2026-05-07,45,2026-06-21,13378.67,0,Al Día,Al Día / OK,Cliente Corporativo
FAC-2026-13377,Grupo Éxito,Retail,05 - Mayo,2026-05-18,30,2026-06-17,30876.74,19,1-30 días,Atraso Preventivo,Cliente Corporativo
FAC-2026-13378,Grupo Éxito,Retail,05 - Mayo,2026-05-25,45,2026-07-09,21523.44,60,31-60 días,Riesgo Moderado,Cliente Corporativo
FAC-2026-13379,Grupo Éxito,Retail,05 - Mayo,2026-05-27,30,2026-06-26,7830.0,77,61-90 días,Riesgo Alto,Cliente Corporativo
FAC-2026-13380,Grupo Éxito,Retail,05 - Mayo,2026-05-19,45,2026-07-03,8526.92,138,+90 días (Crítico),En Mora / Crítico,Cliente Corporativo
FAC-2026-13381,Grupo Éxito,Retail,05 - Mayo,2026-05-01,45,2026-06-15,10841.3,0,Al Día,Al Día / OK,Cliente Corporativo
FAC-2026-13382,Grupo Éxito,Retail,05 - Mayo,2026-05-05,30,2026-06-04,1380.17,28,1-30 días,Atraso Preventivo,Cliente Corporativo
FAC-2026-13383,Grupo Éxito,Retail,05 - Mayo,2026-05-10,60,2026-07-09,3939.23,30,1-30 días,Atraso Preventivo,Cliente Corporativo
FAC-2026-13384,Grupo Éxito,Retail,05 - Mayo,2026-05-19,60,2026-07-18,3867.33,20,1-30 días,Atraso Preventivo,Cliente Corporativo
FAC-2026-13385,Grupo Éxito,Retail,05 - Mayo,2026-05-30,45,2026-07-14,14738.01,0,Al Día,Al Día / OK,Cliente Corporativo
FAC-2026-13386,Grupo Éxito,Retail,05 - Mayo,2026-05-13,30,2026-06-12,1842.5,0,Al Día,Al Día / OK,Cliente Corporativo
FAC-2026-13387,Grupo Éxito,Retail,05 - Mayo,2026-05-17,60,2026-07-16,25386.83,0,Al Día,Al Día / OK,Cliente Corporativo
FAC-2026-13388,Grupo Éxito,Retail,05 - Mayo,2026-05-23,45,2026-07-07,24062.76,28,1-30 días,Atraso Preventivo,Cliente Corporativo
FAC-2026-13389,Grupo Éxito,Retail,05 - Mayo,2026-05-14,45,2026-06-28,6454.09,28,1-30 días,Atraso Preventivo,Cliente Corporativo
FAC-2026-13390,Grupo Éxito,Retail,05 - Mayo,2026-05-25,30,2026-06-24,22780.57,0,Al Día,Al Día / OK,Cliente Corporativo
FAC-2026-13391,FEMSA Comercio (OXXO),Retail,05 - Mayo,2026-05-15,45,2026-06-29,7910.31,0,Al Día,Al Día / OK,Cliente Corporativo
FAC-2026-13392,FEMSA Comercio (OXXO),Retail,05 - Mayo,2026-05-05,60,2026-07-04,14071.22,13,1-30 días,Atraso Preventivo,Cliente Corporativo
FAC-2026-13393,FEMSA Comercio (OXXO),Retail,05 - Mayo,2026-05-28,15,2026-06-12,46853.66,56,31-60 días,Riesgo Moderado,Cliente Corporativo
FAC-2026-13394,FEMSA Comercio (OXXO),Retail,05 - Mayo,2026-05-15,30,2026-06-14,34587.75,87,61-90 días,Riesgo Alto,Cliente Corporativo
FAC-2026-13395,FEMSA Comercio (OXXO),Retail,05 - Mayo,2026-05-11,15,2026-05-26,29538.33,154,+90 días (Crítico),En Mora / Crítico,Cliente Corporativo
FAC-2026-13396,FEMSA Comercio (OXXO),Retail,05 - Mayo,2026-05-03,30,2026-06-02,41279.91,0,Al Día,Al Día / OK,Cliente Corporativo
FAC-2026-13397,FEMSA Comercio (OXXO),Retail,05 - Mayo,2026-05-21,30,2026-06-20,35770.76,10,1-30 días,Atraso Preventivo,Cliente Corporativo
FAC-2026-13398,FEMSA Comercio (OXXO),Retail,05 - Mayo,2026-05-18,60,2026-07-17,29787.57,0,Al Día,Al Día / OK,Cliente Corporativo
FAC-2026-13399,FEMSA Comercio (OXXO),Retail,05 - Mayo,2026-05-21,15,2026-06-05,58948.45,0,Al Día,Al Día / OK,Cliente Corporativo
FAC-2026-13400,FEMSA Comercio (OXXO),Retail,05 - Mayo,2026-05-23,15,2026-06-07,18264.22,42,31-60 días,Riesgo Moderado,Cliente Corporativo
FAC-2026-13401,FEMSA Comercio (OXXO),Retail,05 - Mayo,2026-05-20,15,2026-06-04,8160.44,5,1-30 días,Atraso Preventivo,Cliente Corporativo
FAC-2026-13402,FEMSA Comercio (OXXO),Retail,05 - Mayo,2026-05-31,45,2026-07-15,7530.41,13,1-30 días,Atraso Preventivo,Cliente Corporativo
FAC-2026-13403,FEMSA Comercio (OXXO),Retail,05 - Mayo,2026-05-13,45,2026-06-27,10451.91,0,Al Día,Al Día / OK,Cliente Corporativo
FAC-2026-13404,FEMSA Comercio (OXXO),Retail,05 - Mayo,2026-05-30,45,2026-07-14,2565.44,11,1-30 días,Atraso Preventivo,Cliente Corporativo
FAC-2026-13405,FEMSA Comercio (OXXO),Retail,05 - Mayo,2026-05-23,45,2026-07-07,7873.01,5,1-30 días,Atraso Preventivo,Cliente Corporativo
FAC-2026-13406,Chedraui,Retail,05 - Mayo,2026-05-18,60,2026-07-17,1641.94,0,Al Día,Al Día / OK,Cliente Corporativo
FAC-2026-13407,Chedraui,Retail,05 - Mayo,2026-05-31,30,2026-06-30,13281.85,10,1-30 días,Atraso Preventivo,Cliente Corporativo
FAC-2026-13408,Chedraui,Retail,05 - Mayo,2026-05-09,15,2026-05-24,31885.82,50,31-60 días,Riesgo Moderado,Cliente Corporativo
FAC-2026-13409,Chedraui,Retail,05 - Mayo,2026-05-15,15,2026-05-30,15777.25,82,61-90 días,Riesgo Alto,Cliente Corporativo
FAC-2026-13410,Chedraui,Retail,05 - Mayo,2026-05-02,30,2026-06-01,11354.57,104,+90 días (Crítico),En Mora / Crítico,Cliente Corporativo
FAC-2026-13411,Chedraui,Retail,05 - Mayo,2026-05-08,60,2026-07-07,11936.86,44,31-60 días,Riesgo Moderado,Cliente Corporativo
FAC-2026-13412,Chedraui,Retail,05 - Mayo,2026-05-28,30,2026-06-27,32442.71,36,31-60 días,Riesgo Moderado,Cliente Corporativo
FAC-2026-13413,Chedraui,Retail,05 - Mayo,2026-05-01,60,2026-06-30,1378.37,163,+90 días (Crítico),En Mora / Crítico,Cliente Corporativo
FAC-2026-13414,Chedraui,Retail,05 - Mayo,2026-05-20,15,2026-06-04,4360.79,0,Al Día,Al Día / OK,Cliente Corporativo
FAC-2026-13415,Chedraui,Retail,05 - Mayo,2026-05-21,30,2026-06-20,39042.47,0,Al Día,Al Día / OK,Cliente Corporativo
FAC-2026-13416,Chedraui,Retail,05 - Mayo,2026-05-30,30,2026-06-29,10671.29,9,1-30 días,Atraso Preventivo,Cliente Corporativo
FAC-2026-13417,Chedraui,Retail,05 - Mayo,2026-05-25,15,2026-06-09,8535.92,57,31-60 días,Riesgo Moderado,Cliente Corporativo
FAC-2026-13418,Chedraui,Retail,05 - Mayo,2026-05-30,60,2026-07-29,12761.43,30,1-30 días,Atraso Preventivo,Cliente Corporativo
FAC-2026-13419,Chedraui,Retail,05 - Mayo,2026-05-13,30,2026-06-12,20687.74,0,Al Día,Al Día / OK,Cliente Corporativo
FAC-2026-13420,América Móvil (Claro),Telecom,05 - Mayo,2026-05-13,30,2026-06-12,9773.7,0,Al Día,Al Día / OK,Cliente Corporativo
FAC-2026-13421,América Móvil (Claro),Telecom,05 - Mayo,2026-05-02,45,2026-06-16,1891.48,18,1-30 días,Atraso Preventivo,Cliente Corporativo
FAC-2026-13422,América Móvil (Claro),Telecom,05 - Mayo,2026-05-14,60,2026-07-13,13805.07,53,31-60 días,Riesgo Moderado,Cliente Corporativo
FAC-2026-13423,América Móvil (Claro),Telecom,05 - Mayo,2026-05-31,45,2026-07-15,44157.7,87,61-90 días,Riesgo Alto,Cliente Corporativo
FAC-2026-13424,América Móvil (Claro),Telecom,05 - Mayo,2026-05-05,45,2026-06-19,9598.91,142,+90 días (Crítico),En Mora / Crítico,Cliente Corporativo
FAC-2026-13425,América Móvil (Claro),Telecom,05 - Mayo,2026-05-04,60,2026-07-03,4614.53,0,Al Día,Al Día / OK,Cliente Corporativo
FAC-2026-13426,América Móvil (Claro),Telecom,05 - Mayo,2026-05-04,30,2026-06-03,18370.51,0,Al Día,Al Día / OK,Cliente Corporativo
FAC-2026-13427,América Móvil (Claro),Telecom,05 - Mayo,2026-05-16,60,2026-07-15,33980.56,107,+90 días (Crítico),En Mora / Crítico,Cliente Corporativo
FAC-2026-13428,América Móvil (Claro),Telecom,05 - Mayo,2026-05-22,30,2026-06-21,14588.12,0,Al Día,Al Día / OK,Cliente Corporativo
FAC-2026-13429,América Móvil (Claro),Telecom,05 - Mayo,2026-05-14,45,2026-06-28,7732.82,9,1-30 días,Atraso Preventivo,Cliente Corporativo
FAC-2026-13430,América Móvil (Claro),Telecom,05 - Mayo,2026-05-02,60,2026-07-01,11763.98,55,31-60 días,Riesgo Moderado,Cliente Corporativo
FAC-2026-13431,América Móvil (Claro),Telecom,05 - Mayo,2026-05-27,45,2026-07-11,4508.52,19,1-30 días,Atraso Preventivo,Cliente Corporativo
FAC-2026-13432,América Móvil (Claro),Telecom,05 - Mayo,2026-05-18,15,2026-06-02,6529.95,0,Al Día,Al Día / OK,Cliente Corporativo
FAC-2026-13433,América Móvil (Claro),Telecom,05 - Mayo,2026-05-26,60,2026-07-25,22136.84,0,Al Día,Al Día / OK,Cliente Corporativo
FAC-2026-13434,América Móvil (Claro),Telecom,05 - Mayo,2026-05-12,45,2026-06-26,75235.27,0,Al Día,Al Día / OK,Cliente Corporativo
FAC-2026-13435,América Móvil (Claro),Telecom,05 - Mayo,2026-05-27,30,2026-06-26,8105.02,0,Al Día,Al Día / OK,Cliente Corporativo
FAC-2026-13436,Telefónica (Movistar),Telecom,05 - Mayo,2026-05-25,45,2026-07-09,12485.86,0,Al Día,Al Día / OK,Cliente Corporativo
FAC-2026-13437,Telefónica (Movistar),Telecom,05 - Mayo,2026-05-15,60,2026-07-14,13957.27,24,1-30 días,Atraso Preventivo,Cliente Corporativo
FAC-2026-13438,Telefónica (Movistar),Telecom,05 - Mayo,2026-05-24,30,2026-06-23,14811.87,59,31-60 días,Riesgo Moderado,Cliente Corporativo
FAC-2026-13439,Telefónica (Movistar),Telecom,05 - Mayo,2026-05-26,30,2026-06-25,22463.81,70,61-90 días,Riesgo Alto,Cliente Corporativo
FAC-2026-13440,Telefónica (Movistar),Telecom,05 - Mayo,2026-05-14,30,2026-06-13,10289.93,167,+90 días (Crítico),En Mora / Crítico,Cliente Corporativo
FAC-2026-13441,Telefónica (Movistar),Telecom,05 - Mayo,2026-05-16,30,2026-06-15,23148.8,0,Al Día,Al Día / OK,Cliente Corporativo
FAC-2026-13442,Telefónica (Movistar),Telecom,05 - Mayo,2026-05-23,45,2026-07-07,24615.95,57,31-60 días,Riesgo Moderado,Cliente Corporativo
FAC-2026-13443,Telefónica (Movistar),Telecom,05 - Mayo,2026-05-17,60,2026-07-16,26050.25,0,Al Día,Al Día / OK,Cliente Corporativo
FAC-2026-13444,Telefónica (Movistar),Telecom,05 - Mayo,2026-05-28,45,2026-07-12,4953.02,16,1-30 días,Atraso Preventivo,Cliente Corporativo
FAC-2026-13445,Telefónica (Movistar),Telecom,05 - Mayo,2026-05-07,30,2026-06-06,56759.93,0,Al Día,Al Día / OK,Cliente Corporativo
FAC-2026-13446,Telefónica (Movistar),Telecom,05 - Mayo,2026-05-07,60,2026-07-06,3176.92,21,1-30 días,Atraso Preventivo,Cliente Corporativo
FAC-2026-13447,Telefónica (Movistar),Telecom,05 - Mayo,2026-05-02,30,2026-06-01,34959.04,0,Al Día,Al Día / OK,Cliente Corporativo
FAC-2026-13448,Telefónica (Movistar),Telecom,05 - Mayo,2026-05-24,60,2026-07-23,2474.33,150,+90 días (Crítico),En Mora / Crítico,Cliente Corporativo
FAC-2026-13449,Telefónica (Movistar),Telecom,05 - Mayo,2026-05-02,45,2026-06-16,39780.83,0,Al Día,Al Día / OK,Cliente Corporativo
FAC-2026-13450,Telefónica (Movistar),Telecom,05 - Mayo,2026-05-21,60,2026-07-20,24595.32,145,+90 días (Crítico),En Mora / Crítico,Cliente Corporativo
FAC-2026-13451,Telefónica (Movistar),Telecom,05 - Mayo,2026-05-25,60,2026-07-24,11735.87,0,Al Día,Al Día / OK,Cliente Corporativo
FAC-2026-13452,Telefónica (Movistar),Telecom,05 - Mayo,2026-05-01,15,2026-05-16,9484.64,138,+90 días (Crítico),En Mora / Crítico,Cliente Corporativo
FAC-2026-13453,Telefónica (Movistar),Telecom,05 - Mayo,2026-05-19,45,2026-07-03,24624.19,0,Al Día,Al Día / OK,Cliente Corporativo
FAC-2026-13454,Telefónica (Movistar),Telecom,05 - Mayo,2026-05-16,60,2026-07-15,7294.3,11,1-30 días,Atraso Preventivo,Cliente Corporativo
FAC-2026-13455,Millicom (Tigo),Telecom,05 - Mayo,2026-05-06,30,2026-06-05,24472.57,0,Al Día,Al Día / OK,Cliente Corporativo
FAC-2026-13456,Millicom (Tigo),Telecom,05 - Mayo,2026-05-26,60,2026-07-25,8469.95,18,1-30 días,Atraso Preventivo,Cliente Corporativo
FAC-2026-13457,Millicom (Tigo),Telecom,05 - Mayo,2026-05-25,60,2026-07-24,1679.48,34,31-60 días,Riesgo Moderado,Cliente Corporativo
FAC-2026-13458,Millicom (Tigo),Telecom,05 - Mayo,2026-05-18,30,2026-06-17,5704.48,86,61-90 días,Riesgo Alto,Cliente Corporativo
FAC-2026-13459,Millicom (Tigo),Telecom,05 - Mayo,2026-05-29,60,2026-07-28,6488.21,164,+90 días (Crítico),En Mora / Crítico,Cliente Corporativo
FAC-2026-13460,Millicom (Tigo),Telecom,05 - Mayo,2026-05-02,15,2026-05-17,12149.77,0,Al Día,Al Día / OK,Cliente Corporativo
FAC-2026-13461,Millicom (Tigo),Telecom,05 - Mayo,2026-05-31,15,2026-06-15,1656.0,13,1-30 días,Atraso Preventivo,Cliente Corporativo
FAC-2026-13462,Millicom (Tigo),Telecom,05 - Mayo,2026-05-02,60,2026-07-01,30039.04,0,Al Día,Al Día / OK,Cliente Corporativo
FAC-2026-13463,Millicom (Tigo),Telecom,05 - Mayo,2026-05-25,45,2026-07-09,28719.82,0,Al Día,Al Día / OK,Cliente Corporativo
FAC-2026-13464,Millicom (Tigo),Telecom,05 - Mayo,2026-05-20,45,2026-07-04,10214.1,0,Al Día,Al Día / OK,Cliente Corporativo
FAC-2026-13465,Millicom (Tigo),Telecom,05 - Mayo,2026-05-27,60,2026-07-26,26306.8,0,Al Día,Al Día / OK,Cliente Corporativo
FAC-2026-13466,Millicom (Tigo),Telecom,05 - Mayo,2026-05-24,15,2026-06-08,38942.96,10,1-30 días,Atraso Preventivo,Cliente Corporativo
FAC-2026-13467,Millicom (Tigo),Telecom,05 - Mayo,2026-05-07,60,2026-07-06,1478.74,0,Al Día,Al Día / OK,Cliente Corporativo
FAC-2026-13468,Millicom (Tigo),Telecom,05 - Mayo,2026-05-22,30,2026-06-21,24412.15,14,1-30 días,Atraso Preventivo,Cliente Corporativo
FAC-2026-13469,Millicom (Tigo),Telecom,05 - Mayo,2026-05-16,15,2026-05-31,4830.42,30,1-30 días,Atraso Preventivo,Cliente Corporativo
FAC-2026-13470,Millicom (Tigo),Telecom,05 - Mayo,2026-05-14,45,2026-06-28,23475.25,0,Al Día,Al Día / OK,Cliente Corporativo
FAC-2026-13471,Millicom (Tigo),Telecom,05 - Mayo,2026-05-08,15,2026-05-23,23176.15,0,Al Día,Al Día / OK,Cliente Corporativo
FAC-2026-13472,Millicom (Tigo),Telecom,05 - Mayo,2026-05-13,15,2026-05-28,19881.59,11,1-30 días,Atraso Preventivo,Cliente Corporativo
FAC-2026-13473,Millicom (Tigo),Telecom,05 - Mayo,2026-05-05,15,2026-05-20,17574.35,62,61-90 días,Riesgo Alto,Cliente Corporativo
FAC-2026-13474,Millicom (Tigo),Telecom,05 - Mayo,2026-05-25,60,2026-07-24,1239.36,9,1-30 días,Atraso Preventivo,Cliente Corporativo
FAC-2026-13475,Entel,Telecom,05 - Mayo,2026-05-03,30,2026-06-02,6535.42,0,Al Día,Al Día / OK,Cliente Corporativo
FAC-2026-13476,Entel,Telecom,05 - Mayo,2026-05-15,45,2026-06-29,4368.85,20,1-30 días,Atraso Preventivo,Cliente Corporativo
FAC-2026-13477,Entel,Telecom,05 - Mayo,2026-05-12,30,2026-06-11,52624.11,44,31-60 días,Riesgo Moderado,Cliente Corporativo
FAC-2026-13478,Entel,Telecom,05 - Mayo,2026-05-29,45,2026-07-13,21128.51,69,61-90 días,Riesgo Alto,Cliente Corporativo
FAC-2026-13479,Entel,Telecom,05 - Mayo,2026-05-25,30,2026-06-24,17520.57,132,+90 días (Crítico),En Mora / Crítico,Cliente Corporativo
FAC-2026-13480,Entel,Telecom,05 - Mayo,2026-05-20,45,2026-07-04,14006.65,26,1-30 días,Atraso Preventivo,Cliente Corporativo
FAC-2026-13481,Entel,Telecom,05 - Mayo,2026-05-09,15,2026-05-24,23312.95,0,Al Día,Al Día / OK,Cliente Corporativo
FAC-2026-13482,Entel,Telecom,05 - Mayo,2026-05-01,15,2026-05-16,21235.63,0,Al Día,Al Día / OK,Cliente Corporativo
FAC-2026-13483,Entel,Telecom,05 - Mayo,2026-05-22,45,2026-07-06,22824.09,0,Al Día,Al Día / OK,Cliente Corporativo
FAC-2026-13484,Entel,Telecom,05 - Mayo,2026-05-22,30,2026-06-21,14625.95,0,Al Día,Al Día / OK,Cliente Corporativo
FAC-2026-13485,Entel,Telecom,05 - Mayo,2026-05-11,30,2026-06-10,2869.29,27,1-30 días,Atraso Preventivo,Cliente Corporativo
FAC-2026-13486,Entel,Telecom,05 - Mayo,2026-05-12,45,2026-06-26,28161.44,0,Al Día,Al Día / OK,Cliente Corporativo
FAC-2026-13487,Entel,Telecom,05 - Mayo,2026-05-02,60,2026-07-01,9131.71,30,1-30 días,Atraso Preventivo,Cliente Corporativo
FAC-2026-13488,AT&T,Telecom,05 - Mayo,2026-05-03,30,2026-06-02,6201.55,0,Al Día,Al Día / OK,Cliente Corporativo
FAC-2026-13489,AT&T,Telecom,05 - Mayo,2026-05-23,45,2026-07-07,4211.77,7,1-30 días,Atraso Preventivo,Cliente Corporativo
FAC-2026-13490,AT&T,Telecom,05 - Mayo,2026-05-21,60,2026-07-20,19068.37,50,31-60 días,Riesgo Moderado,Cliente Corporativo
FAC-2026-13491,AT&T,Telecom,05 - Mayo,2026-05-04,30,2026-06-03,50989.12,79,61-90 días,Riesgo Alto,Cliente Corporativo
FAC-2026-13492,AT&T,Telecom,05 - Mayo,2026-05-26,15,2026-06-10,18535.36,170,+90 días (Crítico),En Mora / Crítico,Cliente Corporativo
FAC-2026-13493,AT&T,Telecom,05 - Mayo,2026-05-04,15,2026-05-19,3225.91,69,61-90 días,Riesgo Alto,Cliente Corporativo
FAC-2026-13494,AT&T,Telecom,05 - Mayo,2026-05-19,30,2026-06-18,2311.36,0,Al Día,Al Día / OK,Cliente Corporativo
FAC-2026-13495,AT&T,Telecom,05 - Mayo,2026-05-05,15,2026-05-20,29871.48,0,Al Día,Al Día / OK,Cliente Corporativo
FAC-2026-13496,AT&T,Telecom,05 - Mayo,2026-05-09,45,2026-06-23,20142.05,10,1-30 días,Atraso Preventivo,Cliente Corporativo
FAC-2026-13497,AT&T,Telecom,05 - Mayo,2026-05-20,60,2026-07-19,30086.68,31,31-60 días,Riesgo Moderado,Cliente Corporativo
FAC-2026-13498,AT&T,Telecom,05 - Mayo,2026-05-17,45,2026-07-01,35997.47,26,1-30 días,Atraso Preventivo,Cliente Corporativo
FAC-2026-13499,AT&T,Telecom,05 - Mayo,2026-05-07,45,2026-06-21,70827.03,32,31-60 días,Riesgo Moderado,Cliente Corporativo
FAC-2026-13500,AT&T,Telecom,05 - Mayo,2026-05-31,30,2026-06-30,36249.7,0,Al Día,Al Día / OK,Cliente Corporativo
FAC-2026-13501,Liberty Latin America,Telecom,05 - Mayo,2026-05-11,60,2026-07-10,11044.92,0,Al Día,Al Día / OK,Cliente Corporativo
FAC-2026-13502,Liberty Latin America,Telecom,05 - Mayo,2026-05-29,45,2026-07-13,21236.0,9,1-30 días,Atraso Preventivo,Cliente Corporativo
FAC-2026-13503,Liberty Latin America,Telecom,05 - Mayo,2026-05-04,45,2026-06-18,16406.92,49,31-60 días,Riesgo Moderado,Cliente Corporativo
FAC-2026-13504,Liberty Latin America,Telecom,05 - Mayo,2026-05-02,60,2026-07-01,3473.09,77,61-90 días,Riesgo Alto,Cliente Corporativo
FAC-2026-13505,Liberty Latin America,Telecom,05 - Mayo,2026-05-24,15,2026-06-08,2935.48,164,+90 días (Crítico),En Mora / Crítico,Cliente Corporativo
FAC-2026-13506,Liberty Latin America,Telecom,05 - Mayo,2026-05-18,45,2026-07-02,19880.03,0,Al Día,Al Día / OK,Cliente Corporativo
FAC-2026-13507,Liberty Latin America,Telecom,05 - Mayo,2026-05-24,60,2026-07-23,24566.06,0,Al Día,Al Día / OK,Cliente Corporativo
FAC-2026-13508,Liberty Latin America,Telecom,05 - Mayo,2026-05-31,15,2026-06-15,25418.72,100,+90 días (Crítico),En Mora / Crítico,Cliente Corporativo
FAC-2026-13509,Liberty Latin America,Telecom,05 - Mayo,2026-05-03,45,2026-06-17,3101.13,33,31-60 días,Riesgo Moderado,Cliente Corporativo
FAC-2026-13510,Liberty Latin America,Telecom,05 - Mayo,2026-05-04,15,2026-05-19,2716.12,0,Al Día,Al Día / OK,Cliente Corporativo
FAC-2026-13511,Liberty Latin America,Telecom,05 - Mayo,2026-05-20,30,2026-06-19,17380.45,28,1-30 días,Atraso Preventivo,Cliente Corporativo
FAC-2026-13512,Liberty Latin America,Telecom,05 - Mayo,2026-05-19,45,2026-07-03,31989.59,5,1-30 días,Atraso Preventivo,Cliente Corporativo
FAC-2026-13513,Liberty Latin America,Telecom,05 - Mayo,2026-05-30,30,2026-06-29,22320.12,60,31-60 días,Riesgo Moderado,Cliente Corporativo
FAC-2026-13514,Telecom Argentina,Telecom,05 - Mayo,2026-05-19,30,2026-06-18,12010.26,0,Al Día,Al Día / OK,Cliente Corporativo
FAC-2026-13515,Telecom Argentina,Telecom,05 - Mayo,2026-05-12,15,2026-05-27,2595.35,13,1-30 días,Atraso Preventivo,Cliente Corporativo
FAC-2026-13516,Telecom Argentina,Telecom,05 - Mayo,2026-05-18,45,2026-07-02,7492.91,37,31-60 días,Riesgo Moderado,Cliente Corporativo
FAC-2026-13517,Telecom Argentina,Telecom,05 - Mayo,2026-05-24,45,2026-07-08,13861.78,69,61-90 días,Riesgo Alto,Cliente Corporativo
FAC-2026-13518,Telecom Argentina,Telecom,05 - Mayo,2026-05-20,60,2026-07-19,16514.88,94,+90 días (Crítico),En Mora / Crítico,Cliente Corporativo
FAC-2026-13519,Telecom Argentina,Telecom,05 - Mayo,2026-05-09,60,2026-07-08,34431.81,25,1-30 días,Atraso Preventivo,Cliente Corporativo
FAC-2026-13520,Telecom Argentina,Telecom,05 - Mayo,2026-05-11,45,2026-06-25,20164.81,0,Al Día,Al Día / OK,Cliente Corporativo
FAC-2026-13521,Telecom Argentina,Telecom,05 - Mayo,2026-05-08,15,2026-05-23,18614.92,48,31-60 días,Riesgo Moderado,Cliente Corporativo
FAC-2026-13522,Telecom Argentina,Telecom,05 - Mayo,2026-05-12,30,2026-06-11,2730.04,0,Al Día,Al Día / OK,Cliente Corporativo
FAC-2026-13523,Telecom Argentina,Telecom,05 - Mayo,2026-05-12,30,2026-06-11,64914.12,0,Al Día,Al Día / OK,Cliente Corporativo
FAC-2026-13524,Telecom Argentina,Telecom,05 - Mayo,2026-05-30,30,2026-06-29,13005.98,0,Al Día,Al Día / OK,Cliente Corporativo
FAC-2026-13525,Telecom Argentina,Telecom,05 - Mayo,2026-05-20,15,2026-06-04,47399.98,0,Al Día,Al Día / OK,Cliente Corporativo
FAC-2026-13526,Telecom Argentina,Telecom,05 - Mayo,2026-05-01,30,2026-05-31,6522.39,0,Al Día,Al Día / OK,Cliente Corporativo
FAC-2026-13527,Telecom Argentina,Telecom,05 - Mayo,2026-05-20,45,2026-07-04,17014.19,0,Al Día,Al Día / OK,Cliente Corporativo
FAC-2026-13528,Telecom Argentina,Telecom,05 - Mayo,2026-05-29,45,2026-07-13,17311.66,0,Al Día,Al Día / OK,Cliente Corporativo
FAC-2026-13529,Telecom Argentina,Telecom,05 - Mayo,2026-05-16,30,2026-06-15,1253.41,0,Al Día,Al Día / OK,Cliente Corporativo
FAC-2026-13530,Telecom Argentina,Telecom,05 - Mayo,2026-05-21,30,2026-06-20,62062.19,0,Al Día,Al Día / OK,Cliente Corporativo
FAC-2026-13531,Banco Santander,Banca & Fintech,05 - Mayo,2026-05-11,15,2026-05-26,49168.46,0,Al Día,Al Día / OK,Cliente Corporativo
FAC-2026-13532,Banco Santander,Banca & Fintech,05 - Mayo,2026-05-11,30,2026-06-10,39310.35,7,1-30 días,Atraso Preventivo,Cliente Corporativo
FAC-2026-13533,Banco Santander,Banca & Fintech,05 - Mayo,2026-05-11,45,2026-06-25,6329.71,58,31-60 días,Riesgo Moderado,Cliente Corporativo
FAC-2026-13534,Banco Santander,Banca & Fintech,05 - Mayo,2026-05-25,60,2026-07-24,2030.69,88,61-90 días,Riesgo Alto,Cliente Corporativo
FAC-2026-13535,Banco Santander,Banca & Fintech,05 - Mayo,2026-05-19,60,2026-07-18,9768.7,91,+90 días (Crítico),En Mora / Crítico,Cliente Corporativo
FAC-2026-13536,Banco Santander,Banca & Fintech,05 - Mayo,2026-05-10,30,2026-06-09,8011.53,32,31-60 días,Riesgo Moderado,Cliente Corporativo
FAC-2026-13537,Banco Santander,Banca & Fintech,05 - Mayo,2026-05-19,15,2026-06-03,9062.58,0,Al Día,Al Día / OK,Cliente Corporativo
FAC-2026-13538,Banco Santander,Banca & Fintech,05 - Mayo,2026-05-30,30,2026-06-29,4114.94,0,Al Día,Al Día / OK,Cliente Corporativo
FAC-2026-13539,Banco Santander,Banca & Fintech,05 - Mayo,2026-05-30,30,2026-06-29,3925.22,14,1-30 días,Atraso Preventivo,Cliente Corporativo
FAC-2026-13540,Banco Santander,Banca & Fintech,05 - Mayo,2026-05-17,30,2026-06-16,4311.76,0,Al Día,Al Día / OK,Cliente Corporativo
FAC-2026-13541,Banco Santander,Banca & Fintech,05 - Mayo,2026-05-04,60,2026-07-03,41565.21,0,Al Día,Al Día / OK,Cliente Corporativo
FAC-2026-13542,Banco Santander,Banca & Fintech,05 - Mayo,2026-05-27,60,2026-07-26,23130.42,0,Al Día,Al Día / OK,Cliente Corporativo
FAC-2026-13543,Banco Santander,Banca & Fintech,05 - Mayo,2026-05-04,30,2026-06-03,39170.43,25,1-30 días,Atraso Preventivo,Cliente Corporativo
FAC-2026-13544,Banco Santander,Banca & Fintech,05 - Mayo,2026-05-29,30,2026-06-28,5530.68,0,Al Día,Al Día / OK,Cliente Corporativo
FAC-2026-13545,BBVA,Banca & Fintech,05 - Mayo,2026-05-04,45,2026-06-18,2203.46,0,Al Día,Al Día / OK,Cliente Corporativo
FAC-2026-13546,BBVA,Banca & Fintech,05 - Mayo,2026-05-25,15,2026-06-09,27361.16,9,1-30 días,Atraso Preventivo,Cliente Corporativo
FAC-2026-13547,BBVA,Banca & Fintech,05 - Mayo,2026-05-19,45,2026-07-03,31770.84,38,31-60 días,Riesgo Moderado,Cliente Corporativo
FAC-2026-13548,BBVA,Banca & Fintech,05 - Mayo,2026-05-04,15,2026-05-19,30396.26,69,61-90 días,Riesgo Alto,Cliente Corporativo
FAC-2026-13549,BBVA,Banca & Fintech,05 - Mayo,2026-05-08,45,2026-06-22,13171.84,105,+90 días (Crítico),En Mora / Crítico,Cliente Corporativo
FAC-2026-13550,BBVA,Banca & Fintech,05 - Mayo,2026-05-06,45,2026-06-20,3870.89,0,Al Día,Al Día / OK,Cliente Corporativo
FAC-2026-13551,BBVA,Banca & Fintech,05 - Mayo,2026-05-10,45,2026-06-24,2167.84,0,Al Día,Al Día / OK,Cliente Corporativo
FAC-2026-13552,BBVA,Banca & Fintech,05 - Mayo,2026-05-15,30,2026-06-14,21480.21,7,1-30 días,Atraso Preventivo,Cliente Corporativo
FAC-2026-13553,BBVA,Banca & Fintech,05 - Mayo,2026-05-18,15,2026-06-02,6155.8,0,Al Día,Al Día / OK,Cliente Corporativo
FAC-2026-13554,BBVA,Banca & Fintech,05 - Mayo,2026-05-22,30,2026-06-21,12502.69,0,Al Día,Al Día / OK,Cliente Corporativo
FAC-2026-13555,BBVA,Banca & Fintech,05 - Mayo,2026-05-21,45,2026-07-05,5070.39,0,Al Día,Al Día / OK,Cliente Corporativo
FAC-2026-13556,BBVA,Banca & Fintech,05 - Mayo,2026-05-10,15,2026-05-25,2133.14,78,61-90 días,Riesgo Alto,Cliente Corporativo
FAC-2026-13557,BBVA,Banca & Fintech,05 - Mayo,2026-05-04,60,2026-07-03,23248.2,0,Al Día,Al Día / OK,Cliente Corporativo
FAC-2026-13558,BBVA,Banca & Fintech,05 - Mayo,2026-05-21,30,2026-06-20,12599.51,45,31-60 días,Riesgo Moderado,Cliente Corporativo
FAC-2026-13559,BBVA,Banca & Fintech,05 - Mayo,2026-05-06,45,2026-06-20,6936.87,0,Al Día,Al Día / OK,Cliente Corporativo
FAC-2026-13560,BBVA,Banca & Fintech,05 - Mayo,2026-05-07,45,2026-06-21,24656.05,0,Al Día,Al Día / OK,Cliente Corporativo
FAC-2026-13561,BBVA,Banca & Fintech,05 - Mayo,2026-05-22,15,2026-06-06,19118.85,82,61-90 días,Riesgo Alto,Cliente Corporativo
FAC-2026-13562,BBVA,Banca & Fintech,05 - Mayo,2026-05-12,60,2026-07-11,63400.59,0,Al Día,Al Día / OK,Cliente Corporativo
FAC-2026-13563,BBVA,Banca & Fintech,05 - Mayo,2026-05-10,60,2026-07-09,3548.9,0,Al Día,Al Día / OK,Cliente Corporativo
FAC-2026-13564,Banco de Chile,Banca & Fintech,05 - Mayo,2026-05-09,30,2026-06-08,11392.84,0,Al Día,Al Día / OK,Cliente Corporativo
FAC-2026-13565,Banco de Chile,Banca & Fintech,05 - Mayo,2026-05-25,60,2026-07-24,9315.0,9,1-30 días,Atraso Preventivo,Cliente Corporativo
FAC-2026-13566,Banco de Chile,Banca & Fintech,05 - Mayo,2026-05-15,60,2026-07-14,24841.55,38,31-60 días,Riesgo Moderado,Cliente Corporativo
FAC-2026-13567,Banco de Chile,Banca & Fintech,05 - Mayo,2026-05-13,15,2026-05-28,33639.83,61,61-90 días,Riesgo Alto,Cliente Corporativo
FAC-2026-13568,Banco de Chile,Banca & Fintech,05 - Mayo,2026-05-16,45,2026-06-30,11046.29,164,+90 días (Crítico),En Mora / Crítico,Cliente Corporativo
FAC-2026-13569,Banco de Chile,Banca & Fintech,05 - Mayo,2026-05-23,60,2026-07-22,23962.66,0,Al Día,Al Día / OK,Cliente Corporativo
FAC-2026-13570,Banco de Chile,Banca & Fintech,05 - Mayo,2026-05-31,45,2026-07-15,36751.39,0,Al Día,Al Día / OK,Cliente Corporativo
FAC-2026-13571,Banco de Chile,Banca & Fintech,05 - Mayo,2026-05-22,45,2026-07-06,2919.05,0,Al Día,Al Día / OK,Cliente Corporativo
FAC-2026-13572,Banco de Chile,Banca & Fintech,05 - Mayo,2026-05-25,15,2026-06-09,14014.2,0,Al Día,Al Día / OK,Cliente Corporativo
FAC-2026-13573,Banco de Chile,Banca & Fintech,05 - Mayo,2026-05-27,15,2026-06-11,44865.27,0,Al Día,Al Día / OK,Cliente Corporativo
FAC-2026-13574,Banco de Chile,Banca & Fintech,05 - Mayo,2026-05-19,30,2026-06-18,7625.99,0,Al Día,Al Día / OK,Cliente Corporativo
FAC-2026-13575,Banco de Chile,Banca & Fintech,05 - Mayo,2026-05-20,30,2026-06-19,6959.79,0,Al Día,Al Día / OK,Cliente Corporativo
FAC-2026-13576,Banco de Chile,Banca & Fintech,05 - Mayo,2026-05-30,15,2026-06-14,4251.12,42,31-60 días,Riesgo Moderado,Cliente Corporativo
FAC-2026-13577,Bancolombia,Banca & Fintech,05 - Mayo,2026-05-15,30,2026-06-14,12795.55,0,Al Día,Al Día / OK,Cliente Corporativo
FAC-2026-13578,Bancolombia,Banca & Fintech,05 - Mayo,2026-05-13,45,2026-06-27,9462.06,26,1-30 días,Atraso Preventivo,Cliente Corporativo
FAC-2026-13579,Bancolombia,Banca & Fintech,05 - Mayo,2026-05-08,45,2026-06-22,3279.23,32,31-60 días,Riesgo Moderado,Cliente Corporativo
FAC-2026-13580,Bancolombia,Banca & Fintech,05 - Mayo,2026-05-23,60,2026-07-22,50355.09,77,61-90 días,Riesgo Alto,Cliente Corporativo
FAC-2026-13581,Bancolombia,Banca & Fintech,05 - Mayo,2026-05-09,60,2026-07-08,7962.9,104,+90 días (Crítico),En Mora / Crítico,Cliente Corporativo
FAC-2026-13582,Bancolombia,Banca & Fintech,05 - Mayo,2026-05-15,45,2026-06-29,32704.46,74,61-90 días,Riesgo Alto,Cliente Corporativo
FAC-2026-13583,Bancolombia,Banca & Fintech,05 - Mayo,2026-05-30,45,2026-07-14,2543.98,168,+90 días (Crítico),En Mora / Crítico,Cliente Corporativo
FAC-2026-13584,Bancolombia,Banca & Fintech,05 - Mayo,2026-05-24,30,2026-06-23,63912.96,0,Al Día,Al Día / OK,Cliente Corporativo
FAC-2026-13585,Bancolombia,Banca & Fintech,05 - Mayo,2026-05-03,45,2026-06-17,19295.99,0,Al Día,Al Día / OK,Cliente Corporativo
FAC-2026-13586,Bancolombia,Banca & Fintech,05 - Mayo,2026-05-28,30,2026-06-27,19670.91,46,31-60 días,Riesgo Moderado,Cliente Corporativo
FAC-2026-13587,Bancolombia,Banca & Fintech,05 - Mayo,2026-05-10,15,2026-05-25,11432.9,0,Al Día,Al Día / OK,Cliente Corporativo
FAC-2026-13588,Bancolombia,Banca & Fintech,05 - Mayo,2026-05-25,60,2026-07-24,10492.94,42,31-60 días,Riesgo Moderado,Cliente Corporativo
FAC-2026-13589,Bancolombia,Banca & Fintech,05 - Mayo,2026-05-16,60,2026-07-15,25873.4,84,61-90 días,Riesgo Alto,Cliente Corporativo
FAC-2026-13590,Bancolombia,Banca & Fintech,05 - Mayo,2026-05-15,60,2026-07-14,19303.41,0,Al Día,Al Día / OK,Cliente Corporativo
FAC-2026-13591,Bancolombia,Banca & Fintech,05 - Mayo,2026-05-21,45,2026-07-05,19768.33,10,1-30 días,Atraso Preventivo,Cliente Corporativo
FAC-2026-13592,Itaú Unibanco,Banca & Fintech,05 - Mayo,2026-05-12,30,2026-06-11,12859.72,0,Al Día,Al Día / OK,Cliente Corporativo
FAC-2026-13593,Itaú Unibanco,Banca & Fintech,05 - Mayo,2026-05-01,30,2026-05-31,6938.2,6,1-30 días,Atraso Preventivo,Cliente Corporativo
FAC-2026-13594,Itaú Unibanco,Banca & Fintech,05 - Mayo,2026-05-03,30,2026-06-02,46547.11,60,31-60 días,Riesgo Moderado,Cliente Corporativo
FAC-2026-13595,Itaú Unibanco,Banca & Fintech,05 - Mayo,2026-05-31,60,2026-07-30,7435.39,81,61-90 días,Riesgo Alto,Cliente Corporativo
FAC-2026-13596,Itaú Unibanco,Banca & Fintech,05 - Mayo,2026-05-31,30,2026-06-30,8754.55,146,+90 días (Crítico),En Mora / Crítico,Cliente Corporativo
FAC-2026-13597,Itaú Unibanco,Banca & Fintech,05 - Mayo,2026-05-26,30,2026-06-25,5317.11,77,61-90 días,Riesgo Alto,Cliente Corporativo
FAC-2026-13598,Itaú Unibanco,Banca & Fintech,05 - Mayo,2026-05-14,15,2026-05-29,12603.45,21,1-30 días,Atraso Preventivo,Cliente Corporativo
FAC-2026-13599,Itaú Unibanco,Banca & Fintech,05 - Mayo,2026-05-12,45,2026-06-26,31312.01,37,31-60 días,Riesgo Moderado,Cliente Corporativo
FAC-2026-13600,Itaú Unibanco,Banca & Fintech,05 - Mayo,2026-05-16,60,2026-07-15,10870.93,19,1-30 días,Atraso Preventivo,Cliente Corporativo
FAC-2026-13601,Itaú Unibanco,Banca & Fintech,05 - Mayo,2026-05-16,60,2026-07-15,52780.09,0,Al Día,Al Día / OK,Cliente Corporativo
FAC-2026-13602,Itaú Unibanco,Banca & Fintech,05 - Mayo,2026-05-29,30,2026-06-28,2542.6,21,1-30 días,Atraso Preventivo,Cliente Corporativo
FAC-2026-13603,Itaú Unibanco,Banca & Fintech,05 - Mayo,2026-05-23,45,2026-07-07,27024.0,33,31-60 días,Riesgo Moderado,Cliente Corporativo
FAC-2026-13604,Itaú Unibanco,Banca & Fintech,05 - Mayo,2026-05-08,30,2026-06-07,2345.96,0,Al Día,Al Día / OK,Cliente Corporativo
FAC-2026-13605,Itaú Unibanco,Banca & Fintech,05 - Mayo,2026-05-21,45,2026-07-05,2818.13,0,Al Día,Al Día / OK,Cliente Corporativo
FAC-2026-13606,Itaú Unibanco,Banca & Fintech,05 - Mayo,2026-05-15,15,2026-05-30,8644.98,27,1-30 días,Atraso Preventivo,Cliente Corporativo
FAC-2026-13607,Itaú Unibanco,Banca & Fintech,05 - Mayo,2026-05-14,30,2026-06-13,69078.06,15,1-30 días,Atraso Preventivo,Cliente Corporativo
FAC-2026-13608,Itaú Unibanco,Banca & Fintech,05 - Mayo,2026-05-29,15,2026-06-13,24359.52,0,Al Día,Al Día / OK,Cliente Corporativo
FAC-2026-13609,Itaú Unibanco,Banca & Fintech,05 - Mayo,2026-05-09,60,2026-07-08,9879.96,26,1-30 días,Atraso Preventivo,Cliente Corporativo
FAC-2026-13610,Itaú Unibanco,Banca & Fintech,05 - Mayo,2026-05-24,60,2026-07-23,15000.67,0,Al Día,Al Día / OK,Cliente Corporativo
FAC-2026-13611,Nubank,Banca & Fintech,05 - Mayo,2026-05-26,30,2026-06-25,20018.67,0,Al Día,Al Día / OK,Cliente Corporativo
FAC-2026-13612,Nubank,Banca & Fintech,05 - Mayo,2026-05-26,30,2026-06-25,8432.82,16,1-30 días,Atraso Preventivo,Cliente Corporativo
FAC-2026-13613,Nubank,Banca & Fintech,05 - Mayo,2026-05-04,15,2026-05-19,3695.67,38,31-60 días,Riesgo Moderado,Cliente Corporativo
FAC-2026-13614,Nubank,Banca & Fintech,05 - Mayo,2026-05-06,45,2026-06-20,23023.07,64,61-90 días,Riesgo Alto,Cliente Corporativo
FAC-2026-13615,Nubank,Banca & Fintech,05 - Mayo,2026-05-05,30,2026-06-04,46821.59,114,+90 días (Crítico),En Mora / Crítico,Cliente Corporativo
FAC-2026-13616,Nubank,Banca & Fintech,05 - Mayo,2026-05-28,15,2026-06-12,26541.87,31,31-60 días,Riesgo Moderado,Cliente Corporativo
FAC-2026-13617,Nubank,Banca & Fintech,05 - Mayo,2026-05-14,15,2026-05-29,6523.93,57,31-60 días,Riesgo Moderado,Cliente Corporativo
FAC-2026-13618,Nubank,Banca & Fintech,05 - Mayo,2026-05-29,45,2026-07-13,3947.26,52,31-60 días,Riesgo Moderado,Cliente Corporativo
FAC-2026-13619,Nubank,Banca & Fintech,05 - Mayo,2026-05-20,30,2026-06-19,33617.52,25,1-30 días,Atraso Preventivo,Cliente Corporativo
FAC-2026-13620,Nubank,Banca & Fintech,05 - Mayo,2026-05-13,45,2026-06-27,2170.56,0,Al Día,Al Día / OK,Cliente Corporativo
FAC-2026-13621,Nubank,Banca & Fintech,05 - Mayo,2026-05-18,60,2026-07-17,2421.85,63,61-90 días,Riesgo Alto,Cliente Corporativo
FAC-2026-13622,Nubank,Banca & Fintech,05 - Mayo,2026-05-18,30,2026-06-17,22665.52,10,1-30 días,Atraso Preventivo,Cliente Corporativo
FAC-2026-13623,Nubank,Banca & Fintech,05 - Mayo,2026-05-23,30,2026-06-22,34410.04,0,Al Día,Al Día / OK,Cliente Corporativo
FAC-2026-13624,Nubank,Banca & Fintech,05 - Mayo,2026-05-06,15,2026-05-21,7578.55,14,1-30 días,Atraso Preventivo,Cliente Corporativo
FAC-2026-13625,Nubank,Banca & Fintech,05 - Mayo,2026-05-01,45,2026-06-15,4920.82,43,31-60 días,Riesgo Moderado,Cliente Corporativo
FAC-2026-13626,Nubank,Banca & Fintech,05 - Mayo,2026-05-15,15,2026-05-30,38804.07,0,Al Día,Al Día / OK,Cliente Corporativo
FAC-2026-13627,Banco Galicia,Banca & Fintech,05 - Mayo,2026-05-18,60,2026-07-17,6743.68,0,Al Día,Al Día / OK,Cliente Corporativo
FAC-2026-13628,Banco Galicia,Banca & Fintech,05 - Mayo,2026-05-03,30,2026-06-02,15699.67,9,1-30 días,Atraso Preventivo,Cliente Corporativo
FAC-2026-13629,Banco Galicia,Banca & Fintech,05 - Mayo,2026-05-19,60,2026-07-18,5644.02,57,31-60 días,Riesgo Moderado,Cliente Corporativo
FAC-2026-13630,Banco Galicia,Banca & Fintech,05 - Mayo,2026-05-06,45,2026-06-20,8420.7,81,61-90 días,Riesgo Alto,Cliente Corporativo
FAC-2026-13631,Banco Galicia,Banca & Fintech,05 - Mayo,2026-05-30,30,2026-06-29,15988.8,160,+90 días (Crítico),En Mora / Crítico,Cliente Corporativo
FAC-2026-13632,Banco Galicia,Banca & Fintech,05 - Mayo,2026-05-15,15,2026-05-30,1219.58,54,31-60 días,Riesgo Moderado,Cliente Corporativo
FAC-2026-13633,Banco Galicia,Banca & Fintech,05 - Mayo,2026-05-31,30,2026-06-30,9713.01,29,1-30 días,Atraso Preventivo,Cliente Corporativo
FAC-2026-13634,Banco Galicia,Banca & Fintech,05 - Mayo,2026-05-25,60,2026-07-24,6940.94,0,Al Día,Al Día / OK,Cliente Corporativo
FAC-2026-13635,Banco Galicia,Banca & Fintech,05 - Mayo,2026-05-17,45,2026-07-01,6399.71,27,1-30 días,Atraso Preventivo,Cliente Corporativo
FAC-2026-13636,Banco Galicia,Banca & Fintech,05 - Mayo,2026-05-04,45,2026-06-18,8244.15,0,Al Día,Al Día / OK,Cliente Corporativo
FAC-2026-13637,Banco Galicia,Banca & Fintech,05 - Mayo,2026-05-05,30,2026-06-04,4123.1,37,31-60 días,Riesgo Moderado,Cliente Corporativo
FAC-2026-13638,Banco Galicia,Banca & Fintech,05 - Mayo,2026-05-26,60,2026-07-25,6278.67,20,1-30 días,Atraso Preventivo,Cliente Corporativo
FAC-2026-13639,Banco Galicia,Banca & Fintech,05 - Mayo,2026-05-27,15,2026-06-11,2013.92,0,Al Día,Al Día / OK,Cliente Corporativo
FAC-2026-13640,Banco Galicia,Banca & Fintech,05 - Mayo,2026-05-28,45,2026-07-12,6680.43,22,1-30 días,Atraso Preventivo,Cliente Corporativo
FAC-2026-13641,Banco Galicia,Banca & Fintech,05 - Mayo,2026-05-19,30,2026-06-18,19279.02,128,+90 días (Crítico),En Mora / Crítico,Cliente Corporativo
FAC-2026-13642,Banorte,Banca & Fintech,05 - Mayo,2026-05-26,30,2026-06-25,48585.48,0,Al Día,Al Día / OK,Cliente Corporativo
FAC-2026-13643,Banorte,Banca & Fintech,05 - Mayo,2026-05-18,30,2026-06-17,16677.8,19,1-30 días,Atraso Preventivo,Cliente Corporativo
FAC-2026-13644,Banorte,Banca & Fintech,05 - Mayo,2026-05-19,30,2026-06-18,7622.19,51,31-60 días,Riesgo Moderado,Cliente Corporativo
FAC-2026-13645,Banorte,Banca & Fintech,05 - Mayo,2026-05-08,15,2026-05-23,32192.99,71,61-90 días,Riesgo Alto,Cliente Corporativo
FAC-2026-13646,Banorte,Banca & Fintech,05 - Mayo,2026-05-13,60,2026-07-12,3762.01,99,+90 días (Crítico),En Mora / Crítico,Cliente Corporativo
FAC-2026-13647,Banorte,Banca & Fintech,05 - Mayo,2026-05-22,15,2026-06-06,3427.52,0,Al Día,Al Día / OK,Cliente Corporativo
FAC-2026-13648,Banorte,Banca & Fintech,05 - Mayo,2026-05-04,30,2026-06-03,1620.8,23,1-30 días,Atraso Preventivo,Cliente Corporativo
FAC-2026-13649,Banorte,Banca & Fintech,05 - Mayo,2026-05-20,15,2026-06-04,80324.6,68,61-90 días,Riesgo Alto,Cliente Corporativo
FAC-2026-13650,Banorte,Banca & Fintech,05 - Mayo,2026-05-14,15,2026-05-29,13999.06,38,31-60 días,Riesgo Moderado,Cliente Corporativo
FAC-2026-13651,Banorte,Banca & Fintech,05 - Mayo,2026-05-16,60,2026-07-15,33995.57,68,61-90 días,Riesgo Alto,Cliente Corporativo
FAC-2026-13652,Banorte,Banca & Fintech,05 - Mayo,2026-05-03,15,2026-05-18,19586.26,25,1-30 días,Atraso Preventivo,Cliente Corporativo
FAC-2026-13653,Banorte,Banca & Fintech,05 - Mayo,2026-05-08,30,2026-06-07,21963.32,59,31-60 días,Riesgo Moderado,Cliente Corporativo
FAC-2026-13654,Banorte,Banca & Fintech,05 - Mayo,2026-05-09,15,2026-05-24,11720.14,23,1-30 días,Atraso Preventivo,Cliente Corporativo
FAC-2026-13655,Cemex,Industrial,05 - Mayo,2026-05-03,15,2026-05-18,30516.66,0,Al Día,Al Día / OK,Cliente Corporativo
FAC-2026-13656,Cemex,Industrial,05 - Mayo,2026-05-14,30,2026-06-13,6359.45,7,1-30 días,Atraso Preventivo,Cliente Corporativo
FAC-2026-13657,Cemex,Industrial,05 - Mayo,2026-05-16,15,2026-05-31,22435.87,34,31-60 días,Riesgo Moderado,Cliente Corporativo
FAC-2026-13658,Cemex,Industrial,05 - Mayo,2026-05-17,60,2026-07-16,11451.63,78,61-90 días,Riesgo Alto,Cliente Corporativo
FAC-2026-13659,Cemex,Industrial,05 - Mayo,2026-05-02,45,2026-06-16,32864.61,108,+90 días (Crítico),En Mora / Crítico,Cliente Corporativo
FAC-2026-13660,Cemex,Industrial,05 - Mayo,2026-05-16,30,2026-06-15,9893.87,42,31-60 días,Riesgo Moderado,Cliente Corporativo
FAC-2026-13661,Cemex,Industrial,05 - Mayo,2026-05-12,45,2026-06-26,55709.92,0,Al Día,Al Día / OK,Cliente Corporativo
FAC-2026-13662,Cemex,Industrial,05 - Mayo,2026-05-03,60,2026-07-02,4713.19,0,Al Día,Al Día / OK,Cliente Corporativo
FAC-2026-13663,Cemex,Industrial,05 - Mayo,2026-05-22,15,2026-06-06,1278.9,0,Al Día,Al Día / OK,Cliente Corporativo
FAC-2026-13664,Cemex,Industrial,05 - Mayo,2026-05-15,45,2026-06-29,3308.56,27,1-30 días,Atraso Preventivo,Cliente Corporativo
FAC-2026-13665,Cemex,Industrial,05 - Mayo,2026-05-31,45,2026-07-15,27590.64,30,1-30 días,Atraso Preventivo,Cliente Corporativo
FAC-2026-13666,Cemex,Industrial,05 - Mayo,2026-05-18,60,2026-07-17,26332.17,26,1-30 días,Atraso Preventivo,Cliente Corporativo
FAC-2026-13667,Cemex,Industrial,05 - Mayo,2026-05-03,45,2026-06-17,15891.98,0,Al Día,Al Día / OK,Cliente Corporativo
FAC-2026-13668,Cemex,Industrial,05 - Mayo,2026-05-01,15,2026-05-16,5648.79,0,Al Día,Al Día / OK,Cliente Corporativo
FAC-2026-13669,Cemex,Industrial,05 - Mayo,2026-05-16,30,2026-06-15,11451.85,0,Al Día,Al Día / OK,Cliente Corporativo
FAC-2026-13670,Grupo Bimbo,Industrial,05 - Mayo,2026-05-28,60,2026-07-27,6594.15,0,Al Día,Al Día / OK,Cliente Corporativo
FAC-2026-13671,Grupo Bimbo,Industrial,05 - Mayo,2026-05-14,30,2026-06-13,11566.76,7,1-30 días,Atraso Preventivo,Cliente Corporativo
FAC-2026-13672,Grupo Bimbo,Industrial,05 - Mayo,2026-05-20,30,2026-06-19,9238.19,42,31-60 días,Riesgo Moderado,Cliente Corporativo
FAC-2026-13673,Grupo Bimbo,Industrial,05 - Mayo,2026-05-27,15,2026-06-11,16364.81,70,61-90 días,Riesgo Alto,Cliente Corporativo
FAC-2026-13674,Grupo Bimbo,Industrial,05 - Mayo,2026-05-19,30,2026-06-18,8386.93,143,+90 días (Crítico),En Mora / Crítico,Cliente Corporativo
FAC-2026-13675,Grupo Bimbo,Industrial,05 - Mayo,2026-05-04,15,2026-05-19,1398.44,32,31-60 días,Riesgo Moderado,Cliente Corporativo
FAC-2026-13676,Grupo Bimbo,Industrial,05 - Mayo,2026-05-12,30,2026-06-11,19298.53,26,1-30 días,Atraso Preventivo,Cliente Corporativo
FAC-2026-13677,Grupo Bimbo,Industrial,05 - Mayo,2026-05-23,45,2026-07-07,8216.58,27,1-30 días,Atraso Preventivo,Cliente Corporativo
FAC-2026-13678,Grupo Bimbo,Industrial,05 - Mayo,2026-05-13,60,2026-07-12,12045.19,0,Al Día,Al Día / OK,Cliente Corporativo
FAC-2026-13679,Grupo Bimbo,Industrial,05 - Mayo,2026-05-18,15,2026-06-02,34137.79,0,Al Día,Al Día / OK,Cliente Corporativo
FAC-2026-13680,Grupo Bimbo,Industrial,05 - Mayo,2026-05-05,30,2026-06-04,16862.48,0,Al Día,Al Día / OK,Cliente Corporativo
FAC-2026-13681,Grupo Bimbo,Industrial,05 - Mayo,2026-05-07,15,2026-05-22,3493.44,0,Al Día,Al Día / OK,Cliente Corporativo
FAC-2026-13682,Grupo Bimbo,Industrial,05 - Mayo,2026-05-04,30,2026-06-03,3071.89,0,Al Día,Al Día / OK,Cliente Corporativo
FAC-2026-13683,Grupo Bimbo,Industrial,05 - Mayo,2026-05-17,15,2026-06-01,47955.92,0,Al Día,Al Día / OK,Cliente Corporativo
FAC-2026-13684,Grupo Bimbo,Industrial,05 - Mayo,2026-05-11,45,2026-06-25,6778.63,25,1-30 días,Atraso Preventivo,Cliente Corporativo
FAC-2026-13685,Grupo Bimbo,Industrial,05 - Mayo,2026-05-21,30,2026-06-20,11839.15,0,Al Día,Al Día / OK,Cliente Corporativo
FAC-2026-13686,Grupo Bimbo,Industrial,05 - Mayo,2026-05-06,30,2026-06-05,17449.57,0,Al Día,Al Día / OK,Cliente Corporativo
FAC-2026-13687,Ternium,Industrial,05 - Mayo,2026-05-29,60,2026-07-28,19943.79,0,Al Día,Al Día / OK,Cliente Corporativo
FAC-2026-13688,Ternium,Industrial,05 - Mayo,2026-05-29,15,2026-06-13,27918.19,24,1-30 días,Atraso Preventivo,Cliente Corporativo
FAC-2026-13689,Ternium,Industrial,05 - Mayo,2026-05-13,30,2026-06-12,28715.93,47,31-60 días,Riesgo Moderado,Cliente Corporativo
FAC-2026-13690,Ternium,Industrial,05 - Mayo,2026-05-22,60,2026-07-21,10388.47,75,61-90 días,Riesgo Alto,Cliente Corporativo
FAC-2026-13691,Ternium,Industrial,05 - Mayo,2026-05-16,60,2026-07-15,3165.75,127,+90 días (Crítico),En Mora / Crítico,Cliente Corporativo
FAC-2026-13692,Ternium,Industrial,05 - Mayo,2026-05-19,15,2026-06-03,11763.07,0,Al Día,Al Día / OK,Cliente Corporativo
FAC-2026-13693,Ternium,Industrial,05 - Mayo,2026-05-30,60,2026-07-29,10926.88,43,31-60 días,Riesgo Moderado,Cliente Corporativo
FAC-2026-13694,Ternium,Industrial,05 - Mayo,2026-05-24,45,2026-07-08,32714.21,0,Al Día,Al Día / OK,Cliente Corporativo
FAC-2026-13695,Ternium,Industrial,05 - Mayo,2026-05-10,60,2026-07-09,14501.04,0,Al Día,Al Día / OK,Cliente Corporativo
FAC-2026-13696,Ternium,Industrial,05 - Mayo,2026-05-20,60,2026-07-19,5917.44,24,1-30 días,Atraso Preventivo,Cliente Corporativo
FAC-2026-13697,Ternium,Industrial,05 - Mayo,2026-05-12,30,2026-06-11,6085.44,5,1-30 días,Atraso Preventivo,Cliente Corporativo
FAC-2026-13698,Ternium,Industrial,05 - Mayo,2026-05-28,60,2026-07-27,7096.03,13,1-30 días,Atraso Preventivo,Cliente Corporativo
FAC-2026-13699,Ternium,Industrial,05 - Mayo,2026-05-31,15,2026-06-15,22071.87,17,1-30 días,Atraso Preventivo,Cliente Corporativo
FAC-2026-13700,Ternium,Industrial,05 - Mayo,2026-05-16,30,2026-06-15,33090.72,56,31-60 días,Riesgo Moderado,Cliente Corporativo
FAC-2026-13701,Ternium,Industrial,05 - Mayo,2026-05-28,15,2026-06-12,23050.34,58,31-60 días,Riesgo Moderado,Cliente Corporativo
FAC-2026-13702,Ternium,Industrial,05 - Mayo,2026-05-20,60,2026-07-19,28747.62,11,1-30 días,Atraso Preventivo,Cliente Corporativo
FAC-2026-13703,Ternium,Industrial,05 - Mayo,2026-05-13,60,2026-07-12,10937.3,0,Al Día,Al Día / OK,Cliente Corporativo
FAC-2026-13704,Ternium,Industrial,05 - Mayo,2026-05-15,30,2026-06-14,15263.98,0,Al Día,Al Día / OK,Cliente Corporativo
FAC-2026-13705,Arcor,Industrial,05 - Mayo,2026-05-04,45,2026-06-18,19512.44,0,Al Día,Al Día / OK,Cliente Corporativo
FAC-2026-13706,Arcor,Industrial,05 - Mayo,2026-05-27,30,2026-06-26,47401.16,17,1-30 días,Atraso Preventivo,Cliente Corporativo
FAC-2026-13707,Arcor,Industrial,05 - Mayo,2026-05-26,15,2026-06-10,7062.91,59,31-60 días,Riesgo Moderado,Cliente Corporativo
FAC-2026-13708,Arcor,Industrial,05 - Mayo,2026-05-18,15,2026-06-02,3850.47,76,61-90 días,Riesgo Alto,Cliente Corporativo
FAC-2026-13709,Arcor,Industrial,05 - Mayo,2026-05-09,60,2026-07-08,2377.05,120,+90 días (Crítico),En Mora / Crítico,Cliente Corporativo
FAC-2026-13710,Arcor,Industrial,05 - Mayo,2026-05-18,30,2026-06-17,22692.0,0,Al Día,Al Día / OK,Cliente Corporativo
FAC-2026-13711,Arcor,Industrial,05 - Mayo,2026-05-17,45,2026-07-01,14191.06,0,Al Día,Al Día / OK,Cliente Corporativo
FAC-2026-13712,Arcor,Industrial,05 - Mayo,2026-05-15,30,2026-06-14,3282.68,0,Al Día,Al Día / OK,Cliente Corporativo
FAC-2026-13713,Arcor,Industrial,05 - Mayo,2026-05-22,15,2026-06-06,13777.14,0,Al Día,Al Día / OK,Cliente Corporativo
FAC-2026-13714,Arcor,Industrial,05 - Mayo,2026-05-23,45,2026-07-07,49359.93,0,Al Día,Al Día / OK,Cliente Corporativo
FAC-2026-13715,Arcor,Industrial,05 - Mayo,2026-05-23,45,2026-07-07,4643.27,0,Al Día,Al Día / OK,Cliente Corporativo
FAC-2026-13716,Arcor,Industrial,05 - Mayo,2026-05-03,45,2026-06-17,23439.82,59,31-60 días,Riesgo Moderado,Cliente Corporativo
FAC-2026-13717,Arcor,Industrial,05 - Mayo,2026-05-17,30,2026-06-16,13939.11,17,1-30 días,Atraso Preventivo,Cliente Corporativo
FAC-2026-13718,Alpek,Industrial,05 - Mayo,2026-05-31,30,2026-06-30,21446.86,0,Al Día,Al Día / OK,Cliente Corporativo
FAC-2026-13719,Alpek,Industrial,05 - Mayo,2026-05-18,30,2026-06-17,6155.1,12,1-30 días,Atraso Preventivo,Cliente Corporativo
FAC-2026-13720,Alpek,Industrial,05 - Mayo,2026-05-24,45,2026-07-08,20237.33,46,31-60 días,Riesgo Moderado,Cliente Corporativo
FAC-2026-13721,Alpek,Industrial,05 - Mayo,2026-05-12,30,2026-06-11,3534.44,80,61-90 días,Riesgo Alto,Cliente Corporativo
FAC-2026-13722,Alpek,Industrial,05 - Mayo,2026-05-13,30,2026-06-12,32008.12,141,+90 días (Crítico),En Mora / Crítico,Cliente Corporativo
FAC-2026-13723,Alpek,Industrial,05 - Mayo,2026-05-12,30,2026-06-11,25697.55,0,Al Día,Al Día / OK,Cliente Corporativo
FAC-2026-13724,Alpek,Industrial,05 - Mayo,2026-05-23,30,2026-06-22,3135.9,0,Al Día,Al Día / OK,Cliente Corporativo
FAC-2026-13725,Alpek,Industrial,05 - Mayo,2026-05-26,45,2026-07-10,7661.25,0,Al Día,Al Día / OK,Cliente Corporativo
FAC-2026-13726,Alpek,Industrial,05 - Mayo,2026-05-25,60,2026-07-24,3537.17,0,Al Día,Al Día / OK,Cliente Corporativo
FAC-2026-13727,Alpek,Industrial,05 - Mayo,2026-05-26,15,2026-06-10,24381.25,27,1-30 días,Atraso Preventivo,Cliente Corporativo
FAC-2026-13728,Alpek,Industrial,05 - Mayo,2026-05-13,60,2026-07-12,14584.23,27,1-30 días,Atraso Preventivo,Cliente Corporativo
FAC-2026-13729,Alpek,Industrial,05 - Mayo,2026-05-05,30,2026-06-04,13332.57,0,Al Día,Al Día / OK,Cliente Corporativo
FAC-2026-13730,Alpek,Industrial,05 - Mayo,2026-05-15,15,2026-05-30,6467.22,0,Al Día,Al Día / OK,Cliente Corporativo
FAC-2026-13731,Alpek,Industrial,05 - Mayo,2026-05-26,45,2026-07-10,30938.9,0,Al Día,Al Día / OK,Cliente Corporativo
FAC-2026-13732,Alpek,Industrial,05 - Mayo,2026-05-29,30,2026-06-28,13513.92,0,Al Día,Al Día / OK,Cliente Corporativo
FAC-2026-13733,Alpek,Industrial,05 - Mayo,2026-05-15,45,2026-06-29,14431.22,30,1-30 días,Atraso Preventivo,Cliente Corporativo
FAC-2026-13734,Grupo México,Industrial,05 - Mayo,2026-05-17,60,2026-07-16,8799.59,0,Al Día,Al Día / OK,Cliente Corporativo
FAC-2026-13735,Grupo México,Industrial,05 - Mayo,2026-05-28,45,2026-07-12,3687.66,7,1-30 días,Atraso Preventivo,Cliente Corporativo
FAC-2026-13736,Grupo México,Industrial,05 - Mayo,2026-05-29,30,2026-06-28,19722.79,60,31-60 días,Riesgo Moderado,Cliente Corporativo
FAC-2026-13737,Grupo México,Industrial,05 - Mayo,2026-05-14,45,2026-06-28,12642.59,88,61-90 días,Riesgo Alto,Cliente Corporativo
FAC-2026-13738,Grupo México,Industrial,05 - Mayo,2026-05-26,45,2026-07-10,21590.19,129,+90 días (Crítico),En Mora / Crítico,Cliente Corporativo
FAC-2026-13739,Grupo México,Industrial,05 - Mayo,2026-05-18,45,2026-07-02,8546.4,0,Al Día,Al Día / OK,Cliente Corporativo
FAC-2026-13740,Grupo México,Industrial,05 - Mayo,2026-05-29,60,2026-07-28,14727.41,0,Al Día,Al Día / OK,Cliente Corporativo
FAC-2026-13741,Grupo México,Industrial,05 - Mayo,2026-05-21,15,2026-06-05,12954.8,0,Al Día,Al Día / OK,Cliente Corporativo
FAC-2026-13742,Grupo México,Industrial,05 - Mayo,2026-05-05,60,2026-07-04,14224.17,15,1-30 días,Atraso Preventivo,Cliente Corporativo
FAC-2026-13743,Grupo México,Industrial,05 - Mayo,2026-05-17,30,2026-06-16,20419.98,0,Al Día,Al Día / OK,Cliente Corporativo
FAC-2026-13744,Grupo México,Industrial,05 - Mayo,2026-05-16,45,2026-06-30,2214.21,41,31-60 días,Riesgo Moderado,Cliente Corporativo
FAC-2026-13745,Grupo México,Industrial,05 - Mayo,2026-05-27,15,2026-06-11,8994.06,39,31-60 días,Riesgo Moderado,Cliente Corporativo
FAC-2026-13746,Grupo México,Industrial,05 - Mayo,2026-05-22,45,2026-07-06,9971.38,0,Al Día,Al Día / OK,Cliente Corporativo
FAC-2026-13747,Grupo México,Industrial,05 - Mayo,2026-05-06,60,2026-07-05,5363.73,0,Al Día,Al Día / OK,Cliente Corporativo
FAC-2026-13748,Grupo México,Industrial,05 - Mayo,2026-05-25,60,2026-07-24,28933.71,0,Al Día,Al Día / OK,Cliente Corporativo
FAC-2026-13749,Gerdau,Industrial,05 - Mayo,2026-05-22,30,2026-06-21,9630.8,0,Al Día,Al Día / OK,Cliente Corporativo
FAC-2026-13750,Gerdau,Industrial,05 - Mayo,2026-05-31,45,2026-07-15,28859.65,12,1-30 días,Atraso Preventivo,Cliente Corporativo
FAC-2026-13751,Gerdau,Industrial,05 - Mayo,2026-05-25,60,2026-07-24,2319.39,54,31-60 días,Riesgo Moderado,Cliente Corporativo
FAC-2026-13752,Gerdau,Industrial,05 - Mayo,2026-05-07,30,2026-06-06,11310.96,73,61-90 días,Riesgo Alto,Cliente Corporativo
FAC-2026-13753,Gerdau,Industrial,05 - Mayo,2026-05-18,60,2026-07-17,11066.22,126,+90 días (Crítico),En Mora / Crítico,Cliente Corporativo
FAC-2026-13754,Gerdau,Industrial,05 - Mayo,2026-05-18,60,2026-07-17,4021.65,53,31-60 días,Riesgo Moderado,Cliente Corporativo
FAC-2026-13755,Gerdau,Industrial,05 - Mayo,2026-05-06,15,2026-05-21,36138.42,0,Al Día,Al Día / OK,Cliente Corporativo
FAC-2026-13756,Gerdau,Industrial,05 - Mayo,2026-05-25,30,2026-06-24,10414.61,30,1-30 días,Atraso Preventivo,Cliente Corporativo
FAC-2026-13757,Gerdau,Industrial,05 - Mayo,2026-05-08,30,2026-06-07,40213.0,0,Al Día,Al Día / OK,Cliente Corporativo
FAC-2026-13758,Gerdau,Industrial,05 - Mayo,2026-05-14,60,2026-07-13,9888.02,0,Al Día,Al Día / OK,Cliente Corporativo
FAC-2026-13759,Gerdau,Industrial,05 - Mayo,2026-05-10,60,2026-07-09,31552.96,22,1-30 días,Atraso Preventivo,Cliente Corporativo
FAC-2026-13760,Gerdau,Industrial,05 - Mayo,2026-05-10,45,2026-06-24,55540.63,19,1-30 días,Atraso Preventivo,Cliente Corporativo
FAC-2026-13761,Gerdau,Industrial,05 - Mayo,2026-05-29,60,2026-07-28,2206.2,0,Al Día,Al Día / OK,Cliente Corporativo
FAC-2026-13762,Gerdau,Industrial,05 - Mayo,2026-05-17,30,2026-06-16,31459.31,0,Al Día,Al Día / OK,Cliente Corporativo
FAC-2026-13763,Gerdau,Industrial,05 - Mayo,2026-05-28,60,2026-07-27,41228.74,0,Al Día,Al Día / OK,Cliente Corporativo
FAC-2026-13764,Gerdau,Industrial,05 - Mayo,2026-05-26,15,2026-06-10,2002.33,0,Al Día,Al Día / OK,Cliente Corporativo
FAC-2026-13765,Gerdau,Industrial,05 - Mayo,2026-05-06,45,2026-06-20,22172.11,21,1-30 días,Atraso Preventivo,Cliente Corporativo
FAC-2026-13766,Gerdau,Industrial,05 - Mayo,2026-05-29,30,2026-06-28,4008.73,0,Al Día,Al Día / OK,Cliente Corporativo
FAC-2026-13767,Gerdau,Industrial,05 - Mayo,2026-05-01,15,2026-05-16,10882.95,48,31-60 días,Riesgo Moderado,Cliente Corporativo
FAC-2026-13768,Gerdau,Industrial,05 - Mayo,2026-05-22,45,2026-07-06,16760.15,0,Al Día,Al Día / OK,Cliente Corporativo
FAC-2026-13769,Arca Continental,Industrial,05 - Mayo,2026-05-08,15,2026-05-23,2839.61,0,Al Día,Al Día / OK,Cliente Corporativo
FAC-2026-13770,Arca Continental,Industrial,05 - Mayo,2026-05-02,30,2026-06-01,23590.36,13,1-30 días,Atraso Preventivo,Cliente Corporativo
FAC-2026-13771,Arca Continental,Industrial,05 - Mayo,2026-05-21,15,2026-06-05,11473.92,57,31-60 días,Riesgo Moderado,Cliente Corporativo
FAC-2026-13772,Arca Continental,Industrial,05 - Mayo,2026-05-26,60,2026-07-25,3152.36,85,61-90 días,Riesgo Alto,Cliente Corporativo
FAC-2026-13773,Arca Continental,Industrial,05 - Mayo,2026-05-30,60,2026-07-29,6747.05,116,+90 días (Crítico),En Mora / Crítico,Cliente Corporativo
FAC-2026-13774,Arca Continental,Industrial,05 - Mayo,2026-05-05,60,2026-07-04,6647.33,50,31-60 días,Riesgo Moderado,Cliente Corporativo
FAC-2026-13775,Arca Continental,Industrial,05 - Mayo,2026-05-07,15,2026-05-22,48354.49,0,Al Día,Al Día / OK,Cliente Corporativo
FAC-2026-13776,Arca Continental,Industrial,05 - Mayo,2026-05-11,45,2026-06-25,3746.69,0,Al Día,Al Día / OK,Cliente Corporativo
FAC-2026-13777,Arca Continental,Industrial,05 - Mayo,2026-05-17,45,2026-07-01,8832.13,0,Al Día,Al Día / OK,Cliente Corporativo
FAC-2026-13778,Arca Continental,Industrial,05 - Mayo,2026-05-15,30,2026-06-14,104234.14,8,1-30 días,Atraso Preventivo,Cliente Corporativo
FAC-2026-13779,Arca Continental,Industrial,05 - Mayo,2026-05-23,15,2026-06-07,1488.38,8,1-30 días,Atraso Preventivo,Cliente Corporativo
FAC-2026-13780,Arca Continental,Industrial,05 - Mayo,2026-05-28,30,2026-06-27,5355.41,15,1-30 días,Atraso Preventivo,Cliente Corporativo
FAC-2026-13781,Arca Continental,Industrial,05 - Mayo,2026-05-01,15,2026-05-16,22598.03,0,Al Día,Al Día / OK,Cliente Corporativo
FAC-2026-13782,Arca Continental,Industrial,05 - Mayo,2026-05-29,15,2026-06-13,3523.13,0,Al Día,Al Día / OK,Cliente Corporativo
FAC-2026-13783,Arca Continental,Industrial,05 - Mayo,2026-05-29,60,2026-07-28,16481.56,0,Al Día,Al Día / OK,Cliente Corporativo
FAC-2026-13784,Arca Continental,Industrial,05 - Mayo,2026-05-18,15,2026-06-02,5049.29,0,Al Día,Al Día / OK,Cliente Corporativo
FAC-2026-13785,Arca Continental,Industrial,05 - Mayo,2026-05-31,45,2026-07-15,3174.13,0,Al Día,Al Día / OK,Cliente Corporativo
FAC-2026-13786,Arca Continental,Industrial,05 - Mayo,2026-05-02,45,2026-06-16,7795.15,0,Al Día,Al Día / OK,Cliente Corporativo
FAC-2026-13787,Arca Continental,Industrial,05 - Mayo,2026-05-21,30,2026-06-20,23393.76,0,Al Día,Al Día / OK,Cliente Corporativo
FAC-2026-13788,Arca Continental,Industrial,05 - Mayo,2026-05-18,60,2026-07-17,48845.93,28,1-30 días,Atraso Preventivo,Cliente Corporativo
FAC-2026-13789,Mapfre,Seguros,05 - Mayo,2026-05-31,45,2026-07-15,24916.0,0,Al Día,Al Día / OK,Cliente Corporativo
FAC-2026-13790,Mapfre,Seguros,05 - Mayo,2026-05-17,15,2026-06-01,68629.15,10,1-30 días,Atraso Preventivo,Cliente Corporativo
FAC-2026-13791,Mapfre,Seguros,05 - Mayo,2026-05-01,60,2026-06-30,4333.0,47,31-60 días,Riesgo Moderado,Cliente Corporativo
FAC-2026-13792,Mapfre,Seguros,05 - Mayo,2026-05-15,30,2026-06-14,5976.77,67,61-90 días,Riesgo Alto,Cliente Corporativo
FAC-2026-13793,Mapfre,Seguros,05 - Mayo,2026-05-17,60,2026-07-16,10474.83,135,+90 días (Crítico),En Mora / Crítico,Cliente Corporativo
FAC-2026-13794,Mapfre,Seguros,05 - Mayo,2026-05-01,15,2026-05-16,13963.11,0,Al Día,Al Día / OK,Cliente Corporativo
FAC-2026-13795,Mapfre,Seguros,05 - Mayo,2026-05-18,30,2026-06-17,53166.07,36,31-60 días,Riesgo Moderado,Cliente Corporativo
FAC-2026-13796,Mapfre,Seguros,05 - Mayo,2026-05-04,15,2026-05-19,31727.15,0,Al Día,Al Día / OK,Cliente Corporativo
FAC-2026-13797,Mapfre,Seguros,05 - Mayo,2026-05-11,45,2026-06-25,19294.68,29,1-30 días,Atraso Preventivo,Cliente Corporativo
FAC-2026-13798,Mapfre,Seguros,05 - Mayo,2026-05-17,30,2026-06-16,1385.16,0,Al Día,Al Día / OK,Cliente Corporativo
FAC-2026-13799,Mapfre,Seguros,05 - Mayo,2026-05-17,45,2026-07-01,3304.79,0,Al Día,Al Día / OK,Cliente Corporativo
FAC-2026-13800,Mapfre,Seguros,05 - Mayo,2026-05-14,30,2026-06-13,79091.05,0,Al Día,Al Día / OK,Cliente Corporativo
FAC-2026-13801,Mapfre,Seguros,05 - Mayo,2026-05-10,30,2026-06-09,15396.51,0,Al Día,Al Día / OK,Cliente Corporativo
FAC-2026-13802,Mapfre,Seguros,05 - Mayo,2026-05-26,30,2026-06-25,16043.89,17,1-30 días,Atraso Preventivo,Cliente Corporativo
FAC-2026-13803,Mapfre,Seguros,05 - Mayo,2026-05-20,60,2026-07-19,2990.51,29,1-30 días,Atraso Preventivo,Cliente Corporativo
FAC-2026-13804,Mapfre,Seguros,05 - Mayo,2026-05-12,15,2026-05-27,11313.61,20,1-30 días,Atraso Preventivo,Cliente Corporativo
FAC-2026-13805,Mapfre,Seguros,05 - Mayo,2026-05-12,15,2026-05-27,21166.93,47,31-60 días,Riesgo Moderado,Cliente Corporativo
FAC-2026-13806,Seguros SURA,Seguros,05 - Mayo,2026-05-19,45,2026-07-03,15663.43,0,Al Día,Al Día / OK,Cliente Corporativo
FAC-2026-13807,Seguros SURA,Seguros,05 - Mayo,2026-05-01,60,2026-06-30,2625.49,19,1-30 días,Atraso Preventivo,Cliente Corporativo
FAC-2026-13808,Seguros SURA,Seguros,05 - Mayo,2026-05-02,30,2026-06-01,9542.45,59,31-60 días,Riesgo Moderado,Cliente Corporativo
FAC-2026-13809,Seguros SURA,Seguros,05 - Mayo,2026-05-17,60,2026-07-16,6707.68,90,61-90 días,Riesgo Alto,Cliente Corporativo
FAC-2026-13810,Seguros SURA,Seguros,05 - Mayo,2026-05-14,60,2026-07-13,15302.09,94,+90 días (Crítico),En Mora / Crítico,Cliente Corporativo
FAC-2026-13811,Seguros SURA,Seguros,05 - Mayo,2026-05-19,45,2026-07-03,1751.83,0,Al Día,Al Día / OK,Cliente Corporativo
FAC-2026-13812,Seguros SURA,Seguros,05 - Mayo,2026-05-20,30,2026-06-19,5080.48,136,+90 días (Crítico),En Mora / Crítico,Cliente Corporativo
FAC-2026-13813,Seguros SURA,Seguros,05 - Mayo,2026-05-16,60,2026-07-15,14245.23,0,Al Día,Al Día / OK,Cliente Corporativo
FAC-2026-13814,Seguros SURA,Seguros,05 - Mayo,2026-05-08,15,2026-05-23,26636.57,0,Al Día,Al Día / OK,Cliente Corporativo
FAC-2026-13815,Seguros SURA,Seguros,05 - Mayo,2026-05-04,15,2026-05-19,17101.56,66,61-90 días,Riesgo Alto,Cliente Corporativo
FAC-2026-13816,Seguros SURA,Seguros,05 - Mayo,2026-05-16,45,2026-06-30,30713.78,0,Al Día,Al Día / OK,Cliente Corporativo
FAC-2026-13817,Seguros SURA,Seguros,05 - Mayo,2026-05-15,30,2026-06-14,6219.24,0,Al Día,Al Día / OK,Cliente Corporativo
FAC-2026-13818,Seguros SURA,Seguros,05 - Mayo,2026-05-22,45,2026-07-06,29033.02,0,Al Día,Al Día / OK,Cliente Corporativo
FAC-2026-13819,Seguros SURA,Seguros,05 - Mayo,2026-05-30,30,2026-06-29,14913.4,164,+90 días (Crítico),En Mora / Crítico,Cliente Corporativo
FAC-2026-13820,Seguros SURA,Seguros,05 - Mayo,2026-05-26,45,2026-07-10,34602.11,5,1-30 días,Atraso Preventivo,Cliente Corporativo
FAC-2026-13821,Seguros SURA,Seguros,05 - Mayo,2026-05-13,15,2026-05-28,18424.84,0,Al Día,Al Día / OK,Cliente Corporativo
FAC-2026-13822,Seguros SURA,Seguros,05 - Mayo,2026-05-17,30,2026-06-16,14666.29,0,Al Día,Al Día / OK,Cliente Corporativo
FAC-2026-13823,GNP Seguros,Seguros,05 - Mayo,2026-05-31,60,2026-07-30,17238.54,0,Al Día,Al Día / OK,Cliente Corporativo
FAC-2026-13824,GNP Seguros,Seguros,05 - Mayo,2026-05-15,45,2026-06-29,7535.68,10,1-30 días,Atraso Preventivo,Cliente Corporativo
FAC-2026-13825,GNP Seguros,Seguros,05 - Mayo,2026-05-31,60,2026-07-30,13644.86,46,31-60 días,Riesgo Moderado,Cliente Corporativo
FAC-2026-13826,GNP Seguros,Seguros,05 - Mayo,2026-05-13,30,2026-06-12,14762.39,80,61-90 días,Riesgo Alto,Cliente Corporativo
FAC-2026-13827,GNP Seguros,Seguros,05 - Mayo,2026-05-13,60,2026-07-12,14794.26,130,+90 días (Crítico),En Mora / Crítico,Cliente Corporativo
FAC-2026-13828,GNP Seguros,Seguros,05 - Mayo,2026-05-06,30,2026-06-05,1468.94,5,1-30 días,Atraso Preventivo,Cliente Corporativo
FAC-2026-13829,GNP Seguros,Seguros,05 - Mayo,2026-05-30,60,2026-07-29,3710.74,84,61-90 días,Riesgo Alto,Cliente Corporativo
FAC-2026-13830,GNP Seguros,Seguros,05 - Mayo,2026-05-04,60,2026-07-03,19035.6,0,Al Día,Al Día / OK,Cliente Corporativo
FAC-2026-13831,GNP Seguros,Seguros,05 - Mayo,2026-05-30,30,2026-06-29,12769.66,157,+90 días (Crítico),En Mora / Crítico,Cliente Corporativo
FAC-2026-13832,GNP Seguros,Seguros,05 - Mayo,2026-05-26,60,2026-07-25,6165.11,0,Al Día,Al Día / OK,Cliente Corporativo
FAC-2026-13833,GNP Seguros,Seguros,05 - Mayo,2026-05-27,15,2026-06-11,3882.25,47,31-60 días,Riesgo Moderado,Cliente Corporativo
FAC-2026-13834,GNP Seguros,Seguros,05 - Mayo,2026-05-20,30,2026-06-19,4547.94,8,1-30 días,Atraso Preventivo,Cliente Corporativo
FAC-2026-13835,GNP Seguros,Seguros,05 - Mayo,2026-05-07,30,2026-06-06,58455.59,27,1-30 días,Atraso Preventivo,Cliente Corporativo
FAC-2026-13836,GNP Seguros,Seguros,05 - Mayo,2026-05-20,60,2026-07-19,19816.89,0,Al Día,Al Día / OK,Cliente Corporativo
FAC-2026-13837,GNP Seguros,Seguros,05 - Mayo,2026-05-27,15,2026-06-11,11767.85,0,Al Día,Al Día / OK,Cliente Corporativo
FAC-2026-13838,MetLife,Seguros,05 - Mayo,2026-05-25,45,2026-07-09,26910.58,0,Al Día,Al Día / OK,Cliente Corporativo
FAC-2026-13839,MetLife,Seguros,05 - Mayo,2026-05-21,60,2026-07-20,2610.08,17,1-30 días,Atraso Preventivo,Cliente Corporativo
FAC-2026-13840,MetLife,Seguros,05 - Mayo,2026-05-04,45,2026-06-18,28749.14,58,31-60 días,Riesgo Moderado,Cliente Corporativo
FAC-2026-13841,MetLife,Seguros,05 - Mayo,2026-05-11,60,2026-07-10,60440.7,71,61-90 días,Riesgo Alto,Cliente Corporativo
FAC-2026-13842,MetLife,Seguros,05 - Mayo,2026-05-13,15,2026-05-28,9726.86,134,+90 días (Crítico),En Mora / Crítico,Cliente Corporativo
FAC-2026-13843,MetLife,Seguros,05 - Mayo,2026-05-19,45,2026-07-03,5846.57,26,1-30 días,Atraso Preventivo,Cliente Corporativo
FAC-2026-13844,MetLife,Seguros,05 - Mayo,2026-05-24,30,2026-06-23,36154.59,0,Al Día,Al Día / OK,Cliente Corporativo
FAC-2026-13845,MetLife,Seguros,05 - Mayo,2026-05-11,60,2026-07-10,45557.46,60,31-60 días,Riesgo Moderado,Cliente Corporativo
FAC-2026-13846,MetLife,Seguros,05 - Mayo,2026-05-12,45,2026-06-26,16269.64,46,31-60 días,Riesgo Moderado,Cliente Corporativo
FAC-2026-13847,MetLife,Seguros,05 - Mayo,2026-05-23,30,2026-06-22,5926.56,10,1-30 días,Atraso Preventivo,Cliente Corporativo
FAC-2026-13848,MetLife,Seguros,05 - Mayo,2026-05-25,30,2026-06-24,38047.88,103,+90 días (Crítico),En Mora / Crítico,Cliente Corporativo
FAC-2026-13849,MetLife,Seguros,05 - Mayo,2026-05-17,30,2026-06-16,12488.13,0,Al Día,Al Día / OK,Cliente Corporativo
FAC-2026-13850,MetLife,Seguros,05 - Mayo,2026-05-24,30,2026-06-23,31630.02,21,1-30 días,Atraso Preventivo,Cliente Corporativo
FAC-2026-13851,MetLife,Seguros,05 - Mayo,2026-05-24,45,2026-07-08,9784.3,0,Al Día,Al Día / OK,Cliente Corporativo
FAC-2026-13852,MetLife,Seguros,05 - Mayo,2026-05-05,60,2026-07-04,23136.62,0,Al Día,Al Día / OK,Cliente Corporativo
FAC-2026-13853,Chubb Seguros,Seguros,05 - Mayo,2026-05-10,30,2026-06-09,41110.2,0,Al Día,Al Día / OK,Cliente Corporativo
FAC-2026-13854,Chubb Seguros,Seguros,05 - Mayo,2026-05-12,60,2026-07-11,6345.54,5,1-30 días,Atraso Preventivo,Cliente Corporativo
FAC-2026-13855,Chubb Seguros,Seguros,05 - Mayo,2026-05-30,60,2026-07-29,29502.92,50,31-60 días,Riesgo Moderado,Cliente Corporativo
FAC-2026-13856,Chubb Seguros,Seguros,05 - Mayo,2026-05-08,45,2026-06-22,7843.61,73,61-90 días,Riesgo Alto,Cliente Corporativo
FAC-2026-13857,Chubb Seguros,Seguros,05 - Mayo,2026-05-08,15,2026-05-23,19926.34,172,+90 días (Crítico),En Mora / Crítico,Cliente Corporativo
FAC-2026-13858,Chubb Seguros,Seguros,05 - Mayo,2026-05-16,30,2026-06-15,34747.97,6,1-30 días,Atraso Preventivo,Cliente Corporativo
FAC-2026-13859,Chubb Seguros,Seguros,05 - Mayo,2026-05-22,15,2026-06-06,23172.23,0,Al Día,Al Día / OK,Cliente Corporativo
FAC-2026-13860,Chubb Seguros,Seguros,05 - Mayo,2026-05-31,30,2026-06-30,4291.86,0,Al Día,Al Día / OK,Cliente Corporativo
FAC-2026-13861,Chubb Seguros,Seguros,05 - Mayo,2026-05-27,45,2026-07-11,12060.0,25,1-30 días,Atraso Preventivo,Cliente Corporativo
FAC-2026-13862,Chubb Seguros,Seguros,05 - Mayo,2026-05-31,60,2026-07-30,6565.0,0,Al Día,Al Día / OK,Cliente Corporativo
FAC-2026-13863,Chubb Seguros,Seguros,05 - Mayo,2026-05-10,15,2026-05-25,8162.17,0,Al Día,Al Día / OK,Cliente Corporativo
FAC-2026-13864,Chubb Seguros,Seguros,05 - Mayo,2026-05-31,15,2026-06-15,11352.34,15,1-30 días,Atraso Preventivo,Cliente Corporativo
FAC-2026-13865,Chubb Seguros,Seguros,05 - Mayo,2026-05-02,30,2026-06-01,22590.45,0,Al Día,Al Día / OK,Cliente Corporativo
FAC-2026-13866,Chubb Seguros,Seguros,05 - Mayo,2026-05-21,15,2026-06-05,1267.54,27,1-30 días,Atraso Preventivo,Cliente Corporativo
FAC-2026-13867,Chubb Seguros,Seguros,05 - Mayo,2026-05-20,45,2026-07-04,10148.39,0,Al Día,Al Día / OK,Cliente Corporativo
FAC-2026-13868,AXA,Seguros,05 - Mayo,2026-05-28,45,2026-07-12,6660.48,0,Al Día,Al Día / OK,Cliente Corporativo
FAC-2026-13869,AXA,Seguros,05 - Mayo,2026-05-05,15,2026-05-20,1808.54,11,1-30 días,Atraso Preventivo,Cliente Corporativo
FAC-2026-13870,AXA,Seguros,05 - Mayo,2026-05-07,15,2026-05-22,4205.88,41,31-60 días,Riesgo Moderado,Cliente Corporativo
FAC-2026-13871,AXA,Seguros,05 - Mayo,2026-05-02,15,2026-05-17,62302.22,82,61-90 días,Riesgo Alto,Cliente Corporativo
FAC-2026-13872,AXA,Seguros,05 - Mayo,2026-05-08,30,2026-06-07,70187.92,146,+90 días (Crítico),En Mora / Crítico,Cliente Corporativo
FAC-2026-13873,AXA,Seguros,05 - Mayo,2026-05-30,30,2026-06-29,20319.64,0,Al Día,Al Día / OK,Cliente Corporativo
FAC-2026-13874,AXA,Seguros,05 - Mayo,2026-05-07,45,2026-06-21,27944.44,0,Al Día,Al Día / OK,Cliente Corporativo
FAC-2026-13875,AXA,Seguros,05 - Mayo,2026-05-03,60,2026-07-02,43452.12,75,61-90 días,Riesgo Alto,Cliente Corporativo
FAC-2026-13876,AXA,Seguros,05 - Mayo,2026-05-20,15,2026-06-04,59065.39,17,1-30 días,Atraso Preventivo,Cliente Corporativo
FAC-2026-13877,AXA,Seguros,05 - Mayo,2026-05-22,30,2026-06-21,38512.57,48,31-60 días,Riesgo Moderado,Cliente Corporativo
FAC-2026-13878,AXA,Seguros,05 - Mayo,2026-05-01,45,2026-06-15,6723.42,0,Al Día,Al Día / OK,Cliente Corporativo
FAC-2026-13879,AXA,Seguros,05 - Mayo,2026-05-13,30,2026-06-12,10401.44,36,31-60 días,Riesgo Moderado,Cliente Corporativo
FAC-2026-13880,AXA,Seguros,05 - Mayo,2026-05-18,60,2026-07-17,7530.62,59,31-60 días,Riesgo Moderado,Cliente Corporativo
FAC-2026-13881,AXA,Seguros,05 - Mayo,2026-05-06,45,2026-06-20,16190.54,6,1-30 días,Atraso Preventivo,Cliente Corporativo
FAC-2026-13882,Seguros Bolívar,Seguros,05 - Mayo,2026-05-11,30,2026-06-10,7420.07,0,Al Día,Al Día / OK,Cliente Corporativo
FAC-2026-13883,Seguros Bolívar,Seguros,05 - Mayo,2026-05-31,15,2026-06-15,24135.88,28,1-30 días,Atraso Preventivo,Cliente Corporativo
FAC-2026-13884,Seguros Bolívar,Seguros,05 - Mayo,2026-05-15,15,2026-05-30,2300.87,57,31-60 días,Riesgo Moderado,Cliente Corporativo
FAC-2026-13885,Seguros Bolívar,Seguros,05 - Mayo,2026-05-27,60,2026-07-26,31970.81,72,61-90 días,Riesgo Alto,Cliente Corporativo
FAC-2026-13886,Seguros Bolívar,Seguros,05 - Mayo,2026-05-23,30,2026-06-22,17129.73,97,+90 días (Crítico),En Mora / Crítico,Cliente Corporativo
FAC-2026-13887,Seguros Bolívar,Seguros,05 - Mayo,2026-05-07,60,2026-07-06,24532.31,18,1-30 días,Atraso Preventivo,Cliente Corporativo
FAC-2026-13888,Seguros Bolívar,Seguros,05 - Mayo,2026-05-11,60,2026-07-10,30947.88,93,+90 días (Crítico),En Mora / Crítico,Cliente Corporativo
FAC-2026-13889,Seguros Bolívar,Seguros,05 - Mayo,2026-05-21,45,2026-07-05,8403.65,0,Al Día,Al Día / OK,Cliente Corporativo
FAC-2026-13890,Seguros Bolívar,Seguros,05 - Mayo,2026-05-07,30,2026-06-06,14030.84,13,1-30 días,Atraso Preventivo,Cliente Corporativo
FAC-2026-13891,Seguros Bolívar,Seguros,05 - Mayo,2026-05-14,45,2026-06-28,5818.38,0,Al Día,Al Día / OK,Cliente Corporativo
FAC-2026-13892,Seguros Bolívar,Seguros,05 - Mayo,2026-05-27,30,2026-06-26,29550.1,26,1-30 días,Atraso Preventivo,Cliente Corporativo
FAC-2026-13893,Seguros Bolívar,Seguros,05 - Mayo,2026-05-02,45,2026-06-16,1781.5,23,1-30 días,Atraso Preventivo,Cliente Corporativo
FAC-2026-13894,Seguros Bolívar,Seguros,05 - Mayo,2026-05-11,60,2026-07-10,16040.13,0,Al Día,Al Día / OK,Cliente Corporativo
FAC-2026-13895,Seguros Bolívar,Seguros,05 - Mayo,2026-05-07,15,2026-05-22,10852.99,135,+90 días (Crítico),En Mora / Crítico,Cliente Corporativo
FAC-2026-13896,Seguros Bolívar,Seguros,05 - Mayo,2026-05-19,45,2026-07-03,46769.7,63,61-90 días,Riesgo Alto,Cliente Corporativo
FAC-2026-13897,Seguros Bolívar,Seguros,05 - Mayo,2026-05-20,60,2026-07-19,1636.56,12,1-30 días,Atraso Preventivo,Cliente Corporativo
FAC-2026-13898,Seguros Bolívar,Seguros,05 - Mayo,2026-05-08,30,2026-06-07,15724.84,11,1-30 días,Atraso Preventivo,Cliente Corporativo
FAC-2026-13899,DHL Supply Chain,Logística,05 - Mayo,2026-05-30,30,2026-06-29,5100.61,0,Al Día,Al Día / OK,Cliente Corporativo
FAC-2026-13900,DHL Supply Chain,Logística,05 - Mayo,2026-05-03,15,2026-05-18,2655.5,23,1-30 días,Atraso Preventivo,Cliente Corporativo
FAC-2026-13901,DHL Supply Chain,Logística,05 - Mayo,2026-05-21,30,2026-06-20,14249.52,51,31-60 días,Riesgo Moderado,Cliente Corporativo
FAC-2026-13902,DHL Supply Chain,Logística,05 - Mayo,2026-05-09,30,2026-06-08,25192.13,66,61-90 días,Riesgo Alto,Cliente Corporativo
FAC-2026-13903,DHL Supply Chain,Logística,05 - Mayo,2026-05-10,45,2026-06-24,16833.79,125,+90 días (Crítico),En Mora / Crítico,Cliente Corporativo
FAC-2026-13904,DHL Supply Chain,Logística,05 - Mayo,2026-05-05,15,2026-05-20,42637.79,0,Al Día,Al Día / OK,Cliente Corporativo
FAC-2026-13905,DHL Supply Chain,Logística,05 - Mayo,2026-05-26,45,2026-07-10,3473.87,0,Al Día,Al Día / OK,Cliente Corporativo
FAC-2026-13906,DHL Supply Chain,Logística,05 - Mayo,2026-05-18,15,2026-06-02,11357.52,0,Al Día,Al Día / OK,Cliente Corporativo
FAC-2026-13907,DHL Supply Chain,Logística,05 - Mayo,2026-05-15,60,2026-07-14,35309.24,0,Al Día,Al Día / OK,Cliente Corporativo
FAC-2026-13908,DHL Supply Chain,Logística,05 - Mayo,2026-05-19,15,2026-06-03,27912.41,174,+90 días (Crítico),En Mora / Crítico,Cliente Corporativo
FAC-2026-13909,DHL Supply Chain,Logística,05 - Mayo,2026-05-04,45,2026-06-18,98906.39,26,1-30 días,Atraso Preventivo,Cliente Corporativo
FAC-2026-13910,DHL Supply Chain,Logística,05 - Mayo,2026-05-13,30,2026-06-12,30356.48,0,Al Día,Al Día / OK,Cliente Corporativo
FAC-2026-13911,DHL Supply Chain,Logística,05 - Mayo,2026-05-14,30,2026-06-13,7613.19,26,1-30 días,Atraso Preventivo,Cliente Corporativo
FAC-2026-13912,DHL Supply Chain,Logística,05 - Mayo,2026-05-21,30,2026-06-20,8521.7,0,Al Día,Al Día / OK,Cliente Corporativo
FAC-2026-13913,DHL Supply Chain,Logística,05 - Mayo,2026-05-18,45,2026-07-02,16783.66,0,Al Día,Al Día / OK,Cliente Corporativo
FAC-2026-13914,FedEx Express,Logística,05 - Mayo,2026-05-19,15,2026-06-03,5208.95,0,Al Día,Al Día / OK,Cliente Corporativo
FAC-2026-13915,FedEx Express,Logística,05 - Mayo,2026-05-30,30,2026-06-29,6590.95,26,1-30 días,Atraso Preventivo,Cliente Corporativo
FAC-2026-13916,FedEx Express,Logística,05 - Mayo,2026-05-10,30,2026-06-09,35258.43,38,31-60 días,Riesgo Moderado,Cliente Corporativo
FAC-2026-13917,FedEx Express,Logística,05 - Mayo,2026-05-06,45,2026-06-20,24525.37,87,61-90 días,Riesgo Alto,Cliente Corporativo
FAC-2026-13918,FedEx Express,Logística,05 - Mayo,2026-05-10,15,2026-05-25,16793.34,155,+90 días (Crítico),En Mora / Crítico,Cliente Corporativo
FAC-2026-13919,FedEx Express,Logística,05 - Mayo,2026-05-05,30,2026-06-04,28013.85,172,+90 días (Crítico),En Mora / Crítico,Cliente Corporativo
FAC-2026-13920,FedEx Express,Logística,05 - Mayo,2026-05-21,15,2026-06-05,4258.06,0,Al Día,Al Día / OK,Cliente Corporativo
FAC-2026-13921,FedEx Express,Logística,05 - Mayo,2026-05-17,60,2026-07-16,6418.27,0,Al Día,Al Día / OK,Cliente Corporativo
FAC-2026-13922,FedEx Express,Logística,05 - Mayo,2026-05-17,60,2026-07-16,3873.58,0,Al Día,Al Día / OK,Cliente Corporativo
FAC-2026-13923,FedEx Express,Logística,05 - Mayo,2026-05-07,30,2026-06-06,8248.86,13,1-30 días,Atraso Preventivo,Cliente Corporativo
FAC-2026-13924,FedEx Express,Logística,05 - Mayo,2026-05-02,45,2026-06-16,4209.7,26,1-30 días,Atraso Preventivo,Cliente Corporativo
FAC-2026-13925,FedEx Express,Logística,05 - Mayo,2026-05-22,30,2026-06-21,6294.98,7,1-30 días,Atraso Preventivo,Cliente Corporativo
FAC-2026-13926,FedEx Express,Logística,05 - Mayo,2026-05-14,15,2026-05-29,36700.3,20,1-30 días,Atraso Preventivo,Cliente Corporativo
FAC-2026-13927,Maersk Logistics,Logística,05 - Mayo,2026-05-05,60,2026-07-04,14397.47,0,Al Día,Al Día / OK,Cliente Corporativo
FAC-2026-13928,Maersk Logistics,Logística,05 - Mayo,2026-05-06,30,2026-06-05,2750.13,10,1-30 días,Atraso Preventivo,Cliente Corporativo
FAC-2026-13929,Maersk Logistics,Logística,05 - Mayo,2026-05-31,30,2026-06-30,72242.45,54,31-60 días,Riesgo Moderado,Cliente Corporativo
FAC-2026-13930,Maersk Logistics,Logística,05 - Mayo,2026-05-26,45,2026-07-10,10344.26,73,61-90 días,Riesgo Alto,Cliente Corporativo
FAC-2026-13931,Maersk Logistics,Logística,05 - Mayo,2026-05-26,45,2026-07-10,12110.52,145,+90 días (Crítico),En Mora / Crítico,Cliente Corporativo
FAC-2026-13932,Maersk Logistics,Logística,05 - Mayo,2026-05-31,60,2026-07-30,15572.68,52,31-60 días,Riesgo Moderado,Cliente Corporativo
FAC-2026-13933,Maersk Logistics,Logística,05 - Mayo,2026-05-26,15,2026-06-10,23739.39,0,Al Día,Al Día / OK,Cliente Corporativo
FAC-2026-13934,Maersk Logistics,Logística,05 - Mayo,2026-05-29,45,2026-07-13,2294.68,24,1-30 días,Atraso Preventivo,Cliente Corporativo
FAC-2026-13935,Maersk Logistics,Logística,05 - Mayo,2026-05-05,45,2026-06-19,6535.45,0,Al Día,Al Día / OK,Cliente Corporativo
FAC-2026-13936,Maersk Logistics,Logística,05 - Mayo,2026-05-22,15,2026-06-06,11950.59,94,+90 días (Crítico),En Mora / Crítico,Cliente Corporativo
FAC-2026-13937,Maersk Logistics,Logística,05 - Mayo,2026-05-05,45,2026-06-19,47605.81,0,Al Día,Al Día / OK,Cliente Corporativo
FAC-2026-13938,Maersk Logistics,Logística,05 - Mayo,2026-05-11,60,2026-07-10,4676.33,0,Al Día,Al Día / OK,Cliente Corporativo
FAC-2026-13939,Maersk Logistics,Logística,05 - Mayo,2026-05-05,60,2026-07-04,1428.11,171,+90 días (Crítico),En Mora / Crítico,Cliente Corporativo
FAC-2026-13940,Maersk Logistics,Logística,05 - Mayo,2026-05-13,15,2026-05-28,5965.32,23,1-30 días,Atraso Preventivo,Cliente Corporativo
FAC-2026-13941,Maersk Logistics,Logística,05 - Mayo,2026-05-31,45,2026-07-15,87226.66,0,Al Día,Al Día / OK,Cliente Corporativo
FAC-2026-13942,Maersk Logistics,Logística,05 - Mayo,2026-05-19,60,2026-07-18,13360.52,18,1-30 días,Atraso Preventivo,Cliente Corporativo
FAC-2026-13943,Maersk Logistics,Logística,05 - Mayo,2026-05-15,30,2026-06-14,8364.38,0,Al Día,Al Día / OK,Cliente Corporativo
FAC-2026-13944,Maersk Logistics,Logística,05 - Mayo,2026-05-30,45,2026-07-14,5123.21,0,Al Día,Al Día / OK,Cliente Corporativo
FAC-2026-13945,Maersk Logistics,Logística,05 - Mayo,2026-05-30,60,2026-07-29,8556.33,20,1-30 días,Atraso Preventivo,Cliente Corporativo
FAC-2026-13946,Maersk Logistics,Logística,05 - Mayo,2026-05-17,60,2026-07-16,18378.14,13,1-30 días,Atraso Preventivo,Cliente Corporativo
FAC-2026-13947,Kuehne+Nagel,Logística,05 - Mayo,2026-05-25,45,2026-07-09,3388.19,0,Al Día,Al Día / OK,Cliente Corporativo
FAC-2026-13948,Kuehne+Nagel,Logística,05 - Mayo,2026-05-22,15,2026-06-06,56882.2,15,1-30 días,Atraso Preventivo,Cliente Corporativo
FAC-2026-13949,Kuehne+Nagel,Logística,05 - Mayo,2026-05-14,30,2026-06-13,13566.35,36,31-60 días,Riesgo Moderado,Cliente Corporativo
FAC-2026-13950,Kuehne+Nagel,Logística,05 - Mayo,2026-05-02,60,2026-07-01,3236.21,64,61-90 días,Riesgo Alto,Cliente Corporativo
FAC-2026-13951,Kuehne+Nagel,Logística,05 - Mayo,2026-05-04,60,2026-07-03,19434.85,104,+90 días (Crítico),En Mora / Crítico,Cliente Corporativo
FAC-2026-13952,Kuehne+Nagel,Logística,05 - Mayo,2026-05-04,15,2026-05-19,1807.26,0,Al Día,Al Día / OK,Cliente Corporativo
FAC-2026-13953,Kuehne+Nagel,Logística,05 - Mayo,2026-05-31,45,2026-07-15,64364.07,0,Al Día,Al Día / OK,Cliente Corporativo
FAC-2026-13954,Kuehne+Nagel,Logística,05 - Mayo,2026-05-25,45,2026-07-09,9652.89,11,1-30 días,Atraso Preventivo,Cliente Corporativo
FAC-2026-13955,Kuehne+Nagel,Logística,05 - Mayo,2026-05-30,60,2026-07-29,7998.13,26,1-30 días,Atraso Preventivo,Cliente Corporativo
FAC-2026-13956,Kuehne+Nagel,Logística,05 - Mayo,2026-05-14,60,2026-07-13,32415.03,0,Al Día,Al Día / OK,Cliente Corporativo
FAC-2026-13957,Kuehne+Nagel,Logística,05 - Mayo,2026-05-12,15,2026-05-27,27144.21,0,Al Día,Al Día / OK,Cliente Corporativo
FAC-2026-13958,Kuehne+Nagel,Logística,05 - Mayo,2026-05-23,60,2026-07-22,2477.41,16,1-30 días,Atraso Preventivo,Cliente Corporativo
FAC-2026-13959,Kuehne+Nagel,Logística,05 - Mayo,2026-05-10,30,2026-06-09,3485.67,21,1-30 días,Atraso Preventivo,Cliente Corporativo
FAC-2026-13960,Mercado Envíos,Logística,05 - Mayo,2026-05-22,30,2026-06-21,2793.68,0,Al Día,Al Día / OK,Cliente Corporativo
FAC-2026-13961,Mercado Envíos,Logística,05 - Mayo,2026-05-21,45,2026-07-05,2167.94,24,1-30 días,Atraso Preventivo,Cliente Corporativo
FAC-2026-13962,Mercado Envíos,Logística,05 - Mayo,2026-05-06,60,2026-07-05,23103.06,44,31-60 días,Riesgo Moderado,Cliente Corporativo
FAC-2026-13963,Mercado Envíos,Logística,05 - Mayo,2026-05-24,15,2026-06-08,47896.64,71,61-90 días,Riesgo Alto,Cliente Corporativo
FAC-2026-13964,Mercado Envíos,Logística,05 - Mayo,2026-05-16,45,2026-06-30,74972.09,92,+90 días (Crítico),En Mora / Crítico,Cliente Corporativo
FAC-2026-13965,Mercado Envíos,Logística,05 - Mayo,2026-05-20,30,2026-06-19,17598.31,94,+90 días (Crítico),En Mora / Crítico,Cliente Corporativo
FAC-2026-13966,Mercado Envíos,Logística,05 - Mayo,2026-05-06,15,2026-05-21,9795.34,0,Al Día,Al Día / OK,Cliente Corporativo
FAC-2026-13967,Mercado Envíos,Logística,05 - Mayo,2026-05-17,45,2026-07-01,18842.11,0,Al Día,Al Día / OK,Cliente Corporativo
FAC-2026-13968,Mercado Envíos,Logística,05 - Mayo,2026-05-10,30,2026-06-09,41133.26,0,Al Día,Al Día / OK,Cliente Corporativo
FAC-2026-13969,Mercado Envíos,Logística,05 - Mayo,2026-05-17,45,2026-07-01,56767.29,23,1-30 días,Atraso Preventivo,Cliente Corporativo
FAC-2026-13970,Mercado Envíos,Logística,05 - Mayo,2026-05-05,60,2026-07-04,7821.66,0,Al Día,Al Día / OK,Cliente Corporativo
FAC-2026-13971,Mercado Envíos,Logística,05 - Mayo,2026-05-15,45,2026-06-29,82673.19,0,Al Día,Al Día / OK,Cliente Corporativo
FAC-2026-13972,Mercado Envíos,Logística,05 - Mayo,2026-05-27,60,2026-07-26,11094.38,0,Al Día,Al Día / OK,Cliente Corporativo
FAC-2026-13973,Mercado Envíos,Logística,05 - Mayo,2026-05-05,15,2026-05-20,32081.74,0,Al Día,Al Día / OK,Cliente Corporativo
FAC-2026-13974,Mercado Envíos,Logística,05 - Mayo,2026-05-07,30,2026-06-06,21948.18,60,31-60 días,Riesgo Moderado,Cliente Corporativo
FAC-2026-13975,Mercado Envíos,Logística,05 - Mayo,2026-05-15,15,2026-05-30,4952.46,0,Al Día,Al Día / OK,Cliente Corporativo
FAC-2026-13976,Estafeta,Logística,05 - Mayo,2026-05-05,45,2026-06-19,57635.55,0,Al Día,Al Día / OK,Cliente Corporativo
FAC-2026-13977,Estafeta,Logística,05 - Mayo,2026-05-25,60,2026-07-24,3919.19,25,1-30 días,Atraso Preventivo,Cliente Corporativo
FAC-2026-13978,Estafeta,Logística,05 - Mayo,2026-05-08,45,2026-06-22,26476.01,38,31-60 días,Riesgo Moderado,Cliente Corporativo
FAC-2026-13979,Estafeta,Logística,05 - Mayo,2026-05-30,45,2026-07-14,40398.42,83,61-90 días,Riesgo Alto,Cliente Corporativo
FAC-2026-13980,Estafeta,Logística,05 - Mayo,2026-05-21,15,2026-06-05,3702.22,142,+90 días (Crítico),En Mora / Crítico,Cliente Corporativo
FAC-2026-13981,Estafeta,Logística,05 - Mayo,2026-05-12,15,2026-05-27,3208.35,0,Al Día,Al Día / OK,Cliente Corporativo
FAC-2026-13982,Estafeta,Logística,05 - Mayo,2026-05-31,60,2026-07-30,29570.64,0,Al Día,Al Día / OK,Cliente Corporativo
FAC-2026-13983,Estafeta,Logística,05 - Mayo,2026-05-31,15,2026-06-15,34858.9,9,1-30 días,Atraso Preventivo,Cliente Corporativo
FAC-2026-13984,Estafeta,Logística,05 - Mayo,2026-05-01,15,2026-05-16,31286.83,48,31-60 días,Riesgo Moderado,Cliente Corporativo
FAC-2026-13985,Estafeta,Logística,05 - Mayo,2026-05-27,60,2026-07-26,2157.1,0,Al Día,Al Día / OK,Cliente Corporativo
FAC-2026-13986,Estafeta,Logística,05 - Mayo,2026-05-18,45,2026-07-02,6442.7,49,31-60 días,Riesgo Moderado,Cliente Corporativo
FAC-2026-13987,Estafeta,Logística,05 - Mayo,2026-05-10,30,2026-06-09,5478.87,0,Al Día,Al Día / OK,Cliente Corporativo
FAC-2026-13988,Estafeta,Logística,05 - Mayo,2026-05-19,30,2026-06-18,12876.69,13,1-30 días,Atraso Preventivo,Cliente Corporativo
FAC-2026-13989,Estafeta,Logística,05 - Mayo,2026-05-26,30,2026-06-25,6426.48,0,Al Día,Al Día / OK,Cliente Corporativo
FAC-2026-13990,Estafeta,Logística,05 - Mayo,2026-05-20,45,2026-07-04,13582.62,0,Al Día,Al Día / OK,Cliente Corporativo
FAC-2026-13991,Estafeta,Logística,05 - Mayo,2026-05-02,60,2026-07-01,7151.96,39,31-60 días,Riesgo Moderado,Cliente Corporativo
FAC-2026-13992,Estafeta,Logística,05 - Mayo,2026-05-08,45,2026-06-22,10293.41,0,Al Día,Al Día / OK,Cliente Corporativo
FAC-2026-13993,Estafeta,Logística,05 - Mayo,2026-05-21,60,2026-07-20,44897.35,0,Al Día,Al Día / OK,Cliente Corporativo
FAC-2026-13994,Pfizer,Salud & Farma,05 - Mayo,2026-05-31,30,2026-06-30,2556.92,0,Al Día,Al Día / OK,Cliente Corporativo
FAC-2026-13995,Pfizer,Salud & Farma,05 - Mayo,2026-05-03,30,2026-06-02,17189.7,5,1-30 días,Atraso Preventivo,Cliente Corporativo
FAC-2026-13996,Pfizer,Salud & Farma,05 - Mayo,2026-05-15,45,2026-06-29,15159.14,32,31-60 días,Riesgo Moderado,Cliente Corporativo
FAC-2026-13997,Pfizer,Salud & Farma,05 - Mayo,2026-05-28,45,2026-07-12,14329.2,66,61-90 días,Riesgo Alto,Cliente Corporativo
FAC-2026-13998,Pfizer,Salud & Farma,05 - Mayo,2026-05-24,15,2026-06-08,29294.98,91,+90 días (Crítico),En Mora / Crítico,Cliente Corporativo
FAC-2026-13999,Pfizer,Salud & Farma,05 - Mayo,2026-05-20,60,2026-07-19,21864.82,0,Al Día,Al Día / OK,Cliente Corporativo
FAC-2026-14000,Pfizer,Salud & Farma,05 - Mayo,2026-05-11,15,2026-05-26,3672.83,16,1-30 días,Atraso Preventivo,Cliente Corporativo
FAC-2026-14001,Pfizer,Salud & Farma,05 - Mayo,2026-05-29,60,2026-07-28,1267.01,21,1-30 días,Atraso Preventivo,Cliente Corporativo
FAC-2026-14002,Pfizer,Salud & Farma,05 - Mayo,2026-05-14,30,2026-06-13,14900.8,0,Al Día,Al Día / OK,Cliente Corporativo
FAC-2026-14003,Pfizer,Salud & Farma,05 - Mayo,2026-05-23,15,2026-06-07,15198.24,0,Al Día,Al Día / OK,Cliente Corporativo
FAC-2026-14004,Pfizer,Salud & Farma,05 - Mayo,2026-05-15,60,2026-07-14,16668.35,0,Al Día,Al Día / OK,Cliente Corporativo
FAC-2026-14005,Pfizer,Salud & Farma,05 - Mayo,2026-05-19,45,2026-07-03,3558.16,0,Al Día,Al Día / OK,Cliente Corporativo
FAC-2026-14006,Pfizer,Salud & Farma,05 - Mayo,2026-05-19,45,2026-07-03,10168.27,0,Al Día,Al Día / OK,Cliente Corporativo
FAC-2026-14007,Pfizer,Salud & Farma,05 - Mayo,2026-05-12,30,2026-06-11,1223.68,0,Al Día,Al Día / OK,Cliente Corporativo
FAC-2026-14008,Pfizer,Salud & Farma,05 - Mayo,2026-05-02,60,2026-07-01,9421.67,22,1-30 días,Atraso Preventivo,Cliente Corporativo
FAC-2026-14009,Pfizer,Salud & Farma,05 - Mayo,2026-05-25,15,2026-06-09,4134.84,0,Al Día,Al Día / OK,Cliente Corporativo
FAC-2026-14010,Genomma Lab,Salud & Farma,05 - Mayo,2026-05-29,60,2026-07-28,19682.88,0,Al Día,Al Día / OK,Cliente Corporativo
FAC-2026-14011,Genomma Lab,Salud & Farma,05 - Mayo,2026-05-01,30,2026-05-31,14506.0,9,1-30 días,Atraso Preventivo,Cliente Corporativo
FAC-2026-14012,Genomma Lab,Salud & Farma,05 - Mayo,2026-05-23,30,2026-06-22,18111.56,60,31-60 días,Riesgo Moderado,Cliente Corporativo
FAC-2026-14013,Genomma Lab,Salud & Farma,05 - Mayo,2026-05-24,45,2026-07-08,2541.44,78,61-90 días,Riesgo Alto,Cliente Corporativo
FAC-2026-14014,Genomma Lab,Salud & Farma,05 - Mayo,2026-05-21,30,2026-06-20,7630.59,137,+90 días (Crítico),En Mora / Crítico,Cliente Corporativo
FAC-2026-14015,Genomma Lab,Salud & Farma,05 - Mayo,2026-05-15,60,2026-07-14,4805.02,0,Al Día,Al Día / OK,Cliente Corporativo
FAC-2026-14016,Genomma Lab,Salud & Farma,05 - Mayo,2026-05-06,15,2026-05-21,14077.4,56,31-60 días,Riesgo Moderado,Cliente Corporativo
FAC-2026-14017,Genomma Lab,Salud & Farma,05 - Mayo,2026-05-13,15,2026-05-28,1309.91,13,1-30 días,Atraso Preventivo,Cliente Corporativo
FAC-2026-14018,Genomma Lab,Salud & Farma,05 - Mayo,2026-05-01,45,2026-06-15,7837.31,146,+90 días (Crítico),En Mora / Crítico,Cliente Corporativo
FAC-2026-14019,Genomma Lab,Salud & Farma,05 - Mayo,2026-05-02,60,2026-07-01,16288.6,26,1-30 días,Atraso Preventivo,Cliente Corporativo
FAC-2026-14020,Genomma Lab,Salud & Farma,05 - Mayo,2026-05-18,60,2026-07-17,5819.0,8,1-30 días,Atraso Preventivo,Cliente Corporativo
FAC-2026-14021,Genomma Lab,Salud & Farma,05 - Mayo,2026-05-15,30,2026-06-14,7336.64,0,Al Día,Al Día / OK,Cliente Corporativo
FAC-2026-14022,Genomma Lab,Salud & Farma,05 - Mayo,2026-05-15,45,2026-06-29,19764.16,28,1-30 días,Atraso Preventivo,Cliente Corporativo
FAC-2026-14023,Genomma Lab,Salud & Farma,05 - Mayo,2026-05-03,30,2026-06-02,17459.68,0,Al Día,Al Día / OK,Cliente Corporativo
FAC-2026-14024,Genomma Lab,Salud & Farma,05 - Mayo,2026-05-01,45,2026-06-15,26641.67,0,Al Día,Al Día / OK,Cliente Corporativo
FAC-2026-14025,Genomma Lab,Salud & Farma,05 - Mayo,2026-05-23,15,2026-06-07,5260.25,0,Al Día,Al Día / OK,Cliente Corporativo
FAC-2026-14026,Genomma Lab,Salud & Farma,05 - Mayo,2026-05-31,30,2026-06-30,8938.8,26,1-30 días,Atraso Preventivo,Cliente Corporativo
FAC-2026-14027,Genomma Lab,Salud & Farma,05 - Mayo,2026-05-09,45,2026-06-23,6916.26,0,Al Día,Al Día / OK,Cliente Corporativo
FAC-2026-14028,Genomma Lab,Salud & Farma,05 - Mayo,2026-05-15,45,2026-06-29,9908.92,52,31-60 días,Riesgo Moderado,Cliente Corporativo
FAC-2026-14029,Bayer,Salud & Farma,05 - Mayo,2026-05-02,60,2026-07-01,11294.97,0,Al Día,Al Día / OK,Cliente Corporativo
FAC-2026-14030,Bayer,Salud & Farma,05 - Mayo,2026-05-03,60,2026-07-02,12808.91,27,1-30 días,Atraso Preventivo,Cliente Corporativo
FAC-2026-14031,Bayer,Salud & Farma,05 - Mayo,2026-05-26,15,2026-06-10,26693.03,59,31-60 días,Riesgo Moderado,Cliente Corporativo
FAC-2026-14032,Bayer,Salud & Farma,05 - Mayo,2026-05-19,60,2026-07-18,20747.91,80,61-90 días,Riesgo Alto,Cliente Corporativo
FAC-2026-14033,Bayer,Salud & Farma,05 - Mayo,2026-05-02,30,2026-06-01,2733.08,146,+90 días (Crítico),En Mora / Crítico,Cliente Corporativo
FAC-2026-14034,Bayer,Salud & Farma,05 - Mayo,2026-05-25,60,2026-07-24,27305.28,18,1-30 días,Atraso Preventivo,Cliente Corporativo
FAC-2026-14035,Bayer,Salud & Farma,05 - Mayo,2026-05-12,45,2026-06-26,7776.62,37,31-60 días,Riesgo Moderado,Cliente Corporativo
FAC-2026-14036,Bayer,Salud & Farma,05 - Mayo,2026-05-05,45,2026-06-19,74002.14,20,1-30 días,Atraso Preventivo,Cliente Corporativo
FAC-2026-14037,Bayer,Salud & Farma,05 - Mayo,2026-05-15,45,2026-06-29,2702.67,73,61-90 días,Riesgo Alto,Cliente Corporativo
FAC-2026-14038,Bayer,Salud & Farma,05 - Mayo,2026-05-10,60,2026-07-09,6875.5,0,Al Día,Al Día / OK,Cliente Corporativo
FAC-2026-14039,Bayer,Salud & Farma,05 - Mayo,2026-05-27,15,2026-06-11,82113.73,0,Al Día,Al Día / OK,Cliente Corporativo
FAC-2026-14040,Bayer,Salud & Farma,05 - Mayo,2026-05-23,15,2026-06-07,38261.25,0,Al Día,Al Día / OK,Cliente Corporativo
FAC-2026-14041,Bayer,Salud & Farma,05 - Mayo,2026-05-23,60,2026-07-22,34436.83,59,31-60 días,Riesgo Moderado,Cliente Corporativo
FAC-2026-14042,Bayer,Salud & Farma,05 - Mayo,2026-05-19,45,2026-07-03,1493.43,0,Al Día,Al Día / OK,Cliente Corporativo
FAC-2026-14043,Farmacias Benavides,Salud & Farma,05 - Mayo,2026-05-18,60,2026-07-17,1703.82,0,Al Día,Al Día / OK,Cliente Corporativo
FAC-2026-14044,Farmacias Benavides,Salud & Farma,05 - Mayo,2026-05-30,15,2026-06-14,5801.83,19,1-30 días,Atraso Preventivo,Cliente Corporativo
FAC-2026-14045,Farmacias Benavides,Salud & Farma,05 - Mayo,2026-05-09,60,2026-07-08,18447.41,35,31-60 días,Riesgo Moderado,Cliente Corporativo
FAC-2026-14046,Farmacias Benavides,Salud & Farma,05 - Mayo,2026-05-10,45,2026-06-24,9771.63,76,61-90 días,Riesgo Alto,Cliente Corporativo
FAC-2026-14047,Farmacias Benavides,Salud & Farma,05 - Mayo,2026-05-04,15,2026-05-19,18844.24,135,+90 días (Crítico),En Mora / Crítico,Cliente Corporativo
FAC-2026-14048,Farmacias Benavides,Salud & Farma,05 - Mayo,2026-05-13,45,2026-06-27,40804.83,0,Al Día,Al Día / OK,Cliente Corporativo
FAC-2026-14049,Farmacias Benavides,Salud & Farma,05 - Mayo,2026-05-27,15,2026-06-11,6540.81,10,1-30 días,Atraso Preventivo,Cliente Corporativo
FAC-2026-14050,Farmacias Benavides,Salud & Farma,05 - Mayo,2026-05-05,15,2026-05-20,12628.5,29,1-30 días,Atraso Preventivo,Cliente Corporativo
FAC-2026-14051,Farmacias Benavides,Salud & Farma,05 - Mayo,2026-05-31,60,2026-07-30,14613.53,13,1-30 días,Atraso Preventivo,Cliente Corporativo
FAC-2026-14052,Farmacias Benavides,Salud & Farma,05 - Mayo,2026-05-31,15,2026-06-15,14828.87,116,+90 días (Crítico),En Mora / Crítico,Cliente Corporativo
FAC-2026-14053,Farmacias Benavides,Salud & Farma,05 - Mayo,2026-05-11,15,2026-05-26,7462.36,15,1-30 días,Atraso Preventivo,Cliente Corporativo
FAC-2026-14054,Farmacias Benavides,Salud & Farma,05 - Mayo,2026-05-19,30,2026-06-18,10732.84,0,Al Día,Al Día / OK,Cliente Corporativo
FAC-2026-14055,Farmacias Benavides,Salud & Farma,05 - Mayo,2026-05-01,45,2026-06-15,28381.15,18,1-30 días,Atraso Preventivo,Cliente Corporativo
FAC-2026-14056,Farmacias Benavides,Salud & Farma,05 - Mayo,2026-05-26,30,2026-06-25,16879.77,0,Al Día,Al Día / OK,Cliente Corporativo
FAC-2026-14057,Farmacias Benavides,Salud & Farma,05 - Mayo,2026-05-14,30,2026-06-13,3292.02,98,+90 días (Crítico),En Mora / Crítico,Cliente Corporativo
FAC-2026-14058,Farmacias Benavides,Salud & Farma,05 - Mayo,2026-05-19,60,2026-07-18,9497.25,13,1-30 días,Atraso Preventivo,Cliente Corporativo
FAC-2026-14059,Farmacias Benavides,Salud & Farma,05 - Mayo,2026-05-13,45,2026-06-27,3118.03,30,1-30 días,Atraso Preventivo,Cliente Corporativo
FAC-2026-14060,Farmacias Benavides,Salud & Farma,05 - Mayo,2026-05-05,60,2026-07-04,34408.15,58,31-60 días,Riesgo Moderado,Cliente Corporativo
FAC-2026-14061,Farmacias Benavides,Salud & Farma,05 - Mayo,2026-05-22,45,2026-07-06,19319.27,0,Al Día,Al Día / OK,Cliente Corporativo
FAC-2026-14062,Eurofarma,Salud & Farma,05 - Mayo,2026-05-14,60,2026-07-13,13709.22,0,Al Día,Al Día / OK,Cliente Corporativo
FAC-2026-14063,Eurofarma,Salud & Farma,05 - Mayo,2026-05-13,45,2026-06-27,12262.35,12,1-30 días,Atraso Preventivo,Cliente Corporativo
FAC-2026-14064,Eurofarma,Salud & Farma,05 - Mayo,2026-05-31,15,2026-06-15,17217.03,56,31-60 días,Riesgo Moderado,Cliente Corporativo
FAC-2026-14065,Eurofarma,Salud & Farma,05 - Mayo,2026-05-18,15,2026-06-02,20524.07,67,61-90 días,Riesgo Alto,Cliente Corporativo
FAC-2026-14066,Eurofarma,Salud & Farma,05 - Mayo,2026-05-16,60,2026-07-15,18275.51,150,+90 días (Crítico),En Mora / Crítico,Cliente Corporativo
FAC-2026-14067,Eurofarma,Salud & Farma,05 - Mayo,2026-05-03,30,2026-06-02,3635.61,0,Al Día,Al Día / OK,Cliente Corporativo
FAC-2026-14068,Eurofarma,Salud & Farma,05 - Mayo,2026-05-09,60,2026-07-08,17640.84,0,Al Día,Al Día / OK,Cliente Corporativo
FAC-2026-14069,Eurofarma,Salud & Farma,05 - Mayo,2026-05-20,30,2026-06-19,4644.86,15,1-30 días,Atraso Preventivo,Cliente Corporativo
FAC-2026-14070,Eurofarma,Salud & Farma,05 - Mayo,2026-05-30,60,2026-07-29,78509.3,14,1-30 días,Atraso Preventivo,Cliente Corporativo
FAC-2026-14071,Eurofarma,Salud & Farma,05 - Mayo,2026-05-08,30,2026-06-07,4245.94,51,31-60 días,Riesgo Moderado,Cliente Corporativo
FAC-2026-14072,Eurofarma,Salud & Farma,05 - Mayo,2026-05-09,60,2026-07-08,16188.44,30,1-30 días,Atraso Preventivo,Cliente Corporativo
FAC-2026-14073,Eurofarma,Salud & Farma,05 - Mayo,2026-05-24,45,2026-07-08,3028.15,0,Al Día,Al Día / OK,Cliente Corporativo
FAC-2026-14074,Eurofarma,Salud & Farma,05 - Mayo,2026-05-31,15,2026-06-15,17661.38,0,Al Día,Al Día / OK,Cliente Corporativo
FAC-2026-14075,Eurofarma,Salud & Farma,05 - Mayo,2026-05-05,30,2026-06-04,8195.8,0,Al Día,Al Día / OK,Cliente Corporativo
FAC-2026-14076,Eurofarma,Salud & Farma,05 - Mayo,2026-05-13,60,2026-07-12,24035.7,0,Al Día,Al Día / OK,Cliente Corporativo
FAC-2026-14077,Sanofi,Salud & Farma,05 - Mayo,2026-05-30,30,2026-06-29,21976.94,0,Al Día,Al Día / OK,Cliente Corporativo
FAC-2026-14078,Sanofi,Salud & Farma,05 - Mayo,2026-05-29,60,2026-07-28,21566.96,11,1-30 días,Atraso Preventivo,Cliente Corporativo
FAC-2026-14079,Sanofi,Salud & Farma,05 - Mayo,2026-05-09,30,2026-06-08,19648.69,40,31-60 días,Riesgo Moderado,Cliente Corporativo
FAC-2026-14080,Sanofi,Salud & Farma,05 - Mayo,2026-05-08,60,2026-07-07,2355.05,89,61-90 días,Riesgo Alto,Cliente Corporativo
FAC-2026-14081,Sanofi,Salud & Farma,05 - Mayo,2026-05-13,45,2026-06-27,4397.06,111,+90 días (Crítico),En Mora / Crítico,Cliente Corporativo
FAC-2026-14082,Sanofi,Salud & Farma,05 - Mayo,2026-05-13,60,2026-07-12,10233.73,56,31-60 días,Riesgo Moderado,Cliente Corporativo
FAC-2026-14083,Sanofi,Salud & Farma,05 - Mayo,2026-05-25,45,2026-07-09,12127.16,0,Al Día,Al Día / OK,Cliente Corporativo
FAC-2026-14084,Sanofi,Salud & Farma,05 - Mayo,2026-05-31,30,2026-06-30,25171.45,0,Al Día,Al Día / OK,Cliente Corporativo
FAC-2026-14085,Sanofi,Salud & Farma,05 - Mayo,2026-05-13,45,2026-06-27,29617.46,0,Al Día,Al Día / OK,Cliente Corporativo
FAC-2026-14086,Sanofi,Salud & Farma,05 - Mayo,2026-05-19,45,2026-07-03,11479.63,12,1-30 días,Atraso Preventivo,Cliente Corporativo
FAC-2026-14087,Sanofi,Salud & Farma,05 - Mayo,2026-05-11,15,2026-05-26,33733.67,66,61-90 días,Riesgo Alto,Cliente Corporativo
FAC-2026-14088,Sanofi,Salud & Farma,05 - Mayo,2026-05-17,15,2026-06-01,3156.97,0,Al Día,Al Día / OK,Cliente Corporativo
FAC-2026-14089,Sanofi,Salud & Farma,05 - Mayo,2026-05-21,30,2026-06-20,16938.4,0,Al Día,Al Día / OK,Cliente Corporativo
FAC-2026-14090,Sanofi,Salud & Farma,05 - Mayo,2026-05-05,60,2026-07-04,26385.16,0,Al Día,Al Día / OK,Cliente Corporativo
FAC-2026-14091,Walmart,Retail,06 - Junio,2026-06-06,60,2026-08-05,24555.93,0,Al Día,Al Día / OK,Cliente Corporativo
FAC-2026-14092,Walmart,Retail,06 - Junio,2026-06-21,15,2026-07-06,5532.61,30,1-30 días,Atraso Preventivo,Cliente Corporativo
FAC-2026-14093,Walmart,Retail,06 - Junio,2026-06-03,60,2026-08-02,9605.46,45,31-60 días,Riesgo Moderado,Cliente Corporativo
FAC-2026-14094,Walmart,Retail,06 - Junio,2026-06-13,30,2026-07-13,8988.18,75,61-90 días,Riesgo Alto,Cliente Corporativo
FAC-2026-14095,Walmart,Retail,06 - Junio,2026-06-22,60,2026-08-21,23784.49,112,+90 días (Crítico),En Mora / Crítico,Cliente Corporativo
FAC-2026-14096,Walmart,Retail,06 - Junio,2026-06-28,60,2026-08-27,14222.96,14,1-30 días,Atraso Preventivo,Cliente Corporativo
FAC-2026-14097,Walmart,Retail,06 - Junio,2026-06-25,15,2026-07-10,6394.03,13,1-30 días,Atraso Preventivo,Cliente Corporativo
FAC-2026-14098,Walmart,Retail,06 - Junio,2026-06-13,60,2026-08-12,7216.77,0,Al Día,Al Día / OK,Cliente Corporativo
FAC-2026-14099,Walmart,Retail,06 - Junio,2026-06-19,15,2026-07-04,26302.19,0,Al Día,Al Día / OK,Cliente Corporativo
FAC-2026-14100,Walmart,Retail,06 - Junio,2026-06-01,30,2026-07-01,29460.88,0,Al Día,Al Día / OK,Cliente Corporativo
FAC-2026-14101,Walmart,Retail,06 - Junio,2026-06-11,30,2026-07-11,2122.95,0,Al Día,Al Día / OK,Cliente Corporativo
FAC-2026-14102,Walmart,Retail,06 - Junio,2026-06-28,30,2026-07-28,8050.26,0,Al Día,Al Día / OK,Cliente Corporativo
FAC-2026-14103,Walmart,Retail,06 - Junio,2026-06-07,30,2026-07-07,2945.55,0,Al Día,Al Día / OK,Cliente Corporativo
FAC-2026-14104,Walmart,Retail,06 - Junio,2026-06-22,15,2026-07-07,14602.35,21,1-30 días,Atraso Preventivo,Cliente Corporativo
FAC-2026-14105,Walmart,Retail,06 - Junio,2026-06-26,60,2026-08-25,4607.12,13,1-30 días,Atraso Preventivo,Cliente Corporativo
FAC-2026-14106,Walmart,Retail,06 - Junio,2026-06-12,60,2026-08-11,13943.78,0,Al Día,Al Día / OK,Cliente Corporativo
FAC-2026-14107,Walmart,Retail,06 - Junio,2026-06-21,45,2026-08-05,5701.96,0,Al Día,Al Día / OK,Cliente Corporativo
FAC-2026-14108,Walmart,Retail,06 - Junio,2026-06-10,30,2026-07-10,10136.82,0,Al Día,Al Día / OK,Cliente Corporativo
FAC-2026-14109,Walmart,Retail,06 - Junio,2026-06-23,60,2026-08-22,6586.85,13,1-30 días,Atraso Preventivo,Cliente Corporativo
FAC-2026-14110,Falabella,Retail,06 - Junio,2026-06-28,45,2026-08-12,5745.34,0,Al Día,Al Día / OK,Cliente Corporativo
FAC-2026-14111,Falabella,Retail,06 - Junio,2026-06-24,15,2026-07-09,2894.6,7,1-30 días,Atraso Preventivo,Cliente Corporativo
FAC-2026-14112,Falabella,Retail,06 - Junio,2026-06-27,60,2026-08-26,15484.02,37,31-60 días,Riesgo Moderado,Cliente Corporativo
FAC-2026-14113,Falabella,Retail,06 - Junio,2026-06-29,15,2026-07-14,8818.45,86,61-90 días,Riesgo Alto,Cliente Corporativo
FAC-2026-14114,Falabella,Retail,06 - Junio,2026-06-14,30,2026-07-14,3093.08,162,+90 días (Crítico),En Mora / Crítico,Cliente Corporativo
FAC-2026-14115,Falabella,Retail,06 - Junio,2026-06-06,60,2026-08-05,1716.47,0,Al Día,Al Día / OK,Cliente Corporativo
FAC-2026-14116,Falabella,Retail,06 - Junio,2026-06-15,15,2026-06-30,2207.03,0,Al Día,Al Día / OK,Cliente Corporativo
FAC-2026-14117,Falabella,Retail,06 - Junio,2026-06-05,60,2026-08-04,21146.84,50,31-60 días,Riesgo Moderado,Cliente Corporativo
FAC-2026-14118,Falabella,Retail,06 - Junio,2026-06-29,60,2026-08-28,9327.56,0,Al Día,Al Día / OK,Cliente Corporativo
FAC-2026-14119,Falabella,Retail,06 - Junio,2026-06-04,45,2026-07-19,15291.44,0,Al Día,Al Día / OK,Cliente Corporativo
FAC-2026-14120,Falabella,Retail,06 - Junio,2026-06-28,60,2026-08-27,18981.63,0,Al Día,Al Día / OK,Cliente Corporativo
FAC-2026-14121,Falabella,Retail,06 - Junio,2026-06-01,45,2026-07-16,9209.67,0,Al Día,Al Día / OK,Cliente Corporativo
FAC-2026-14122,Falabella,Retail,06 - Junio,2026-06-07,15,2026-06-22,9693.14,26,1-30 días,Atraso Preventivo,Cliente Corporativo
FAC-2026-14123,Falabella,Retail,06 - Junio,2026-06-11,15,2026-06-26,4734.29,0,Al Día,Al Día / OK,Cliente Corporativo
FAC-2026-14124,Falabella,Retail,06 - Junio,2026-06-05,30,2026-07-05,4021.15,25,1-30 días,Atraso Preventivo,Cliente Corporativo
FAC-2026-14125,Falabella,Retail,06 - Junio,2026-06-22,45,2026-08-06,6387.23,27,1-30 días,Atraso Preventivo,Cliente Corporativo
FAC-2026-14126,Falabella,Retail,06 - Junio,2026-06-21,15,2026-07-06,22576.31,23,1-30 días,Atraso Preventivo,Cliente Corporativo
FAC-2026-14127,Falabella,Retail,06 - Junio,2026-06-27,45,2026-08-11,7434.03,6,1-30 días,Atraso Preventivo,Cliente Corporativo
FAC-2026-14128,Falabella,Retail,06 - Junio,2026-06-17,30,2026-07-17,13363.98,9,1-30 días,Atraso Preventivo,Cliente Corporativo
FAC-2026-14129,Cencosud,Retail,06 - Junio,2026-06-13,45,2026-07-28,23680.1,0,Al Día,Al Día / OK,Cliente Corporativo
FAC-2026-14130,Cencosud,Retail,06 - Junio,2026-06-13,45,2026-07-28,9015.72,11,1-30 días,Atraso Preventivo,Cliente Corporativo
FAC-2026-14131,Cencosud,Retail,06 - Junio,2026-06-26,15,2026-07-11,2456.79,31,31-60 días,Riesgo Moderado,Cliente Corporativo
FAC-2026-14132,Cencosud,Retail,06 - Junio,2026-06-13,30,2026-07-13,24675.39,65,61-90 días,Riesgo Alto,Cliente Corporativo
FAC-2026-14133,Cencosud,Retail,06 - Junio,2026-06-22,45,2026-08-06,7757.02,119,+90 días (Crítico),En Mora / Crítico,Cliente Corporativo
FAC-2026-14134,Cencosud,Retail,06 - Junio,2026-06-27,30,2026-07-27,17358.26,17,1-30 días,Atraso Preventivo,Cliente Corporativo
FAC-2026-14135,Cencosud,Retail,06 - Junio,2026-06-04,15,2026-06-19,99904.58,0,Al Día,Al Día / OK,Cliente Corporativo
FAC-2026-14136,Cencosud,Retail,06 - Junio,2026-06-23,15,2026-07-08,11222.59,142,+90 días (Crítico),En Mora / Crítico,Cliente Corporativo
FAC-2026-14137,Cencosud,Retail,06 - Junio,2026-06-27,30,2026-07-27,15614.44,0,Al Día,Al Día / OK,Cliente Corporativo
FAC-2026-14138,Cencosud,Retail,06 - Junio,2026-06-17,30,2026-07-17,120000.0,13,1-30 días,Atraso Preventivo,Cliente Corporativo
FAC-2026-14139,Cencosud,Retail,06 - Junio,2026-06-14,30,2026-07-14,29565.52,0,Al Día,Al Día / OK,Cliente Corporativo
FAC-2026-14140,Cencosud,Retail,06 - Junio,2026-06-04,45,2026-07-19,53996.9,0,Al Día,Al Día / OK,Cliente Corporativo
FAC-2026-14141,Cencosud,Retail,06 - Junio,2026-06-19,30,2026-07-19,15840.06,16,1-30 días,Atraso Preventivo,Cliente Corporativo
FAC-2026-14142,Cencosud,Retail,06 - Junio,2026-06-28,45,2026-08-12,12238.96,23,1-30 días,Atraso Preventivo,Cliente Corporativo
FAC-2026-14143,Cencosud,Retail,06 - Junio,2026-06-30,30,2026-07-30,41239.24,0,Al Día,Al Día / OK,Cliente Corporativo
FAC-2026-14144,Cencosud,Retail,06 - Junio,2026-06-04,45,2026-07-19,7075.41,12,1-30 días,Atraso Preventivo,Cliente Corporativo
FAC-2026-14145,Cencosud,Retail,06 - Junio,2026-06-01,45,2026-07-16,15084.07,48,31-60 días,Riesgo Moderado,Cliente Corporativo
FAC-2026-14146,Cencosud,Retail,06 - Junio,2026-06-30,15,2026-07-15,38898.05,37,31-60 días,Riesgo Moderado,Cliente Corporativo
FAC-2026-14147,El Puerto de Liverpool,Retail,06 - Junio,2026-06-03,45,2026-07-18,8008.62,0,Al Día,Al Día / OK,Cliente Corporativo
FAC-2026-14148,El Puerto de Liverpool,Retail,06 - Junio,2026-06-06,45,2026-07-21,17172.72,11,1-30 días,Atraso Preventivo,Cliente Corporativo
FAC-2026-14149,El Puerto de Liverpool,Retail,06 - Junio,2026-06-27,15,2026-07-12,31964.91,53,31-60 días,Riesgo Moderado,Cliente Corporativo
FAC-2026-14150,El Puerto de Liverpool,Retail,06 - Junio,2026-06-29,60,2026-08-28,13246.51,89,61-90 días,Riesgo Alto,Cliente Corporativo
FAC-2026-14151,El Puerto de Liverpool,Retail,06 - Junio,2026-06-19,45,2026-08-03,32189.34,130,+90 días (Crítico),En Mora / Crítico,Cliente Corporativo
FAC-2026-14152,El Puerto de Liverpool,Retail,06 - Junio,2026-06-21,15,2026-07-06,17027.81,0,Al Día,Al Día / OK,Cliente Corporativo
FAC-2026-14153,El Puerto de Liverpool,Retail,06 - Junio,2026-06-23,45,2026-08-07,15848.18,13,1-30 días,Atraso Preventivo,Cliente Corporativo
FAC-2026-14154,El Puerto de Liverpool,Retail,06 - Junio,2026-06-01,30,2026-07-01,11477.11,133,+90 días (Crítico),En Mora / Crítico,Cliente Corporativo
FAC-2026-14155,El Puerto de Liverpool,Retail,06 - Junio,2026-06-01,60,2026-07-31,7690.47,19,1-30 días,Atraso Preventivo,Cliente Corporativo
FAC-2026-14156,El Puerto de Liverpool,Retail,06 - Junio,2026-06-16,60,2026-08-15,37460.37,0,Al Día,Al Día / OK,Cliente Corporativo
FAC-2026-14157,El Puerto de Liverpool,Retail,06 - Junio,2026-06-15,60,2026-08-14,2778.35,107,+90 días (Crítico),En Mora / Crítico,Cliente Corporativo
FAC-2026-14158,El Puerto de Liverpool,Retail,06 - Junio,2026-06-10,15,2026-06-25,56490.12,0,Al Día,Al Día / OK,Cliente Corporativo
FAC-2026-14159,El Puerto de Liverpool,Retail,06 - Junio,2026-06-19,15,2026-07-04,10742.74,14,1-30 días,Atraso Preventivo,Cliente Corporativo
FAC-2026-14160,El Puerto de Liverpool,Retail,06 - Junio,2026-06-28,30,2026-07-28,11171.41,0,Al Día,Al Día / OK,Cliente Corporativo
FAC-2026-14161,El Puerto de Liverpool,Retail,06 - Junio,2026-06-20,30,2026-07-20,40493.03,33,31-60 días,Riesgo Moderado,Cliente Corporativo
FAC-2026-14162,El Puerto de Liverpool,Retail,06 - Junio,2026-06-10,15,2026-06-25,36678.82,53,31-60 días,Riesgo Moderado,Cliente Corporativo
FAC-2026-14163,El Puerto de Liverpool,Retail,06 - Junio,2026-06-10,60,2026-08-09,17524.43,37,31-60 días,Riesgo Moderado,Cliente Corporativo
FAC-2026-14164,El Puerto de Liverpool,Retail,06 - Junio,2026-06-24,30,2026-07-24,40948.22,38,31-60 días,Riesgo Moderado,Cliente Corporativo
FAC-2026-14165,El Puerto de Liverpool,Retail,06 - Junio,2026-06-25,60,2026-08-24,10463.18,100,+90 días (Crítico),En Mora / Crítico,Cliente Corporativo
FAC-2026-14166,El Puerto de Liverpool,Retail,06 - Junio,2026-06-09,30,2026-07-09,34057.11,0,Al Día,Al Día / OK,Cliente Corporativo
FAC-2026-14167,Coppel,Retail,06 - Junio,2026-06-19,45,2026-08-03,2421.48,0,Al Día,Al Día / OK,Cliente Corporativo
FAC-2026-14168,Coppel,Retail,06 - Junio,2026-06-15,15,2026-06-30,18097.45,19,1-30 días,Atraso Preventivo,Cliente Corporativo
FAC-2026-14169,Coppel,Retail,06 - Junio,2026-06-05,30,2026-07-05,46376.74,51,31-60 días,Riesgo Moderado,Cliente Corporativo
FAC-2026-14170,Coppel,Retail,06 - Junio,2026-06-23,60,2026-08-22,9683.72,80,61-90 días,Riesgo Alto,Cliente Corporativo
FAC-2026-14171,Coppel,Retail,06 - Junio,2026-06-24,60,2026-08-23,17494.38,137,+90 días (Crítico),En Mora / Crítico,Cliente Corporativo
FAC-2026-14172,Coppel,Retail,06 - Junio,2026-06-17,15,2026-07-02,14933.47,53,31-60 días,Riesgo Moderado,Cliente Corporativo
FAC-2026-14173,Coppel,Retail,06 - Junio,2026-06-18,45,2026-08-02,9422.84,26,1-30 días,Atraso Preventivo,Cliente Corporativo
FAC-2026-14174,Coppel,Retail,06 - Junio,2026-06-05,30,2026-07-05,14797.82,0,Al Día,Al Día / OK,Cliente Corporativo
FAC-2026-14175,Coppel,Retail,06 - Junio,2026-06-06,60,2026-08-05,1533.34,16,1-30 días,Atraso Preventivo,Cliente Corporativo
FAC-2026-14176,Coppel,Retail,06 - Junio,2026-06-06,60,2026-08-05,7879.72,0,Al Día,Al Día / OK,Cliente Corporativo
FAC-2026-14177,Coppel,Retail,06 - Junio,2026-06-21,30,2026-07-21,40048.26,0,Al Día,Al Día / OK,Cliente Corporativo
FAC-2026-14178,Coppel,Retail,06 - Junio,2026-06-27,15,2026-07-12,35278.97,0,Al Día,Al Día / OK,Cliente Corporativo
FAC-2026-14179,Coppel,Retail,06 - Junio,2026-06-21,60,2026-08-20,11028.7,0,Al Día,Al Día / OK,Cliente Corporativo
FAC-2026-14180,Coppel,Retail,06 - Junio,2026-06-26,45,2026-08-10,16379.72,132,+90 días (Crítico),En Mora / Crítico,Cliente Corporativo
FAC-2026-14181,Coppel,Retail,06 - Junio,2026-06-06,15,2026-06-21,68746.64,0,Al Día,Al Día / OK,Cliente Corporativo
FAC-2026-14182,Coppel,Retail,06 - Junio,2026-06-16,60,2026-08-15,19969.08,0,Al Día,Al Día / OK,Cliente Corporativo
FAC-2026-14183,Coppel,Retail,06 - Junio,2026-06-02,45,2026-07-17,64931.49,7,1-30 días,Atraso Preventivo,Cliente Corporativo
FAC-2026-14184,Coppel,Retail,06 - Junio,2026-06-07,45,2026-07-22,48118.58,69,61-90 días,Riesgo Alto,Cliente Corporativo
FAC-2026-14185,Coppel,Retail,06 - Junio,2026-06-14,60,2026-08-13,73779.43,0,Al Día,Al Día / OK,Cliente Corporativo
FAC-2026-14186,Coppel,Retail,06 - Junio,2026-06-06,30,2026-07-06,1844.29,0,Al Día,Al Día / OK,Cliente Corporativo
FAC-2026-14187,Grupo Éxito,Retail,06 - Junio,2026-06-03,15,2026-06-18,22322.78,0,Al Día,Al Día / OK,Cliente Corporativo
FAC-2026-14188,Grupo Éxito,Retail,06 - Junio,2026-06-02,45,2026-07-17,2579.96,24,1-30 días,Atraso Preventivo,Cliente Corporativo
FAC-2026-14189,Grupo Éxito,Retail,06 - Junio,2026-06-27,60,2026-08-26,8244.55,60,31-60 días,Riesgo Moderado,Cliente Corporativo
FAC-2026-14190,Grupo Éxito,Retail,06 - Junio,2026-06-06,45,2026-07-21,38305.38,80,61-90 días,Riesgo Alto,Cliente Corporativo
FAC-2026-14191,Grupo Éxito,Retail,06 - Junio,2026-06-25,45,2026-08-09,1899.44,142,+90 días (Crítico),En Mora / Crítico,Cliente Corporativo
FAC-2026-14192,Grupo Éxito,Retail,06 - Junio,2026-06-14,45,2026-07-29,3303.21,44,31-60 días,Riesgo Moderado,Cliente Corporativo
FAC-2026-14193,Grupo Éxito,Retail,06 - Junio,2026-06-20,15,2026-07-05,1820.33,84,61-90 días,Riesgo Alto,Cliente Corporativo
FAC-2026-14194,Grupo Éxito,Retail,06 - Junio,2026-06-04,15,2026-06-19,16478.55,0,Al Día,Al Día / OK,Cliente Corporativo
FAC-2026-14195,Grupo Éxito,Retail,06 - Junio,2026-06-16,30,2026-07-16,9478.89,24,1-30 días,Atraso Preventivo,Cliente Corporativo
FAC-2026-14196,Grupo Éxito,Retail,06 - Junio,2026-06-26,30,2026-07-26,32018.2,20,1-30 días,Atraso Preventivo,Cliente Corporativo
FAC-2026-14197,Grupo Éxito,Retail,06 - Junio,2026-06-25,30,2026-07-25,16205.68,163,+90 días (Crítico),En Mora / Crítico,Cliente Corporativo
FAC-2026-14198,Grupo Éxito,Retail,06 - Junio,2026-06-21,45,2026-08-05,1862.8,17,1-30 días,Atraso Preventivo,Cliente Corporativo
FAC-2026-14199,Grupo Éxito,Retail,06 - Junio,2026-06-09,15,2026-06-24,15180.09,11,1-30 días,Atraso Preventivo,Cliente Corporativo
FAC-2026-14200,Grupo Éxito,Retail,06 - Junio,2026-06-20,60,2026-08-19,25904.87,14,1-30 días,Atraso Preventivo,Cliente Corporativo
FAC-2026-14201,FEMSA Comercio (OXXO),Retail,06 - Junio,2026-06-07,30,2026-07-07,17468.24,0,Al Día,Al Día / OK,Cliente Corporativo
FAC-2026-14202,FEMSA Comercio (OXXO),Retail,06 - Junio,2026-06-11,30,2026-07-11,6217.79,16,1-30 días,Atraso Preventivo,Cliente Corporativo
FAC-2026-14203,FEMSA Comercio (OXXO),Retail,06 - Junio,2026-06-26,30,2026-07-26,6204.76,53,31-60 días,Riesgo Moderado,Cliente Corporativo
FAC-2026-14204,FEMSA Comercio (OXXO),Retail,06 - Junio,2026-06-10,15,2026-06-25,11827.32,61,61-90 días,Riesgo Alto,Cliente Corporativo
FAC-2026-14205,FEMSA Comercio (OXXO),Retail,06 - Junio,2026-06-07,15,2026-06-22,2192.57,99,+90 días (Crítico),En Mora / Crítico,Cliente Corporativo
FAC-2026-14206,FEMSA Comercio (OXXO),Retail,06 - Junio,2026-06-03,60,2026-08-02,24526.76,0,Al Día,Al Día / OK,Cliente Corporativo
FAC-2026-14207,FEMSA Comercio (OXXO),Retail,06 - Junio,2026-06-01,60,2026-07-31,19645.78,0,Al Día,Al Día / OK,Cliente Corporativo
FAC-2026-14208,FEMSA Comercio (OXXO),Retail,06 - Junio,2026-06-30,60,2026-08-29,44905.02,0,Al Día,Al Día / OK,Cliente Corporativo
FAC-2026-14209,FEMSA Comercio (OXXO),Retail,06 - Junio,2026-06-01,45,2026-07-16,72853.42,36,31-60 días,Riesgo Moderado,Cliente Corporativo
FAC-2026-14210,FEMSA Comercio (OXXO),Retail,06 - Junio,2026-06-14,15,2026-06-29,120000.0,68,61-90 días,Riesgo Alto,Cliente Corporativo
FAC-2026-14211,FEMSA Comercio (OXXO),Retail,06 - Junio,2026-06-22,30,2026-07-22,17106.85,0,Al Día,Al Día / OK,Cliente Corporativo
FAC-2026-14212,FEMSA Comercio (OXXO),Retail,06 - Junio,2026-06-15,60,2026-08-14,32151.91,0,Al Día,Al Día / OK,Cliente Corporativo
FAC-2026-14213,FEMSA Comercio (OXXO),Retail,06 - Junio,2026-06-09,30,2026-07-09,5089.38,17,1-30 días,Atraso Preventivo,Cliente Corporativo
FAC-2026-14214,Chedraui,Retail,06 - Junio,2026-06-09,30,2026-07-09,5746.26,0,Al Día,Al Día / OK,Cliente Corporativo
FAC-2026-14215,Chedraui,Retail,06 - Junio,2026-06-15,45,2026-07-30,14652.92,10,1-30 días,Atraso Preventivo,Cliente Corporativo
FAC-2026-14216,Chedraui,Retail,06 - Junio,2026-06-28,60,2026-08-27,6507.93,59,31-60 días,Riesgo Moderado,Cliente Corporativo
FAC-2026-14217,Chedraui,Retail,06 - Junio,2026-06-24,15,2026-07-09,4695.97,77,61-90 días,Riesgo Alto,Cliente Corporativo
FAC-2026-14218,Chedraui,Retail,06 - Junio,2026-06-28,30,2026-07-28,63414.08,121,+90 días (Crítico),En Mora / Crítico,Cliente Corporativo
FAC-2026-14219,Chedraui,Retail,06 - Junio,2026-06-10,45,2026-07-25,9131.24,50,31-60 días,Riesgo Moderado,Cliente Corporativo
FAC-2026-14220,Chedraui,Retail,06 - Junio,2026-06-26,45,2026-08-10,22983.6,60,31-60 días,Riesgo Moderado,Cliente Corporativo
FAC-2026-14221,Chedraui,Retail,06 - Junio,2026-06-16,15,2026-07-01,8759.51,0,Al Día,Al Día / OK,Cliente Corporativo
FAC-2026-14222,Chedraui,Retail,06 - Junio,2026-06-29,60,2026-08-28,6973.18,21,1-30 días,Atraso Preventivo,Cliente Corporativo
FAC-2026-14223,Chedraui,Retail,06 - Junio,2026-06-14,30,2026-07-14,31074.07,150,+90 días (Crítico),En Mora / Crítico,Cliente Corporativo
FAC-2026-14224,Chedraui,Retail,06 - Junio,2026-06-29,60,2026-08-28,2209.17,17,1-30 días,Atraso Preventivo,Cliente Corporativo
FAC-2026-14225,Chedraui,Retail,06 - Junio,2026-06-24,15,2026-07-09,5325.39,0,Al Día,Al Día / OK,Cliente Corporativo
FAC-2026-14226,Chedraui,Retail,06 - Junio,2026-06-02,60,2026-08-01,27990.73,0,Al Día,Al Día / OK,Cliente Corporativo
FAC-2026-14227,Chedraui,Retail,06 - Junio,2026-06-29,30,2026-07-29,44352.22,36,31-60 días,Riesgo Moderado,Cliente Corporativo
FAC-2026-14228,América Móvil (Claro),Telecom,06 - Junio,2026-06-07,15,2026-06-22,4551.58,0,Al Día,Al Día / OK,Cliente Corporativo
FAC-2026-14229,América Móvil (Claro),Telecom,06 - Junio,2026-06-01,30,2026-07-01,3030.97,30,1-30 días,Atraso Preventivo,Cliente Corporativo
FAC-2026-14230,América Móvil (Claro),Telecom,06 - Junio,2026-06-24,15,2026-07-09,22373.11,46,31-60 días,Riesgo Moderado,Cliente Corporativo
FAC-2026-14231,América Móvil (Claro),Telecom,06 - Junio,2026-06-04,15,2026-06-19,14009.76,74,61-90 días,Riesgo Alto,Cliente Corporativo
FAC-2026-14232,América Móvil (Claro),Telecom,06 - Junio,2026-06-08,45,2026-07-23,18519.55,145,+90 días (Crítico),En Mora / Crítico,Cliente Corporativo
FAC-2026-14233,América Móvil (Claro),Telecom,06 - Junio,2026-06-03,30,2026-07-03,3195.54,45,31-60 días,Riesgo Moderado,Cliente Corporativo
FAC-2026-14234,América Móvil (Claro),Telecom,06 - Junio,2026-06-07,60,2026-08-06,16177.13,0,Al Día,Al Día / OK,Cliente Corporativo
FAC-2026-14235,América Móvil (Claro),Telecom,06 - Junio,2026-06-23,60,2026-08-22,21061.24,0,Al Día,Al Día / OK,Cliente Corporativo
FAC-2026-14236,América Móvil (Claro),Telecom,06 - Junio,2026-06-26,60,2026-08-25,6698.42,6,1-30 días,Atraso Preventivo,Cliente Corporativo
FAC-2026-14237,América Móvil (Claro),Telecom,06 - Junio,2026-06-01,30,2026-07-01,1277.24,27,1-30 días,Atraso Preventivo,Cliente Corporativo
FAC-2026-14238,América Móvil (Claro),Telecom,06 - Junio,2026-06-11,15,2026-06-26,12713.96,0,Al Día,Al Día / OK,Cliente Corporativo
FAC-2026-14239,América Móvil (Claro),Telecom,06 - Junio,2026-06-06,45,2026-07-21,3343.63,87,61-90 días,Riesgo Alto,Cliente Corporativo
FAC-2026-14240,América Móvil (Claro),Telecom,06 - Junio,2026-06-30,30,2026-07-30,9579.23,85,61-90 días,Riesgo Alto,Cliente Corporativo
FAC-2026-14241,América Móvil (Claro),Telecom,06 - Junio,2026-06-16,15,2026-07-01,2033.12,63,61-90 días,Riesgo Alto,Cliente Corporativo
FAC-2026-14242,Telefónica (Movistar),Telecom,06 - Junio,2026-06-05,15,2026-06-20,8408.52,0,Al Día,Al Día / OK,Cliente Corporativo
FAC-2026-14243,Telefónica (Movistar),Telecom,06 - Junio,2026-06-10,30,2026-07-10,11665.01,22,1-30 días,Atraso Preventivo,Cliente Corporativo
FAC-2026-14244,Telefónica (Movistar),Telecom,06 - Junio,2026-06-06,60,2026-08-05,40918.79,36,31-60 días,Riesgo Moderado,Cliente Corporativo
FAC-2026-14245,Telefónica (Movistar),Telecom,06 - Junio,2026-06-04,15,2026-06-19,7186.61,76,61-90 días,Riesgo Alto,Cliente Corporativo
FAC-2026-14246,Telefónica (Movistar),Telecom,06 - Junio,2026-06-08,45,2026-07-23,3169.0,141,+90 días (Crítico),En Mora / Crítico,Cliente Corporativo
FAC-2026-14247,Telefónica (Movistar),Telecom,06 - Junio,2026-06-13,45,2026-07-28,4961.87,0,Al Día,Al Día / OK,Cliente Corporativo
FAC-2026-14248,Telefónica (Movistar),Telecom,06 - Junio,2026-06-28,30,2026-07-28,11452.43,27,1-30 días,Atraso Preventivo,Cliente Corporativo
FAC-2026-14249,Telefónica (Movistar),Telecom,06 - Junio,2026-06-19,15,2026-07-04,7334.85,60,31-60 días,Riesgo Moderado,Cliente Corporativo
FAC-2026-14250,Telefónica (Movistar),Telecom,06 - Junio,2026-06-22,15,2026-07-07,7550.87,27,1-30 días,Atraso Preventivo,Cliente Corporativo
FAC-2026-14251,Telefónica (Movistar),Telecom,06 - Junio,2026-06-12,30,2026-07-12,2046.33,0,Al Día,Al Día / OK,Cliente Corporativo
FAC-2026-14252,Telefónica (Movistar),Telecom,06 - Junio,2026-06-17,60,2026-08-16,13827.65,0,Al Día,Al Día / OK,Cliente Corporativo
FAC-2026-14253,Telefónica (Movistar),Telecom,06 - Junio,2026-06-29,30,2026-07-29,50445.54,0,Al Día,Al Día / OK,Cliente Corporativo
FAC-2026-14254,Telefónica (Movistar),Telecom,06 - Junio,2026-06-06,30,2026-07-06,7767.92,71,61-90 días,Riesgo Alto,Cliente Corporativo
FAC-2026-14255,Telefónica (Movistar),Telecom,06 - Junio,2026-06-06,60,2026-08-05,32221.07,0,Al Día,Al Día / OK,Cliente Corporativo
FAC-2026-14256,Telefónica (Movistar),Telecom,06 - Junio,2026-06-01,15,2026-06-16,62234.51,0,Al Día,Al Día / OK,Cliente Corporativo
FAC-2026-14257,Telefónica (Movistar),Telecom,06 - Junio,2026-06-17,45,2026-08-01,1286.6,21,1-30 días,Atraso Preventivo,Cliente Corporativo
FAC-2026-14258,Telefónica (Movistar),Telecom,06 - Junio,2026-06-17,60,2026-08-16,13707.81,5,1-30 días,Atraso Preventivo,Cliente Corporativo
FAC-2026-14259,Millicom (Tigo),Telecom,06 - Junio,2026-06-15,45,2026-07-30,13989.63,0,Al Día,Al Día / OK,Cliente Corporativo
FAC-2026-14260,Millicom (Tigo),Telecom,06 - Junio,2026-06-22,30,2026-07-22,4068.37,15,1-30 días,Atraso Preventivo,Cliente Corporativo
FAC-2026-14261,Millicom (Tigo),Telecom,06 - Junio,2026-06-13,60,2026-08-12,5406.12,56,31-60 días,Riesgo Moderado,Cliente Corporativo
FAC-2026-14262,Millicom (Tigo),Telecom,06 - Junio,2026-06-09,15,2026-06-24,43267.65,76,61-90 días,Riesgo Alto,Cliente Corporativo
FAC-2026-14263,Millicom (Tigo),Telecom,06 - Junio,2026-06-06,30,2026-07-06,5266.67,124,+90 días (Crítico),En Mora / Crítico,Cliente Corporativo
FAC-2026-14264,Millicom (Tigo),Telecom,06 - Junio,2026-06-19,30,2026-07-19,22646.76,47,31-60 días,Riesgo Moderado,Cliente Corporativo
FAC-2026-14265,Millicom (Tigo),Telecom,06 - Junio,2026-06-21,60,2026-08-20,38039.63,0,Al Día,Al Día / OK,Cliente Corporativo
FAC-2026-14266,Millicom (Tigo),Telecom,06 - Junio,2026-06-09,60,2026-08-08,7053.48,0,Al Día,Al Día / OK,Cliente Corporativo
FAC-2026-14267,Millicom (Tigo),Telecom,06 - Junio,2026-06-24,45,2026-08-08,7910.62,0,Al Día,Al Día / OK,Cliente Corporativo
FAC-2026-14268,Millicom (Tigo),Telecom,06 - Junio,2026-06-20,30,2026-07-20,32826.78,14,1-30 días,Atraso Preventivo,Cliente Corporativo
FAC-2026-14269,Millicom (Tigo),Telecom,06 - Junio,2026-06-09,45,2026-07-24,19923.15,12,1-30 días,Atraso Preventivo,Cliente Corporativo
FAC-2026-14270,Millicom (Tigo),Telecom,06 - Junio,2026-06-17,15,2026-07-02,25046.79,0,Al Día,Al Día / OK,Cliente Corporativo
FAC-2026-14271,Millicom (Tigo),Telecom,06 - Junio,2026-06-17,15,2026-07-02,1380.38,0,Al Día,Al Día / OK,Cliente Corporativo
FAC-2026-14272,Entel,Telecom,06 - Junio,2026-06-30,15,2026-07-15,9636.83,0,Al Día,Al Día / OK,Cliente Corporativo
FAC-2026-14273,Entel,Telecom,06 - Junio,2026-06-05,45,2026-07-20,8053.46,11,1-30 días,Atraso Preventivo,Cliente Corporativo
FAC-2026-14274,Entel,Telecom,06 - Junio,2026-06-16,60,2026-08-15,6593.13,47,31-60 días,Riesgo Moderado,Cliente Corporativo
FAC-2026-14275,Entel,Telecom,06 - Junio,2026-06-07,60,2026-08-06,10816.0,68,61-90 días,Riesgo Alto,Cliente Corporativo
FAC-2026-14276,Entel,Telecom,06 - Junio,2026-06-11,45,2026-07-26,5301.36,172,+90 días (Crítico),En Mora / Crítico,Cliente Corporativo
FAC-2026-14277,Entel,Telecom,06 - Junio,2026-06-15,60,2026-08-14,54329.75,0,Al Día,Al Día / OK,Cliente Corporativo
FAC-2026-14278,Entel,Telecom,06 - Junio,2026-06-20,15,2026-07-05,5096.25,23,1-30 días,Atraso Preventivo,Cliente Corporativo
FAC-2026-14279,Entel,Telecom,06 - Junio,2026-06-02,15,2026-06-17,6340.05,0,Al Día,Al Día / OK,Cliente Corporativo
FAC-2026-14280,Entel,Telecom,06 - Junio,2026-06-03,45,2026-07-18,15299.95,0,Al Día,Al Día / OK,Cliente Corporativo
FAC-2026-14281,Entel,Telecom,06 - Junio,2026-06-14,30,2026-07-14,19683.62,0,Al Día,Al Día / OK,Cliente Corporativo
FAC-2026-14282,Entel,Telecom,06 - Junio,2026-06-09,45,2026-07-24,35371.26,30,1-30 días,Atraso Preventivo,Cliente Corporativo
FAC-2026-14283,Entel,Telecom,06 - Junio,2026-06-11,30,2026-07-11,42913.39,17,1-30 días,Atraso Preventivo,Cliente Corporativo
FAC-2026-14284,Entel,Telecom,06 - Junio,2026-06-06,45,2026-07-21,9674.7,0,Al Día,Al Día / OK,Cliente Corporativo
FAC-2026-14285,Entel,Telecom,06 - Junio,2026-06-20,15,2026-07-05,57791.35,17,1-30 días,Atraso Preventivo,Cliente Corporativo
FAC-2026-14286,Entel,Telecom,06 - Junio,2026-06-16,15,2026-07-01,7403.25,0,Al Día,Al Día / OK,Cliente Corporativo
FAC-2026-14287,Entel,Telecom,06 - Junio,2026-06-22,30,2026-07-22,3383.74,0,Al Día,Al Día / OK,Cliente Corporativo
FAC-2026-14288,AT&T,Telecom,06 - Junio,2026-06-23,30,2026-07-23,2531.34,0,Al Día,Al Día / OK,Cliente Corporativo
FAC-2026-14289,AT&T,Telecom,06 - Junio,2026-06-09,15,2026-06-24,58268.52,12,1-30 días,Atraso Preventivo,Cliente Corporativo
FAC-2026-14290,AT&T,Telecom,06 - Junio,2026-06-23,60,2026-08-22,7510.49,46,31-60 días,Riesgo Moderado,Cliente Corporativo
FAC-2026-14291,AT&T,Telecom,06 - Junio,2026-06-10,15,2026-06-25,5341.54,85,61-90 días,Riesgo Alto,Cliente Corporativo
FAC-2026-14292,AT&T,Telecom,06 - Junio,2026-06-22,15,2026-07-07,5778.17,151,+90 días (Crítico),En Mora / Crítico,Cliente Corporativo
FAC-2026-14293,AT&T,Telecom,06 - Junio,2026-06-14,60,2026-08-13,48376.94,0,Al Día,Al Día / OK,Cliente Corporativo
FAC-2026-14294,AT&T,Telecom,06 - Junio,2026-06-11,30,2026-07-11,7768.86,0,Al Día,Al Día / OK,Cliente Corporativo
FAC-2026-14295,AT&T,Telecom,06 - Junio,2026-06-21,60,2026-08-20,5851.1,0,Al Día,Al Día / OK,Cliente Corporativo
FAC-2026-14296,AT&T,Telecom,06 - Junio,2026-06-26,60,2026-08-25,3626.54,0,Al Día,Al Día / OK,Cliente Corporativo
FAC-2026-14297,AT&T,Telecom,06 - Junio,2026-06-25,15,2026-07-10,21796.37,20,1-30 días,Atraso Preventivo,Cliente Corporativo
FAC-2026-14298,AT&T,Telecom,06 - Junio,2026-06-09,45,2026-07-24,20572.57,30,1-30 días,Atraso Preventivo,Cliente Corporativo
FAC-2026-14299,AT&T,Telecom,06 - Junio,2026-06-03,30,2026-07-03,7517.4,0,Al Día,Al Día / OK,Cliente Corporativo
FAC-2026-14300,AT&T,Telecom,06 - Junio,2026-06-18,60,2026-08-17,21682.13,169,+90 días (Crítico),En Mora / Crítico,Cliente Corporativo
FAC-2026-14301,AT&T,Telecom,06 - Junio,2026-06-19,60,2026-08-18,4847.27,0,Al Día,Al Día / OK,Cliente Corporativo
FAC-2026-14302,AT&T,Telecom,06 - Junio,2026-06-29,30,2026-07-29,7879.57,76,61-90 días,Riesgo Alto,Cliente Corporativo
FAC-2026-14303,AT&T,Telecom,06 - Junio,2026-06-10,30,2026-07-10,33400.17,0,Al Día,Al Día / OK,Cliente Corporativo
FAC-2026-14304,AT&T,Telecom,06 - Junio,2026-06-06,60,2026-08-05,21676.58,0,Al Día,Al Día / OK,Cliente Corporativo
FAC-2026-14305,AT&T,Telecom,06 - Junio,2026-06-26,60,2026-08-25,15175.49,0,Al Día,Al Día / OK,Cliente Corporativo
FAC-2026-14306,Liberty Latin America,Telecom,06 - Junio,2026-06-17,60,2026-08-16,8742.49,0,Al Día,Al Día / OK,Cliente Corporativo
FAC-2026-14307,Liberty Latin America,Telecom,06 - Junio,2026-06-14,30,2026-07-14,6335.75,6,1-30 días,Atraso Preventivo,Cliente Corporativo
FAC-2026-14308,Liberty Latin America,Telecom,06 - Junio,2026-06-27,15,2026-07-12,3228.5,50,31-60 días,Riesgo Moderado,Cliente Corporativo
FAC-2026-14309,Liberty Latin America,Telecom,06 - Junio,2026-06-15,15,2026-06-30,2079.19,90,61-90 días,Riesgo Alto,Cliente Corporativo
FAC-2026-14310,Liberty Latin America,Telecom,06 - Junio,2026-06-07,30,2026-07-07,15818.66,146,+90 días (Crítico),En Mora / Crítico,Cliente Corporativo
FAC-2026-14311,Liberty Latin America,Telecom,06 - Junio,2026-06-27,30,2026-07-27,9125.69,0,Al Día,Al Día / OK,Cliente Corporativo
FAC-2026-14312,Liberty Latin America,Telecom,06 - Junio,2026-06-02,60,2026-08-01,18670.28,0,Al Día,Al Día / OK,Cliente Corporativo
FAC-2026-14313,Liberty Latin America,Telecom,06 - Junio,2026-06-29,60,2026-08-28,19011.09,38,31-60 días,Riesgo Moderado,Cliente Corporativo
FAC-2026-14314,Liberty Latin America,Telecom,06 - Junio,2026-06-23,15,2026-07-08,28940.83,0,Al Día,Al Día / OK,Cliente Corporativo
FAC-2026-14315,Liberty Latin America,Telecom,06 - Junio,2026-06-09,30,2026-07-09,16273.16,56,31-60 días,Riesgo Moderado,Cliente Corporativo
FAC-2026-14316,Liberty Latin America,Telecom,06 - Junio,2026-06-17,45,2026-08-01,27194.86,117,+90 días (Crítico),En Mora / Crítico,Cliente Corporativo
FAC-2026-14317,Liberty Latin America,Telecom,06 - Junio,2026-06-02,30,2026-07-02,11361.31,14,1-30 días,Atraso Preventivo,Cliente Corporativo
FAC-2026-14318,Liberty Latin America,Telecom,06 - Junio,2026-06-12,15,2026-06-27,18027.35,0,Al Día,Al Día / OK,Cliente Corporativo
FAC-2026-14319,Liberty Latin America,Telecom,06 - Junio,2026-06-16,30,2026-07-16,25015.59,25,1-30 días,Atraso Preventivo,Cliente Corporativo
FAC-2026-14320,Telecom Argentina,Telecom,06 - Junio,2026-06-23,45,2026-08-07,5705.55,0,Al Día,Al Día / OK,Cliente Corporativo
FAC-2026-14321,Telecom Argentina,Telecom,06 - Junio,2026-06-01,60,2026-07-31,22097.66,17,1-30 días,Atraso Preventivo,Cliente Corporativo
FAC-2026-14322,Telecom Argentina,Telecom,06 - Junio,2026-06-09,30,2026-07-09,11995.69,47,31-60 días,Riesgo Moderado,Cliente Corporativo
FAC-2026-14323,Telecom Argentina,Telecom,06 - Junio,2026-06-07,15,2026-06-22,9960.47,70,61-90 días,Riesgo Alto,Cliente Corporativo
FAC-2026-14324,Telecom Argentina,Telecom,06 - Junio,2026-06-15,60,2026-08-14,20078.58,94,+90 días (Crítico),En Mora / Crítico,Cliente Corporativo
FAC-2026-14325,Telecom Argentina,Telecom,06 - Junio,2026-06-26,60,2026-08-25,20047.72,0,Al Día,Al Día / OK,Cliente Corporativo
FAC-2026-14326,Telecom Argentina,Telecom,06 - Junio,2026-06-07,30,2026-07-07,34227.18,0,Al Día,Al Día / OK,Cliente Corporativo
FAC-2026-14327,Telecom Argentina,Telecom,06 - Junio,2026-06-21,30,2026-07-21,1881.91,0,Al Día,Al Día / OK,Cliente Corporativo
FAC-2026-14328,Telecom Argentina,Telecom,06 - Junio,2026-06-01,15,2026-06-16,24522.12,32,31-60 días,Riesgo Moderado,Cliente Corporativo
FAC-2026-14329,Telecom Argentina,Telecom,06 - Junio,2026-06-27,45,2026-08-11,26493.64,13,1-30 días,Atraso Preventivo,Cliente Corporativo
FAC-2026-14330,Telecom Argentina,Telecom,06 - Junio,2026-06-15,15,2026-06-30,33782.58,0,Al Día,Al Día / OK,Cliente Corporativo
FAC-2026-14331,Telecom Argentina,Telecom,06 - Junio,2026-06-04,45,2026-07-19,27724.62,51,31-60 días,Riesgo Moderado,Cliente Corporativo
FAC-2026-14332,Telecom Argentina,Telecom,06 - Junio,2026-06-12,30,2026-07-12,22045.45,0,Al Día,Al Día / OK,Cliente Corporativo
FAC-2026-14333,Banco Santander,Banca & Fintech,06 - Junio,2026-06-10,30,2026-07-10,5148.05,0,Al Día,Al Día / OK,Cliente Corporativo
FAC-2026-14334,Banco Santander,Banca & Fintech,06 - Junio,2026-06-15,15,2026-06-30,13264.27,12,1-30 días,Atraso Preventivo,Cliente Corporativo
FAC-2026-14335,Banco Santander,Banca & Fintech,06 - Junio,2026-06-22,30,2026-07-22,9357.09,31,31-60 días,Riesgo Moderado,Cliente Corporativo
FAC-2026-14336,Banco Santander,Banca & Fintech,06 - Junio,2026-06-08,30,2026-07-08,32442.33,82,61-90 días,Riesgo Alto,Cliente Corporativo
FAC-2026-14337,Banco Santander,Banca & Fintech,06 - Junio,2026-06-09,15,2026-06-24,22420.32,125,+90 días (Crítico),En Mora / Crítico,Cliente Corporativo
FAC-2026-14338,Banco Santander,Banca & Fintech,06 - Junio,2026-06-27,15,2026-07-12,40656.14,12,1-30 días,Atraso Preventivo,Cliente Corporativo
FAC-2026-14339,Banco Santander,Banca & Fintech,06 - Junio,2026-06-21,30,2026-07-21,30146.56,14,1-30 días,Atraso Preventivo,Cliente Corporativo
FAC-2026-14340,Banco Santander,Banca & Fintech,06 - Junio,2026-06-12,60,2026-08-11,6467.16,0,Al Día,Al Día / OK,Cliente Corporativo
FAC-2026-14341,Banco Santander,Banca & Fintech,06 - Junio,2026-06-11,60,2026-08-10,33398.8,22,1-30 días,Atraso Preventivo,Cliente Corporativo
FAC-2026-14342,Banco Santander,Banca & Fintech,06 - Junio,2026-06-23,45,2026-08-07,85140.33,0,Al Día,Al Día / OK,Cliente Corporativo
FAC-2026-14343,Banco Santander,Banca & Fintech,06 - Junio,2026-06-08,60,2026-08-07,2403.99,159,+90 días (Crítico),En Mora / Crítico,Cliente Corporativo
FAC-2026-14344,Banco Santander,Banca & Fintech,06 - Junio,2026-06-15,30,2026-07-15,8870.3,0,Al Día,Al Día / OK,Cliente Corporativo
FAC-2026-14345,Banco Santander,Banca & Fintech,06 - Junio,2026-06-18,30,2026-07-18,2161.09,0,Al Día,Al Día / OK,Cliente Corporativo
FAC-2026-14346,Banco Santander,Banca & Fintech,06 - Junio,2026-06-02,60,2026-08-01,12480.07,0,Al Día,Al Día / OK,Cliente Corporativo
FAC-2026-14347,Banco Santander,Banca & Fintech,06 - Junio,2026-06-28,15,2026-07-13,12670.34,0,Al Día,Al Día / OK,Cliente Corporativo
FAC-2026-14348,Banco Santander,Banca & Fintech,06 - Junio,2026-06-29,15,2026-07-14,22046.46,0,Al Día,Al Día / OK,Cliente Corporativo
FAC-2026-14349,Banco Santander,Banca & Fintech,06 - Junio,2026-06-06,30,2026-07-06,1828.84,38,31-60 días,Riesgo Moderado,Cliente Corporativo
FAC-2026-14350,BBVA,Banca & Fintech,06 - Junio,2026-06-19,30,2026-07-19,33557.4,0,Al Día,Al Día / OK,Cliente Corporativo
FAC-2026-14351,BBVA,Banca & Fintech,06 - Junio,2026-06-03,60,2026-08-02,77797.5,5,1-30 días,Atraso Preventivo,Cliente Corporativo
FAC-2026-14352,BBVA,Banca & Fintech,06 - Junio,2026-06-14,45,2026-07-29,12511.19,52,31-60 días,Riesgo Moderado,Cliente Corporativo
FAC-2026-14353,BBVA,Banca & Fintech,06 - Junio,2026-06-09,45,2026-07-24,4431.67,74,61-90 días,Riesgo Alto,Cliente Corporativo
FAC-2026-14354,BBVA,Banca & Fintech,06 - Junio,2026-06-09,15,2026-06-24,21430.55,97,+90 días (Crítico),En Mora / Crítico,Cliente Corporativo
FAC-2026-14355,BBVA,Banca & Fintech,06 - Junio,2026-06-17,60,2026-08-16,9539.63,12,1-30 días,Atraso Preventivo,Cliente Corporativo
FAC-2026-14356,BBVA,Banca & Fintech,06 - Junio,2026-06-03,30,2026-07-03,13881.78,0,Al Día,Al Día / OK,Cliente Corporativo
FAC-2026-14357,BBVA,Banca & Fintech,06 - Junio,2026-06-27,60,2026-08-26,49062.77,18,1-30 días,Atraso Preventivo,Cliente Corporativo
FAC-2026-14358,BBVA,Banca & Fintech,06 - Junio,2026-06-02,30,2026-07-02,8153.84,26,1-30 días,Atraso Preventivo,Cliente Corporativo
FAC-2026-14359,BBVA,Banca & Fintech,06 - Junio,2026-06-06,30,2026-07-06,25979.51,57,31-60 días,Riesgo Moderado,Cliente Corporativo
FAC-2026-14360,BBVA,Banca & Fintech,06 - Junio,2026-06-21,45,2026-08-05,15559.93,0,Al Día,Al Día / OK,Cliente Corporativo
FAC-2026-14361,BBVA,Banca & Fintech,06 - Junio,2026-06-02,60,2026-08-01,66757.2,86,61-90 días,Riesgo Alto,Cliente Corporativo
FAC-2026-14362,BBVA,Banca & Fintech,06 - Junio,2026-06-04,45,2026-07-19,3689.84,70,61-90 días,Riesgo Alto,Cliente Corporativo
FAC-2026-14363,Banco de Chile,Banca & Fintech,06 - Junio,2026-06-10,15,2026-06-25,14573.14,0,Al Día,Al Día / OK,Cliente Corporativo
FAC-2026-14364,Banco de Chile,Banca & Fintech,06 - Junio,2026-06-04,45,2026-07-19,34681.34,30,1-30 días,Atraso Preventivo,Cliente Corporativo
FAC-2026-14365,Banco de Chile,Banca & Fintech,06 - Junio,2026-06-28,45,2026-08-12,77140.38,42,31-60 días,Riesgo Moderado,Cliente Corporativo
FAC-2026-14366,Banco de Chile,Banca & Fintech,06 - Junio,2026-06-25,60,2026-08-24,9505.46,85,61-90 días,Riesgo Alto,Cliente Corporativo
FAC-2026-14367,Banco de Chile,Banca & Fintech,06 - Junio,2026-06-10,15,2026-06-25,4813.23,129,+90 días (Crítico),En Mora / Crítico,Cliente Corporativo
FAC-2026-14368,Banco de Chile,Banca & Fintech,06 - Junio,2026-06-18,45,2026-08-02,6685.63,26,1-30 días,Atraso Preventivo,Cliente Corporativo
FAC-2026-14369,Banco de Chile,Banca & Fintech,06 - Junio,2026-06-26,15,2026-07-11,2194.98,0,Al Día,Al Día / OK,Cliente Corporativo
FAC-2026-14370,Banco de Chile,Banca & Fintech,06 - Junio,2026-06-19,15,2026-07-04,21627.84,30,1-30 días,Atraso Preventivo,Cliente Corporativo
FAC-2026-14371,Banco de Chile,Banca & Fintech,06 - Junio,2026-06-05,60,2026-08-04,42627.29,23,1-30 días,Atraso Preventivo,Cliente Corporativo
FAC-2026-14372,Banco de Chile,Banca & Fintech,06 - Junio,2026-06-02,60,2026-08-01,23122.54,0,Al Día,Al Día / OK,Cliente Corporativo
FAC-2026-14373,Banco de Chile,Banca & Fintech,06 - Junio,2026-06-01,45,2026-07-16,10384.02,57,31-60 días,Riesgo Moderado,Cliente Corporativo
FAC-2026-14374,Banco de Chile,Banca & Fintech,06 - Junio,2026-06-28,15,2026-07-13,10303.06,28,1-30 días,Atraso Preventivo,Cliente Corporativo
FAC-2026-14375,Banco de Chile,Banca & Fintech,06 - Junio,2026-06-25,15,2026-07-10,15819.44,25,1-30 días,Atraso Preventivo,Cliente Corporativo
FAC-2026-14376,Bancolombia,Banca & Fintech,06 - Junio,2026-06-11,45,2026-07-26,10467.2,0,Al Día,Al Día / OK,Cliente Corporativo
FAC-2026-14377,Bancolombia,Banca & Fintech,06 - Junio,2026-06-18,45,2026-08-02,6167.95,28,1-30 días,Atraso Preventivo,Cliente Corporativo
FAC-2026-14378,Bancolombia,Banca & Fintech,06 - Junio,2026-06-06,45,2026-07-21,4010.82,42,31-60 días,Riesgo Moderado,Cliente Corporativo
FAC-2026-14379,Bancolombia,Banca & Fintech,06 - Junio,2026-06-19,45,2026-08-03,6880.72,87,61-90 días,Riesgo Alto,Cliente Corporativo
FAC-2026-14380,Bancolombia,Banca & Fintech,06 - Junio,2026-06-16,45,2026-07-31,25778.35,150,+90 días (Crítico),En Mora / Crítico,Cliente Corporativo
FAC-2026-14381,Bancolombia,Banca & Fintech,06 - Junio,2026-06-08,45,2026-07-23,19502.48,138,+90 días (Crítico),En Mora / Crítico,Cliente Corporativo
FAC-2026-14382,Bancolombia,Banca & Fintech,06 - Junio,2026-06-29,45,2026-08-13,27964.0,0,Al Día,Al Día / OK,Cliente Corporativo
FAC-2026-14383,Bancolombia,Banca & Fintech,06 - Junio,2026-06-14,30,2026-07-14,10553.65,0,Al Día,Al Día / OK,Cliente Corporativo
FAC-2026-14384,Bancolombia,Banca & Fintech,06 - Junio,2026-06-09,15,2026-06-24,1722.21,0,Al Día,Al Día / OK,Cliente Corporativo
FAC-2026-14385,Bancolombia,Banca & Fintech,06 - Junio,2026-06-06,60,2026-08-05,46751.04,42,31-60 días,Riesgo Moderado,Cliente Corporativo
FAC-2026-14386,Bancolombia,Banca & Fintech,06 - Junio,2026-06-23,15,2026-07-08,10724.87,0,Al Día,Al Día / OK,Cliente Corporativo
FAC-2026-14387,Bancolombia,Banca & Fintech,06 - Junio,2026-06-11,45,2026-07-26,2164.73,0,Al Día,Al Día / OK,Cliente Corporativo
FAC-2026-14388,Bancolombia,Banca & Fintech,06 - Junio,2026-06-19,15,2026-07-04,5180.64,0,Al Día,Al Día / OK,Cliente Corporativo
FAC-2026-14389,Bancolombia,Banca & Fintech,06 - Junio,2026-06-25,30,2026-07-25,1534.91,0,Al Día,Al Día / OK,Cliente Corporativo
FAC-2026-14390,Bancolombia,Banca & Fintech,06 - Junio,2026-06-15,15,2026-06-30,21920.9,0,Al Día,Al Día / OK,Cliente Corporativo
FAC-2026-14391,Itaú Unibanco,Banca & Fintech,06 - Junio,2026-06-02,45,2026-07-17,10299.01,0,Al Día,Al Día / OK,Cliente Corporativo
FAC-2026-14392,Itaú Unibanco,Banca & Fintech,06 - Junio,2026-06-16,60,2026-08-15,23438.74,17,1-30 días,Atraso Preventivo,Cliente Corporativo
FAC-2026-14393,Itaú Unibanco,Banca & Fintech,06 - Junio,2026-06-18,15,2026-07-03,12250.7,42,31-60 días,Riesgo Moderado,Cliente Corporativo
FAC-2026-14394,Itaú Unibanco,Banca & Fintech,06 - Junio,2026-06-12,15,2026-06-27,75587.59,80,61-90 días,Riesgo Alto,Cliente Corporativo
FAC-2026-14395,Itaú Unibanco,Banca & Fintech,06 - Junio,2026-06-21,60,2026-08-20,2046.16,142,+90 días (Crítico),En Mora / Crítico,Cliente Corporativo
FAC-2026-14396,Itaú Unibanco,Banca & Fintech,06 - Junio,2026-06-17,45,2026-08-01,17790.44,34,31-60 días,Riesgo Moderado,Cliente Corporativo
FAC-2026-14397,Itaú Unibanco,Banca & Fintech,06 - Junio,2026-06-07,45,2026-07-22,13577.76,0,Al Día,Al Día / OK,Cliente Corporativo
FAC-2026-14398,Itaú Unibanco,Banca & Fintech,06 - Junio,2026-06-24,60,2026-08-23,10938.24,45,31-60 días,Riesgo Moderado,Cliente Corporativo
FAC-2026-14399,Itaú Unibanco,Banca & Fintech,06 - Junio,2026-06-09,45,2026-07-24,50700.38,0,Al Día,Al Día / OK,Cliente Corporativo
FAC-2026-14400,Itaú Unibanco,Banca & Fintech,06 - Junio,2026-06-15,60,2026-08-14,16700.16,0,Al Día,Al Día / OK,Cliente Corporativo
FAC-2026-14401,Itaú Unibanco,Banca & Fintech,06 - Junio,2026-06-16,30,2026-07-16,5716.57,0,Al Día,Al Día / OK,Cliente Corporativo
FAC-2026-14402,Itaú Unibanco,Banca & Fintech,06 - Junio,2026-06-11,15,2026-06-26,12094.5,0,Al Día,Al Día / OK,Cliente Corporativo
FAC-2026-14403,Itaú Unibanco,Banca & Fintech,06 - Junio,2026-06-15,45,2026-07-30,4888.13,0,Al Día,Al Día / OK,Cliente Corporativo
FAC-2026-14404,Nubank,Banca & Fintech,06 - Junio,2026-06-30,30,2026-07-30,8089.14,0,Al Día,Al Día / OK,Cliente Corporativo
FAC-2026-14405,Nubank,Banca & Fintech,06 - Junio,2026-06-19,30,2026-07-19,19821.04,21,1-30 días,Atraso Preventivo,Cliente Corporativo
FAC-2026-14406,Nubank,Banca & Fintech,06 - Junio,2026-06-28,60,2026-08-27,1522.71,35,31-60 días,Riesgo Moderado,Cliente Corporativo
FAC-2026-14407,Nubank,Banca & Fintech,06 - Junio,2026-06-13,60,2026-08-12,14160.52,69,61-90 días,Riesgo Alto,Cliente Corporativo
FAC-2026-14408,Nubank,Banca & Fintech,06 - Junio,2026-06-24,15,2026-07-09,9517.52,150,+90 días (Crítico),En Mora / Crítico,Cliente Corporativo
FAC-2026-14409,Nubank,Banca & Fintech,06 - Junio,2026-06-23,45,2026-08-07,6370.62,37,31-60 días,Riesgo Moderado,Cliente Corporativo
FAC-2026-14410,Nubank,Banca & Fintech,06 - Junio,2026-06-13,60,2026-08-12,14356.46,14,1-30 días,Atraso Preventivo,Cliente Corporativo
FAC-2026-14411,Nubank,Banca & Fintech,06 - Junio,2026-06-12,30,2026-07-12,2550.34,0,Al Día,Al Día / OK,Cliente Corporativo
FAC-2026-14412,Nubank,Banca & Fintech,06 - Junio,2026-06-05,60,2026-08-04,1673.47,11,1-30 días,Atraso Preventivo,Cliente Corporativo
FAC-2026-14413,Nubank,Banca & Fintech,06 - Junio,2026-06-03,30,2026-07-03,65727.71,0,Al Día,Al Día / OK,Cliente Corporativo
FAC-2026-14414,Nubank,Banca & Fintech,06 - Junio,2026-06-14,30,2026-07-14,40722.07,0,Al Día,Al Día / OK,Cliente Corporativo
FAC-2026-14415,Nubank,Banca & Fintech,06 - Junio,2026-06-09,45,2026-07-24,52211.02,0,Al Día,Al Día / OK,Cliente Corporativo
FAC-2026-14416,Nubank,Banca & Fintech,06 - Junio,2026-06-02,45,2026-07-17,7652.67,0,Al Día,Al Día / OK,Cliente Corporativo
FAC-2026-14417,Nubank,Banca & Fintech,06 - Junio,2026-06-18,45,2026-08-02,1211.51,0,Al Día,Al Día / OK,Cliente Corporativo
FAC-2026-14418,Nubank,Banca & Fintech,06 - Junio,2026-06-16,45,2026-07-31,36997.15,0,Al Día,Al Día / OK,Cliente Corporativo
FAC-2026-14419,Nubank,Banca & Fintech,06 - Junio,2026-06-01,60,2026-07-31,95681.38,0,Al Día,Al Día / OK,Cliente Corporativo
FAC-2026-14420,Nubank,Banca & Fintech,06 - Junio,2026-06-14,30,2026-07-14,13530.93,0,Al Día,Al Día / OK,Cliente Corporativo
FAC-2026-14421,Nubank,Banca & Fintech,06 - Junio,2026-06-30,15,2026-07-15,10072.58,0,Al Día,Al Día / OK,Cliente Corporativo
FAC-2026-14422,Nubank,Banca & Fintech,06 - Junio,2026-06-15,60,2026-08-14,37267.22,0,Al Día,Al Día / OK,Cliente Corporativo
FAC-2026-14423,Nubank,Banca & Fintech,06 - Junio,2026-06-11,45,2026-07-26,3298.04,12,1-30 días,Atraso Preventivo,Cliente Corporativo
FAC-2026-14424,Banco Galicia,Banca & Fintech,06 - Junio,2026-06-15,45,2026-07-30,63484.06,0,Al Día,Al Día / OK,Cliente Corporativo
FAC-2026-14425,Banco Galicia,Banca & Fintech,06 - Junio,2026-06-15,60,2026-08-14,1518.07,20,1-30 días,Atraso Preventivo,Cliente Corporativo
FAC-2026-14426,Banco Galicia,Banca & Fintech,06 - Junio,2026-06-15,60,2026-08-14,3582.72,60,31-60 días,Riesgo Moderado,Cliente Corporativo
FAC-2026-14427,Banco Galicia,Banca & Fintech,06 - Junio,2026-06-01,45,2026-07-16,7600.49,66,61-90 días,Riesgo Alto,Cliente Corporativo
FAC-2026-14428,Banco Galicia,Banca & Fintech,06 - Junio,2026-06-27,45,2026-08-11,7537.39,142,+90 días (Crítico),En Mora / Crítico,Cliente Corporativo
FAC-2026-14429,Banco Galicia,Banca & Fintech,06 - Junio,2026-06-26,15,2026-07-11,10363.02,20,1-30 días,Atraso Preventivo,Cliente Corporativo
FAC-2026-14430,Banco Galicia,Banca & Fintech,06 - Junio,2026-06-04,60,2026-08-03,10901.98,0,Al Día,Al Día / OK,Cliente Corporativo
FAC-2026-14431,Banco Galicia,Banca & Fintech,06 - Junio,2026-06-05,60,2026-08-04,5488.21,18,1-30 días,Atraso Preventivo,Cliente Corporativo
FAC-2026-14432,Banco Galicia,Banca & Fintech,06 - Junio,2026-06-24,15,2026-07-09,57641.38,0,Al Día,Al Día / OK,Cliente Corporativo
FAC-2026-14433,Banco Galicia,Banca & Fintech,06 - Junio,2026-06-03,15,2026-06-18,11149.59,17,1-30 días,Atraso Preventivo,Cliente Corporativo
FAC-2026-14434,Banco Galicia,Banca & Fintech,06 - Junio,2026-06-11,45,2026-07-26,4099.32,0,Al Día,Al Día / OK,Cliente Corporativo
FAC-2026-14435,Banco Galicia,Banca & Fintech,06 - Junio,2026-06-11,30,2026-07-11,21713.02,9,1-30 días,Atraso Preventivo,Cliente Corporativo
FAC-2026-14436,Banco Galicia,Banca & Fintech,06 - Junio,2026-06-07,60,2026-08-06,90042.33,10,1-30 días,Atraso Preventivo,Cliente Corporativo
FAC-2026-14437,Banco Galicia,Banca & Fintech,06 - Junio,2026-06-13,60,2026-08-12,8294.43,0,Al Día,Al Día / OK,Cliente Corporativo
FAC-2026-14438,Banorte,Banca & Fintech,06 - Junio,2026-06-02,60,2026-08-01,19551.44,0,Al Día,Al Día / OK,Cliente Corporativo
FAC-2026-14439,Banorte,Banca & Fintech,06 - Junio,2026-06-06,15,2026-06-21,4926.04,15,1-30 días,Atraso Preventivo,Cliente Corporativo
FAC-2026-14440,Banorte,Banca & Fintech,06 - Junio,2026-06-18,30,2026-07-18,28967.47,58,31-60 días,Riesgo Moderado,Cliente Corporativo
FAC-2026-14441,Banorte,Banca & Fintech,06 - Junio,2026-06-16,30,2026-07-16,28872.11,67,61-90 días,Riesgo Alto,Cliente Corporativo
FAC-2026-14442,Banorte,Banca & Fintech,06 - Junio,2026-06-01,45,2026-07-16,2419.32,143,+90 días (Crítico),En Mora / Crítico,Cliente Corporativo
FAC-2026-14443,Banorte,Banca & Fintech,06 - Junio,2026-06-25,60,2026-08-24,36702.25,0,Al Día,Al Día / OK,Cliente Corporativo
FAC-2026-14444,Banorte,Banca & Fintech,06 - Junio,2026-06-08,60,2026-08-07,23355.83,0,Al Día,Al Día / OK,Cliente Corporativo
FAC-2026-14445,Banorte,Banca & Fintech,06 - Junio,2026-06-13,15,2026-06-28,41561.63,0,Al Día,Al Día / OK,Cliente Corporativo
FAC-2026-14446,Banorte,Banca & Fintech,06 - Junio,2026-06-03,60,2026-08-02,6697.72,0,Al Día,Al Día / OK,Cliente Corporativo
FAC-2026-14447,Banorte,Banca & Fintech,06 - Junio,2026-06-13,15,2026-06-28,22705.46,0,Al Día,Al Día / OK,Cliente Corporativo
FAC-2026-14448,Banorte,Banca & Fintech,06 - Junio,2026-06-17,30,2026-07-17,1447.9,66,61-90 días,Riesgo Alto,Cliente Corporativo
FAC-2026-14449,Banorte,Banca & Fintech,06 - Junio,2026-06-22,30,2026-07-22,6676.31,0,Al Día,Al Día / OK,Cliente Corporativo
FAC-2026-14450,Banorte,Banca & Fintech,06 - Junio,2026-06-01,15,2026-06-16,48936.12,9,1-30 días,Atraso Preventivo,Cliente Corporativo
FAC-2026-14451,Cemex,Industrial,06 - Junio,2026-06-21,45,2026-08-05,2352.91,0,Al Día,Al Día / OK,Cliente Corporativo
FAC-2026-14452,Cemex,Industrial,06 - Junio,2026-06-12,15,2026-06-27,82547.87,24,1-30 días,Atraso Preventivo,Cliente Corporativo
FAC-2026-14453,Cemex,Industrial,06 - Junio,2026-06-23,60,2026-08-22,32083.78,45,31-60 días,Riesgo Moderado,Cliente Corporativo
FAC-2026-14454,Cemex,Industrial,06 - Junio,2026-06-18,60,2026-08-17,23400.57,80,61-90 días,Riesgo Alto,Cliente Corporativo
FAC-2026-14455,Cemex,Industrial,06 - Junio,2026-06-18,30,2026-07-18,37510.15,124,+90 días (Crítico),En Mora / Crítico,Cliente Corporativo
FAC-2026-14456,Cemex,Industrial,06 - Junio,2026-06-16,30,2026-07-16,17546.43,0,Al Día,Al Día / OK,Cliente Corporativo
FAC-2026-14457,Cemex,Industrial,06 - Junio,2026-06-09,30,2026-07-09,6900.85,59,31-60 días,Riesgo Moderado,Cliente Corporativo
FAC-2026-14458,Cemex,Industrial,06 - Junio,2026-06-11,30,2026-07-11,30696.25,0,Al Día,Al Día / OK,Cliente Corporativo
FAC-2026-14459,Cemex,Industrial,06 - Junio,2026-06-03,30,2026-07-03,4649.84,0,Al Día,Al Día / OK,Cliente Corporativo
FAC-2026-14460,Cemex,Industrial,06 - Junio,2026-06-16,45,2026-07-31,6595.55,0,Al Día,Al Día / OK,Cliente Corporativo
FAC-2026-14461,Cemex,Industrial,06 - Junio,2026-06-10,45,2026-07-25,34463.94,19,1-30 días,Atraso Preventivo,Cliente Corporativo
FAC-2026-14462,Cemex,Industrial,06 - Junio,2026-06-04,15,2026-06-19,10309.64,20,1-30 días,Atraso Preventivo,Cliente Corporativo
FAC-2026-14463,Cemex,Industrial,06 - Junio,2026-06-15,60,2026-08-14,3969.25,0,Al Día,Al Día / OK,Cliente Corporativo
FAC-2026-14464,Grupo Bimbo,Industrial,06 - Junio,2026-06-03,30,2026-07-03,37041.86,0,Al Día,Al Día / OK,Cliente Corporativo
FAC-2026-14465,Grupo Bimbo,Industrial,06 - Junio,2026-06-04,30,2026-07-04,13142.19,5,1-30 días,Atraso Preventivo,Cliente Corporativo
FAC-2026-14466,Grupo Bimbo,Industrial,06 - Junio,2026-06-09,15,2026-06-24,9557.54,44,31-60 días,Riesgo Moderado,Cliente Corporativo
FAC-2026-14467,Grupo Bimbo,Industrial,06 - Junio,2026-06-10,45,2026-07-25,3235.98,76,61-90 días,Riesgo Alto,Cliente Corporativo
FAC-2026-14468,Grupo Bimbo,Industrial,06 - Junio,2026-06-19,60,2026-08-18,3693.93,93,+90 días (Crítico),En Mora / Crítico,Cliente Corporativo
FAC-2026-14469,Grupo Bimbo,Industrial,06 - Junio,2026-06-15,15,2026-06-30,1665.39,0,Al Día,Al Día / OK,Cliente Corporativo
FAC-2026-14470,Grupo Bimbo,Industrial,06 - Junio,2026-06-07,60,2026-08-06,12166.45,38,31-60 días,Riesgo Moderado,Cliente Corporativo
FAC-2026-14471,Grupo Bimbo,Industrial,06 - Junio,2026-06-16,45,2026-07-31,3910.03,0,Al Día,Al Día / OK,Cliente Corporativo
FAC-2026-14472,Grupo Bimbo,Industrial,06 - Junio,2026-06-23,45,2026-08-07,17731.18,175,+90 días (Crítico),En Mora / Crítico,Cliente Corporativo
FAC-2026-14473,Grupo Bimbo,Industrial,06 - Junio,2026-06-09,15,2026-06-24,7185.37,0,Al Día,Al Día / OK,Cliente Corporativo
FAC-2026-14474,Grupo Bimbo,Industrial,06 - Junio,2026-06-02,30,2026-07-02,31504.68,0,Al Día,Al Día / OK,Cliente Corporativo
FAC-2026-14475,Grupo Bimbo,Industrial,06 - Junio,2026-06-05,45,2026-07-20,40100.02,40,31-60 días,Riesgo Moderado,Cliente Corporativo
FAC-2026-14476,Grupo Bimbo,Industrial,06 - Junio,2026-06-23,60,2026-08-22,1458.73,9,1-30 días,Atraso Preventivo,Cliente Corporativo
FAC-2026-14477,Grupo Bimbo,Industrial,06 - Junio,2026-06-27,60,2026-08-26,8206.66,0,Al Día,Al Día / OK,Cliente Corporativo
FAC-2026-14478,Grupo Bimbo,Industrial,06 - Junio,2026-06-08,45,2026-07-23,20327.64,0,Al Día,Al Día / OK,Cliente Corporativo
FAC-2026-14479,Ternium,Industrial,06 - Junio,2026-06-11,15,2026-06-26,2603.12,0,Al Día,Al Día / OK,Cliente Corporativo
FAC-2026-14480,Ternium,Industrial,06 - Junio,2026-06-01,45,2026-07-16,6403.68,30,1-30 días,Atraso Preventivo,Cliente Corporativo
FAC-2026-14481,Ternium,Industrial,06 - Junio,2026-06-08,30,2026-07-08,12136.32,33,31-60 días,Riesgo Moderado,Cliente Corporativo
FAC-2026-14482,Ternium,Industrial,06 - Junio,2026-06-12,30,2026-07-12,18999.51,88,61-90 días,Riesgo Alto,Cliente Corporativo
FAC-2026-14483,Ternium,Industrial,06 - Junio,2026-06-08,15,2026-06-23,4055.87,144,+90 días (Crítico),En Mora / Crítico,Cliente Corporativo
FAC-2026-14484,Ternium,Industrial,06 - Junio,2026-06-06,15,2026-06-21,21870.13,0,Al Día,Al Día / OK,Cliente Corporativo
FAC-2026-14485,Ternium,Industrial,06 - Junio,2026-06-26,15,2026-07-11,24388.09,57,31-60 días,Riesgo Moderado,Cliente Corporativo
FAC-2026-14486,Ternium,Industrial,06 - Junio,2026-06-04,30,2026-07-04,17547.08,7,1-30 días,Atraso Preventivo,Cliente Corporativo
FAC-2026-14487,Ternium,Industrial,06 - Junio,2026-06-16,30,2026-07-16,4339.98,137,+90 días (Crítico),En Mora / Crítico,Cliente Corporativo
FAC-2026-14488,Ternium,Industrial,06 - Junio,2026-06-29,45,2026-08-13,24137.91,0,Al Día,Al Día / OK,Cliente Corporativo
FAC-2026-14489,Ternium,Industrial,06 - Junio,2026-06-29,60,2026-08-28,14497.11,0,Al Día,Al Día / OK,Cliente Corporativo
FAC-2026-14490,Ternium,Industrial,06 - Junio,2026-06-25,60,2026-08-24,5923.69,6,1-30 días,Atraso Preventivo,Cliente Corporativo
FAC-2026-14491,Ternium,Industrial,06 - Junio,2026-06-30,45,2026-08-14,16824.4,0,Al Día,Al Día / OK,Cliente Corporativo
FAC-2026-14492,Arcor,Industrial,06 - Junio,2026-06-20,15,2026-07-05,11765.27,0,Al Día,Al Día / OK,Cliente Corporativo
FAC-2026-14493,Arcor,Industrial,06 - Junio,2026-06-05,30,2026-07-05,8019.25,8,1-30 días,Atraso Preventivo,Cliente Corporativo
FAC-2026-14494,Arcor,Industrial,06 - Junio,2026-06-21,15,2026-07-06,10973.56,51,31-60 días,Riesgo Moderado,Cliente Corporativo
FAC-2026-14495,Arcor,Industrial,06 - Junio,2026-06-16,30,2026-07-16,8231.13,71,61-90 días,Riesgo Alto,Cliente Corporativo
FAC-2026-14496,Arcor,Industrial,06 - Junio,2026-06-15,30,2026-07-15,10100.07,100,+90 días (Crítico),En Mora / Crítico,Cliente Corporativo
FAC-2026-14497,Arcor,Industrial,06 - Junio,2026-06-16,45,2026-07-31,33262.18,0,Al Día,Al Día / OK,Cliente Corporativo
FAC-2026-14498,Arcor,Industrial,06 - Junio,2026-06-06,30,2026-07-06,41636.46,0,Al Día,Al Día / OK,Cliente Corporativo
FAC-2026-14499,Arcor,Industrial,06 - Junio,2026-06-07,30,2026-07-07,21657.53,130,+90 días (Crítico),En Mora / Crítico,Cliente Corporativo
FAC-2026-14500,Arcor,Industrial,06 - Junio,2026-06-25,60,2026-08-24,36801.17,0,Al Día,Al Día / OK,Cliente Corporativo
FAC-2026-14501,Arcor,Industrial,06 - Junio,2026-06-27,15,2026-07-12,2966.8,0,Al Día,Al Día / OK,Cliente Corporativo
FAC-2026-14502,Arcor,Industrial,06 - Junio,2026-06-13,30,2026-07-13,46138.31,0,Al Día,Al Día / OK,Cliente Corporativo
FAC-2026-14503,Arcor,Industrial,06 - Junio,2026-06-07,60,2026-08-06,4988.07,0,Al Día,Al Día / OK,Cliente Corporativo
FAC-2026-14504,Arcor,Industrial,06 - Junio,2026-06-16,45,2026-07-31,29044.88,5,1-30 días,Atraso Preventivo,Cliente Corporativo
FAC-2026-14505,Arcor,Industrial,06 - Junio,2026-06-29,60,2026-08-28,25554.27,13,1-30 días,Atraso Preventivo,Cliente Corporativo
FAC-2026-14506,Arcor,Industrial,06 - Junio,2026-06-09,15,2026-06-24,13912.04,0,Al Día,Al Día / OK,Cliente Corporativo
FAC-2026-14507,Arcor,Industrial,06 - Junio,2026-06-11,15,2026-06-26,1840.95,30,1-30 días,Atraso Preventivo,Cliente Corporativo
FAC-2026-14508,Arcor,Industrial,06 - Junio,2026-06-12,60,2026-08-11,20274.25,8,1-30 días,Atraso Preventivo,Cliente Corporativo
FAC-2026-14509,Alpek,Industrial,06 - Junio,2026-06-06,45,2026-07-21,19992.61,0,Al Día,Al Día / OK,Cliente Corporativo
FAC-2026-14510,Alpek,Industrial,06 - Junio,2026-06-18,60,2026-08-17,14107.62,7,1-30 días,Atraso Preventivo,Cliente Corporativo
FAC-2026-14511,Alpek,Industrial,06 - Junio,2026-06-02,45,2026-07-17,24320.99,34,31-60 días,Riesgo Moderado,Cliente Corporativo
FAC-2026-14512,Alpek,Industrial,06 - Junio,2026-06-19,30,2026-07-19,16148.11,70,61-90 días,Riesgo Alto,Cliente Corporativo
FAC-2026-14513,Alpek,Industrial,06 - Junio,2026-06-01,15,2026-06-16,5074.72,168,+90 días (Crítico),En Mora / Crítico,Cliente Corporativo
FAC-2026-14514,Alpek,Industrial,06 - Junio,2026-06-19,60,2026-08-18,33860.31,0,Al Día,Al Día / OK,Cliente Corporativo
FAC-2026-14515,Alpek,Industrial,06 - Junio,2026-06-02,45,2026-07-17,1373.37,0,Al Día,Al Día / OK,Cliente Corporativo
FAC-2026-14516,Alpek,Industrial,06 - Junio,2026-06-15,60,2026-08-14,3152.75,0,Al Día,Al Día / OK,Cliente Corporativo
FAC-2026-14517,Alpek,Industrial,06 - Junio,2026-06-03,15,2026-06-18,6805.01,23,1-30 días,Atraso Preventivo,Cliente Corporativo
FAC-2026-14518,Alpek,Industrial,06 - Junio,2026-06-21,45,2026-08-05,1696.43,0,Al Día,Al Día / OK,Cliente Corporativo
FAC-2026-14519,Alpek,Industrial,06 - Junio,2026-06-18,30,2026-07-18,7289.01,0,Al Día,Al Día / OK,Cliente Corporativo
FAC-2026-14520,Alpek,Industrial,06 - Junio,2026-06-22,30,2026-07-22,20198.59,0,Al Día,Al Día / OK,Cliente Corporativo
FAC-2026-14521,Alpek,Industrial,06 - Junio,2026-06-23,60,2026-08-22,1580.3,18,1-30 días,Atraso Preventivo,Cliente Corporativo
FAC-2026-14522,Alpek,Industrial,06 - Junio,2026-06-23,45,2026-08-07,73127.71,16,1-30 días,Atraso Preventivo,Cliente Corporativo
FAC-2026-14523,Grupo México,Industrial,06 - Junio,2026-06-21,15,2026-07-06,40339.08,0,Al Día,Al Día / OK,Cliente Corporativo
FAC-2026-14524,Grupo México,Industrial,06 - Junio,2026-06-01,15,2026-06-16,8072.07,10,1-30 días,Atraso Preventivo,Cliente Corporativo
FAC-2026-14525,Grupo México,Industrial,06 - Junio,2026-06-15,15,2026-06-30,47694.68,53,31-60 días,Riesgo Moderado,Cliente Corporativo
FAC-2026-14526,Grupo México,Industrial,06 - Junio,2026-06-07,45,2026-07-22,10850.72,84,61-90 días,Riesgo Alto,Cliente Corporativo
FAC-2026-14527,Grupo México,Industrial,06 - Junio,2026-06-02,30,2026-07-02,4612.12,159,+90 días (Crítico),En Mora / Crítico,Cliente Corporativo
FAC-2026-14528,Grupo México,Industrial,06 - Junio,2026-06-19,30,2026-07-19,20481.08,14,1-30 días,Atraso Preventivo,Cliente Corporativo
FAC-2026-14529,Grupo México,Industrial,06 - Junio,2026-06-17,30,2026-07-17,3089.71,0,Al Día,Al Día / OK,Cliente Corporativo
FAC-2026-14530,Grupo México,Industrial,06 - Junio,2026-06-03,15,2026-06-18,5010.19,40,31-60 días,Riesgo Moderado,Cliente Corporativo
FAC-2026-14531,Grupo México,Industrial,06 - Junio,2026-06-25,60,2026-08-24,17422.46,0,Al Día,Al Día / OK,Cliente Corporativo
FAC-2026-14532,Grupo México,Industrial,06 - Junio,2026-06-05,45,2026-07-20,1473.65,0,Al Día,Al Día / OK,Cliente Corporativo
FAC-2026-14533,Grupo México,Industrial,06 - Junio,2026-06-01,15,2026-06-16,15649.35,0,Al Día,Al Día / OK,Cliente Corporativo
FAC-2026-14534,Grupo México,Industrial,06 - Junio,2026-06-22,45,2026-08-06,8620.84,33,31-60 días,Riesgo Moderado,Cliente Corporativo
FAC-2026-14535,Grupo México,Industrial,06 - Junio,2026-06-13,30,2026-07-13,44798.79,0,Al Día,Al Día / OK,Cliente Corporativo
FAC-2026-14536,Grupo México,Industrial,06 - Junio,2026-06-30,45,2026-08-14,8417.87,9,1-30 días,Atraso Preventivo,Cliente Corporativo
FAC-2026-14537,Grupo México,Industrial,06 - Junio,2026-06-01,15,2026-06-16,1569.35,0,Al Día,Al Día / OK,Cliente Corporativo
FAC-2026-14538,Gerdau,Industrial,06 - Junio,2026-06-14,45,2026-07-29,11516.15,0,Al Día,Al Día / OK,Cliente Corporativo
FAC-2026-14539,Gerdau,Industrial,06 - Junio,2026-06-25,15,2026-07-10,68363.34,28,1-30 días,Atraso Preventivo,Cliente Corporativo
FAC-2026-14540,Gerdau,Industrial,06 - Junio,2026-06-22,30,2026-07-22,37013.04,48,31-60 días,Riesgo Moderado,Cliente Corporativo
FAC-2026-14541,Gerdau,Industrial,06 - Junio,2026-06-19,60,2026-08-18,24033.62,67,61-90 días,Riesgo Alto,Cliente Corporativo
FAC-2026-14542,Gerdau,Industrial,06 - Junio,2026-06-27,30,2026-07-27,7778.06,165,+90 días (Crítico),En Mora / Crítico,Cliente Corporativo
FAC-2026-14543,Gerdau,Industrial,06 - Junio,2026-06-01,30,2026-07-01,6994.91,0,Al Día,Al Día / OK,Cliente Corporativo
FAC-2026-14544,Gerdau,Industrial,06 - Junio,2026-06-02,45,2026-07-17,30669.39,78,61-90 días,Riesgo Alto,Cliente Corporativo
FAC-2026-14545,Gerdau,Industrial,06 - Junio,2026-06-20,60,2026-08-19,9893.79,0,Al Día,Al Día / OK,Cliente Corporativo
FAC-2026-14546,Gerdau,Industrial,06 - Junio,2026-06-18,60,2026-08-17,19030.28,0,Al Día,Al Día / OK,Cliente Corporativo
FAC-2026-14547,Gerdau,Industrial,06 - Junio,2026-06-24,45,2026-08-08,12123.31,134,+90 días (Crítico),En Mora / Crítico,Cliente Corporativo
FAC-2026-14548,Gerdau,Industrial,06 - Junio,2026-06-29,15,2026-07-14,1561.44,0,Al Día,Al Día / OK,Cliente Corporativo
FAC-2026-14549,Gerdau,Industrial,06 - Junio,2026-06-01,15,2026-06-16,15641.46,84,61-90 días,Riesgo Alto,Cliente Corporativo
FAC-2026-14550,Gerdau,Industrial,06 - Junio,2026-06-07,60,2026-08-06,13111.27,0,Al Día,Al Día / OK,Cliente Corporativo
FAC-2026-14551,Gerdau,Industrial,06 - Junio,2026-06-11,60,2026-08-10,22215.6,12,1-30 días,Atraso Preventivo,Cliente Corporativo
FAC-2026-14552,Gerdau,Industrial,06 - Junio,2026-06-28,30,2026-07-28,32772.43,20,1-30 días,Atraso Preventivo,Cliente Corporativo
FAC-2026-14553,Gerdau,Industrial,06 - Junio,2026-06-12,60,2026-08-11,24435.8,0,Al Día,Al Día / OK,Cliente Corporativo
FAC-2026-14554,Gerdau,Industrial,06 - Junio,2026-06-23,15,2026-07-08,19662.23,0,Al Día,Al Día / OK,Cliente Corporativo
FAC-2026-14555,Gerdau,Industrial,06 - Junio,2026-06-19,30,2026-07-19,13181.15,0,Al Día,Al Día / OK,Cliente Corporativo
FAC-2026-14556,Gerdau,Industrial,06 - Junio,2026-06-21,60,2026-08-20,51319.63,0,Al Día,Al Día / OK,Cliente Corporativo
FAC-2026-14557,Gerdau,Industrial,06 - Junio,2026-06-22,45,2026-08-06,2377.43,14,1-30 días,Atraso Preventivo,Cliente Corporativo
FAC-2026-14558,Arca Continental,Industrial,06 - Junio,2026-06-29,30,2026-07-29,2012.68,0,Al Día,Al Día / OK,Cliente Corporativo
FAC-2026-14559,Arca Continental,Industrial,06 - Junio,2026-06-11,45,2026-07-26,11146.66,20,1-30 días,Atraso Preventivo,Cliente Corporativo
FAC-2026-14560,Arca Continental,Industrial,06 - Junio,2026-06-15,45,2026-07-30,19421.49,34,31-60 días,Riesgo Moderado,Cliente Corporativo
FAC-2026-14561,Arca Continental,Industrial,06 - Junio,2026-06-08,45,2026-07-23,11324.68,86,61-90 días,Riesgo Alto,Cliente Corporativo
FAC-2026-14562,Arca Continental,Industrial,06 - Junio,2026-06-15,15,2026-06-30,24070.48,94,+90 días (Crítico),En Mora / Crítico,Cliente Corporativo
FAC-2026-14563,Arca Continental,Industrial,06 - Junio,2026-06-17,30,2026-07-17,12532.09,0,Al Día,Al Día / OK,Cliente Corporativo
FAC-2026-14564,Arca Continental,Industrial,06 - Junio,2026-06-26,15,2026-07-11,8017.43,0,Al Día,Al Día / OK,Cliente Corporativo
FAC-2026-14565,Arca Continental,Industrial,06 - Junio,2026-06-16,30,2026-07-16,40410.41,8,1-30 días,Atraso Preventivo,Cliente Corporativo
FAC-2026-14566,Arca Continental,Industrial,06 - Junio,2026-06-04,30,2026-07-04,12602.18,9,1-30 días,Atraso Preventivo,Cliente Corporativo
FAC-2026-14567,Arca Continental,Industrial,06 - Junio,2026-06-11,30,2026-07-11,2315.39,23,1-30 días,Atraso Preventivo,Cliente Corporativo
FAC-2026-14568,Arca Continental,Industrial,06 - Junio,2026-06-15,30,2026-07-15,48196.24,0,Al Día,Al Día / OK,Cliente Corporativo
FAC-2026-14569,Arca Continental,Industrial,06 - Junio,2026-06-19,15,2026-07-04,3176.58,0,Al Día,Al Día / OK,Cliente Corporativo
FAC-2026-14570,Arca Continental,Industrial,06 - Junio,2026-06-23,60,2026-08-22,34241.96,0,Al Día,Al Día / OK,Cliente Corporativo
FAC-2026-14571,Arca Continental,Industrial,06 - Junio,2026-06-15,45,2026-07-30,22881.09,23,1-30 días,Atraso Preventivo,Cliente Corporativo
FAC-2026-14572,Arca Continental,Industrial,06 - Junio,2026-06-20,60,2026-08-19,21869.58,0,Al Día,Al Día / OK,Cliente Corporativo
FAC-2026-14573,Arca Continental,Industrial,06 - Junio,2026-06-18,15,2026-07-03,53371.32,0,Al Día,Al Día / OK,Cliente Corporativo
FAC-2026-14574,Arca Continental,Industrial,06 - Junio,2026-06-25,30,2026-07-25,3750.18,0,Al Día,Al Día / OK,Cliente Corporativo
FAC-2026-14575,Arca Continental,Industrial,06 - Junio,2026-06-24,45,2026-08-08,28271.81,53,31-60 días,Riesgo Moderado,Cliente Corporativo
FAC-2026-14576,Mapfre,Seguros,06 - Junio,2026-06-09,60,2026-08-08,5400.26,0,Al Día,Al Día / OK,Cliente Corporativo
FAC-2026-14577,Mapfre,Seguros,06 - Junio,2026-06-16,15,2026-07-01,15624.31,29,1-30 días,Atraso Preventivo,Cliente Corporativo
FAC-2026-14578,Mapfre,Seguros,06 - Junio,2026-06-24,45,2026-08-08,88194.03,55,31-60 días,Riesgo Moderado,Cliente Corporativo
FAC-2026-14579,Mapfre,Seguros,06 - Junio,2026-06-04,45,2026-07-19,34795.05,68,61-90 días,Riesgo Alto,Cliente Corporativo
FAC-2026-14580,Mapfre,Seguros,06 - Junio,2026-06-30,30,2026-07-30,26677.45,97,+90 días (Crítico),En Mora / Crítico,Cliente Corporativo
FAC-2026-14581,Mapfre,Seguros,06 - Junio,2026-06-07,60,2026-08-06,18966.85,0,Al Día,Al Día / OK,Cliente Corporativo
FAC-2026-14582,Mapfre,Seguros,06 - Junio,2026-06-27,45,2026-08-11,13296.6,0,Al Día,Al Día / OK,Cliente Corporativo
FAC-2026-14583,Mapfre,Seguros,06 - Junio,2026-06-11,30,2026-07-11,2498.37,0,Al Día,Al Día / OK,Cliente Corporativo
FAC-2026-14584,Mapfre,Seguros,06 - Junio,2026-06-01,60,2026-07-31,15271.44,18,1-30 días,Atraso Preventivo,Cliente Corporativo
FAC-2026-14585,Mapfre,Seguros,06 - Junio,2026-06-24,45,2026-08-08,16523.17,0,Al Día,Al Día / OK,Cliente Corporativo
FAC-2026-14586,Mapfre,Seguros,06 - Junio,2026-06-22,45,2026-08-06,9102.47,0,Al Día,Al Día / OK,Cliente Corporativo
FAC-2026-14587,Mapfre,Seguros,06 - Junio,2026-06-18,60,2026-08-17,10521.07,0,Al Día,Al Día / OK,Cliente Corporativo
FAC-2026-14588,Mapfre,Seguros,06 - Junio,2026-06-13,15,2026-06-28,57890.06,0,Al Día,Al Día / OK,Cliente Corporativo
FAC-2026-14589,Mapfre,Seguros,06 - Junio,2026-06-28,30,2026-07-28,10061.81,49,31-60 días,Riesgo Moderado,Cliente Corporativo
FAC-2026-14590,Mapfre,Seguros,06 - Junio,2026-06-11,30,2026-07-11,4263.69,0,Al Día,Al Día / OK,Cliente Corporativo
FAC-2026-14591,Mapfre,Seguros,06 - Junio,2026-06-25,45,2026-08-09,22961.61,0,Al Día,Al Día / OK,Cliente Corporativo
FAC-2026-14592,Mapfre,Seguros,06 - Junio,2026-06-28,45,2026-08-12,14343.51,0,Al Día,Al Día / OK,Cliente Corporativo
FAC-2026-14593,Mapfre,Seguros,06 - Junio,2026-06-27,45,2026-08-11,14326.92,0,Al Día,Al Día / OK,Cliente Corporativo
FAC-2026-14594,Mapfre,Seguros,06 - Junio,2026-06-26,15,2026-07-11,3049.88,0,Al Día,Al Día / OK,Cliente Corporativo
FAC-2026-14595,Mapfre,Seguros,06 - Junio,2026-06-27,15,2026-07-12,41719.36,9,1-30 días,Atraso Preventivo,Cliente Corporativo
FAC-2026-14596,Seguros SURA,Seguros,06 - Junio,2026-06-15,15,2026-06-30,61104.27,0,Al Día,Al Día / OK,Cliente Corporativo
FAC-2026-14597,Seguros SURA,Seguros,06 - Junio,2026-06-04,30,2026-07-04,35844.94,12,1-30 días,Atraso Preventivo,Cliente Corporativo
FAC-2026-14598,Seguros SURA,Seguros,06 - Junio,2026-06-07,45,2026-07-22,36589.89,34,31-60 días,Riesgo Moderado,Cliente Corporativo
FAC-2026-14599,Seguros SURA,Seguros,06 - Junio,2026-06-16,30,2026-07-16,5983.5,88,61-90 días,Riesgo Alto,Cliente Corporativo
FAC-2026-14600,Seguros SURA,Seguros,06 - Junio,2026-06-08,45,2026-07-23,2157.23,158,+90 días (Crítico),En Mora / Crítico,Cliente Corporativo
FAC-2026-14601,Seguros SURA,Seguros,06 - Junio,2026-06-30,45,2026-08-14,11173.95,0,Al Día,Al Día / OK,Cliente Corporativo
FAC-2026-14602,Seguros SURA,Seguros,06 - Junio,2026-06-03,45,2026-07-18,14935.62,0,Al Día,Al Día / OK,Cliente Corporativo
FAC-2026-14603,Seguros SURA,Seguros,06 - Junio,2026-06-12,45,2026-07-27,7339.26,0,Al Día,Al Día / OK,Cliente Corporativo
FAC-2026-14604,Seguros SURA,Seguros,06 - Junio,2026-06-06,60,2026-08-05,33293.88,0,Al Día,Al Día / OK,Cliente Corporativo
FAC-2026-14605,Seguros SURA,Seguros,06 - Junio,2026-06-25,45,2026-08-09,42886.33,0,Al Día,Al Día / OK,Cliente Corporativo
FAC-2026-14606,Seguros SURA,Seguros,06 - Junio,2026-06-26,60,2026-08-25,5429.98,23,1-30 días,Atraso Preventivo,Cliente Corporativo
FAC-2026-14607,Seguros SURA,Seguros,06 - Junio,2026-06-11,45,2026-07-26,42339.51,0,Al Día,Al Día / OK,Cliente Corporativo
FAC-2026-14608,Seguros SURA,Seguros,06 - Junio,2026-06-26,15,2026-07-11,27688.46,0,Al Día,Al Día / OK,Cliente Corporativo
FAC-2026-14609,Seguros SURA,Seguros,06 - Junio,2026-06-12,45,2026-07-27,5304.24,24,1-30 días,Atraso Preventivo,Cliente Corporativo
FAC-2026-14610,Seguros SURA,Seguros,06 - Junio,2026-06-27,45,2026-08-11,29984.66,0,Al Día,Al Día / OK,Cliente Corporativo
FAC-2026-14611,GNP Seguros,Seguros,06 - Junio,2026-06-09,15,2026-06-24,37289.74,0,Al Día,Al Día / OK,Cliente Corporativo
FAC-2026-14612,GNP Seguros,Seguros,06 - Junio,2026-06-19,45,2026-08-03,3903.22,5,1-30 días,Atraso Preventivo,Cliente Corporativo
FAC-2026-14613,GNP Seguros,Seguros,06 - Junio,2026-06-24,30,2026-07-24,20204.84,32,31-60 días,Riesgo Moderado,Cliente Corporativo
FAC-2026-14614,GNP Seguros,Seguros,06 - Junio,2026-06-30,45,2026-08-14,62550.05,77,61-90 días,Riesgo Alto,Cliente Corporativo
FAC-2026-14615,GNP Seguros,Seguros,06 - Junio,2026-06-09,60,2026-08-08,24878.52,153,+90 días (Crítico),En Mora / Crítico,Cliente Corporativo
FAC-2026-14616,GNP Seguros,Seguros,06 - Junio,2026-06-15,45,2026-07-30,4829.31,0,Al Día,Al Día / OK,Cliente Corporativo
FAC-2026-14617,GNP Seguros,Seguros,06 - Junio,2026-06-19,60,2026-08-18,22618.02,35,31-60 días,Riesgo Moderado,Cliente Corporativo
FAC-2026-14618,GNP Seguros,Seguros,06 - Junio,2026-06-18,30,2026-07-18,11254.66,0,Al Día,Al Día / OK,Cliente Corporativo
FAC-2026-14619,GNP Seguros,Seguros,06 - Junio,2026-06-25,30,2026-07-25,11444.13,0,Al Día,Al Día / OK,Cliente Corporativo
FAC-2026-14620,GNP Seguros,Seguros,06 - Junio,2026-06-13,15,2026-06-28,4887.14,41,31-60 días,Riesgo Moderado,Cliente Corporativo
FAC-2026-14621,GNP Seguros,Seguros,06 - Junio,2026-06-10,45,2026-07-25,5824.19,0,Al Día,Al Día / OK,Cliente Corporativo
FAC-2026-14622,GNP Seguros,Seguros,06 - Junio,2026-06-05,15,2026-06-20,1557.94,12,1-30 días,Atraso Preventivo,Cliente Corporativo
FAC-2026-14623,GNP Seguros,Seguros,06 - Junio,2026-06-30,60,2026-08-29,39058.6,80,61-90 días,Riesgo Alto,Cliente Corporativo
FAC-2026-14624,GNP Seguros,Seguros,06 - Junio,2026-06-24,15,2026-07-09,1602.87,0,Al Día,Al Día / OK,Cliente Corporativo
FAC-2026-14625,GNP Seguros,Seguros,06 - Junio,2026-06-02,15,2026-06-17,37086.66,23,1-30 días,Atraso Preventivo,Cliente Corporativo
FAC-2026-14626,GNP Seguros,Seguros,06 - Junio,2026-06-17,60,2026-08-16,7539.38,54,31-60 días,Riesgo Moderado,Cliente Corporativo
FAC-2026-14627,GNP Seguros,Seguros,06 - Junio,2026-06-26,45,2026-08-10,3381.02,16,1-30 días,Atraso Preventivo,Cliente Corporativo
FAC-2026-14628,GNP Seguros,Seguros,06 - Junio,2026-06-25,15,2026-07-10,59864.71,0,Al Día,Al Día / OK,Cliente Corporativo
FAC-2026-14629,MetLife,Seguros,06 - Junio,2026-06-23,30,2026-07-23,71735.49,0,Al Día,Al Día / OK,Cliente Corporativo
FAC-2026-14630,MetLife,Seguros,06 - Junio,2026-06-06,60,2026-08-05,38094.56,30,1-30 días,Atraso Preventivo,Cliente Corporativo
FAC-2026-14631,MetLife,Seguros,06 - Junio,2026-06-16,60,2026-08-15,3972.15,53,31-60 días,Riesgo Moderado,Cliente Corporativo
FAC-2026-14632,MetLife,Seguros,06 - Junio,2026-06-19,60,2026-08-18,19589.57,61,61-90 días,Riesgo Alto,Cliente Corporativo
FAC-2026-14633,MetLife,Seguros,06 - Junio,2026-06-10,60,2026-08-09,10313.15,140,+90 días (Crítico),En Mora / Crítico,Cliente Corporativo
FAC-2026-14634,MetLife,Seguros,06 - Junio,2026-06-29,60,2026-08-28,12175.45,22,1-30 días,Atraso Preventivo,Cliente Corporativo
FAC-2026-14635,MetLife,Seguros,06 - Junio,2026-06-22,60,2026-08-21,2983.1,0,Al Día,Al Día / OK,Cliente Corporativo
FAC-2026-14636,MetLife,Seguros,06 - Junio,2026-06-01,45,2026-07-16,11756.41,102,+90 días (Crítico),En Mora / Crítico,Cliente Corporativo
FAC-2026-14637,MetLife,Seguros,06 - Junio,2026-06-27,30,2026-07-27,32793.38,0,Al Día,Al Día / OK,Cliente Corporativo
FAC-2026-14638,MetLife,Seguros,06 - Junio,2026-06-17,60,2026-08-16,53196.79,0,Al Día,Al Día / OK,Cliente Corporativo
FAC-2026-14639,MetLife,Seguros,06 - Junio,2026-06-15,15,2026-06-30,26645.17,0,Al Día,Al Día / OK,Cliente Corporativo
FAC-2026-14640,MetLife,Seguros,06 - Junio,2026-06-28,15,2026-07-13,23267.61,9,1-30 días,Atraso Preventivo,Cliente Corporativo
FAC-2026-14641,MetLife,Seguros,06 - Junio,2026-06-24,15,2026-07-09,47642.78,0,Al Día,Al Día / OK,Cliente Corporativo
FAC-2026-14642,MetLife,Seguros,06 - Junio,2026-06-13,30,2026-07-13,13405.49,24,1-30 días,Atraso Preventivo,Cliente Corporativo
FAC-2026-14643,MetLife,Seguros,06 - Junio,2026-06-06,15,2026-06-21,7572.46,12,1-30 días,Atraso Preventivo,Cliente Corporativo
FAC-2026-14644,MetLife,Seguros,06 - Junio,2026-06-15,30,2026-07-15,47794.18,39,31-60 días,Riesgo Moderado,Cliente Corporativo
FAC-2026-14645,MetLife,Seguros,06 - Junio,2026-06-09,15,2026-06-24,25146.69,0,Al Día,Al Día / OK,Cliente Corporativo
FAC-2026-14646,MetLife,Seguros,06 - Junio,2026-06-08,45,2026-07-23,2846.88,46,31-60 días,Riesgo Moderado,Cliente Corporativo
FAC-2026-14647,MetLife,Seguros,06 - Junio,2026-06-07,60,2026-08-06,14664.06,0,Al Día,Al Día / OK,Cliente Corporativo
FAC-2026-14648,Chubb Seguros,Seguros,06 - Junio,2026-06-24,60,2026-08-23,2014.01,0,Al Día,Al Día / OK,Cliente Corporativo
FAC-2026-14649,Chubb Seguros,Seguros,06 - Junio,2026-06-16,45,2026-07-31,18106.79,8,1-30 días,Atraso Preventivo,Cliente Corporativo
FAC-2026-14650,Chubb Seguros,Seguros,06 - Junio,2026-06-17,15,2026-07-02,2542.44,60,31-60 días,Riesgo Moderado,Cliente Corporativo
FAC-2026-14651,Chubb Seguros,Seguros,06 - Junio,2026-06-06,60,2026-08-05,6363.82,86,61-90 días,Riesgo Alto,Cliente Corporativo
FAC-2026-14652,Chubb Seguros,Seguros,06 - Junio,2026-06-11,30,2026-07-11,16675.59,130,+90 días (Crítico),En Mora / Crítico,Cliente Corporativo
FAC-2026-14653,Chubb Seguros,Seguros,06 - Junio,2026-06-14,60,2026-08-13,24518.13,0,Al Día,Al Día / OK,Cliente Corporativo
FAC-2026-14654,Chubb Seguros,Seguros,06 - Junio,2026-06-09,60,2026-08-08,18290.37,25,1-30 días,Atraso Preventivo,Cliente Corporativo
FAC-2026-14655,Chubb Seguros,Seguros,06 - Junio,2026-06-19,60,2026-08-18,32855.39,30,1-30 días,Atraso Preventivo,Cliente Corporativo
FAC-2026-14656,Chubb Seguros,Seguros,06 - Junio,2026-06-19,30,2026-07-19,15112.66,29,1-30 días,Atraso Preventivo,Cliente Corporativo
FAC-2026-14657,Chubb Seguros,Seguros,06 - Junio,2026-06-13,30,2026-07-13,9821.37,0,Al Día,Al Día / OK,Cliente Corporativo
FAC-2026-14658,Chubb Seguros,Seguros,06 - Junio,2026-06-29,60,2026-08-28,13070.35,23,1-30 días,Atraso Preventivo,Cliente Corporativo
FAC-2026-14659,Chubb Seguros,Seguros,06 - Junio,2026-06-24,15,2026-07-09,8638.03,0,Al Día,Al Día / OK,Cliente Corporativo
FAC-2026-14660,Chubb Seguros,Seguros,06 - Junio,2026-06-07,60,2026-08-06,19022.16,0,Al Día,Al Día / OK,Cliente Corporativo
FAC-2026-14661,Chubb Seguros,Seguros,06 - Junio,2026-06-09,30,2026-07-09,11405.22,0,Al Día,Al Día / OK,Cliente Corporativo
FAC-2026-14662,Chubb Seguros,Seguros,06 - Junio,2026-06-11,30,2026-07-11,30511.57,0,Al Día,Al Día / OK,Cliente Corporativo
FAC-2026-14663,Chubb Seguros,Seguros,06 - Junio,2026-06-19,15,2026-07-04,33784.97,0,Al Día,Al Día / OK,Cliente Corporativo
FAC-2026-14664,AXA,Seguros,06 - Junio,2026-06-10,15,2026-06-25,6619.33,0,Al Día,Al Día / OK,Cliente Corporativo
FAC-2026-14665,AXA,Seguros,06 - Junio,2026-06-03,60,2026-08-02,12482.68,30,1-30 días,Atraso Preventivo,Cliente Corporativo
FAC-2026-14666,AXA,Seguros,06 - Junio,2026-06-07,45,2026-07-22,3984.82,44,31-60 días,Riesgo Moderado,Cliente Corporativo
FAC-2026-14667,AXA,Seguros,06 - Junio,2026-06-17,15,2026-07-02,11755.41,61,61-90 días,Riesgo Alto,Cliente Corporativo
FAC-2026-14668,AXA,Seguros,06 - Junio,2026-06-23,45,2026-08-07,8932.57,102,+90 días (Crítico),En Mora / Crítico,Cliente Corporativo
FAC-2026-14669,AXA,Seguros,06 - Junio,2026-06-05,15,2026-06-20,27656.55,22,1-30 días,Atraso Preventivo,Cliente Corporativo
FAC-2026-14670,AXA,Seguros,06 - Junio,2026-06-22,60,2026-08-21,35629.12,11,1-30 días,Atraso Preventivo,Cliente Corporativo
FAC-2026-14671,AXA,Seguros,06 - Junio,2026-06-18,45,2026-08-02,7930.65,35,31-60 días,Riesgo Moderado,Cliente Corporativo
FAC-2026-14672,AXA,Seguros,06 - Junio,2026-06-15,15,2026-06-30,27399.58,26,1-30 días,Atraso Preventivo,Cliente Corporativo
FAC-2026-14673,AXA,Seguros,06 - Junio,2026-06-19,45,2026-08-03,15333.68,0,Al Día,Al Día / OK,Cliente Corporativo
FAC-2026-14674,AXA,Seguros,06 - Junio,2026-06-28,30,2026-07-28,45532.94,17,1-30 días,Atraso Preventivo,Cliente Corporativo
FAC-2026-14675,AXA,Seguros,06 - Junio,2026-06-15,15,2026-06-30,5508.07,0,Al Día,Al Día / OK,Cliente Corporativo
FAC-2026-14676,AXA,Seguros,06 - Junio,2026-06-17,30,2026-07-17,2089.25,0,Al Día,Al Día / OK,Cliente Corporativo
FAC-2026-14677,AXA,Seguros,06 - Junio,2026-06-23,45,2026-08-07,1933.52,131,+90 días (Crítico),En Mora / Crítico,Cliente Corporativo
FAC-2026-14678,Seguros Bolívar,Seguros,06 - Junio,2026-06-01,15,2026-06-16,5266.27,0,Al Día,Al Día / OK,Cliente Corporativo
FAC-2026-14679,Seguros Bolívar,Seguros,06 - Junio,2026-06-08,15,2026-06-23,8527.54,18,1-30 días,Atraso Preventivo,Cliente Corporativo
FAC-2026-14680,Seguros Bolívar,Seguros,06 - Junio,2026-06-06,60,2026-08-05,2693.84,32,31-60 días,Riesgo Moderado,Cliente Corporativo
FAC-2026-14681,Seguros Bolívar,Seguros,06 - Junio,2026-06-09,15,2026-06-24,19589.72,65,61-90 días,Riesgo Alto,Cliente Corporativo
FAC-2026-14682,Seguros Bolívar,Seguros,06 - Junio,2026-06-19,30,2026-07-19,23787.09,138,+90 días (Crítico),En Mora / Crítico,Cliente Corporativo
FAC-2026-14683,Seguros Bolívar,Seguros,06 - Junio,2026-06-07,30,2026-07-07,14566.29,31,31-60 días,Riesgo Moderado,Cliente Corporativo
FAC-2026-14684,Seguros Bolívar,Seguros,06 - Junio,2026-06-25,15,2026-07-10,40175.14,0,Al Día,Al Día / OK,Cliente Corporativo
FAC-2026-14685,Seguros Bolívar,Seguros,06 - Junio,2026-06-07,60,2026-08-06,8208.15,71,61-90 días,Riesgo Alto,Cliente Corporativo
FAC-2026-14686,Seguros Bolívar,Seguros,06 - Junio,2026-06-17,45,2026-08-01,2369.34,0,Al Día,Al Día / OK,Cliente Corporativo
FAC-2026-14687,Seguros Bolívar,Seguros,06 - Junio,2026-06-20,30,2026-07-20,13494.39,58,31-60 días,Riesgo Moderado,Cliente Corporativo
FAC-2026-14688,Seguros Bolívar,Seguros,06 - Junio,2026-06-03,60,2026-08-02,1427.3,80,61-90 días,Riesgo Alto,Cliente Corporativo
FAC-2026-14689,Seguros Bolívar,Seguros,06 - Junio,2026-06-22,15,2026-07-07,9651.55,0,Al Día,Al Día / OK,Cliente Corporativo
FAC-2026-14690,Seguros Bolívar,Seguros,06 - Junio,2026-06-09,15,2026-06-24,14223.94,0,Al Día,Al Día / OK,Cliente Corporativo
FAC-2026-14691,Seguros Bolívar,Seguros,06 - Junio,2026-06-03,15,2026-06-18,22965.57,0,Al Día,Al Día / OK,Cliente Corporativo
FAC-2026-14692,Seguros Bolívar,Seguros,06 - Junio,2026-06-21,60,2026-08-20,3966.44,0,Al Día,Al Día / OK,Cliente Corporativo
FAC-2026-14693,Seguros Bolívar,Seguros,06 - Junio,2026-06-14,45,2026-07-29,4149.96,15,1-30 días,Atraso Preventivo,Cliente Corporativo
FAC-2026-14694,Seguros Bolívar,Seguros,06 - Junio,2026-06-02,15,2026-06-17,37568.09,0,Al Día,Al Día / OK,Cliente Corporativo
FAC-2026-14695,Seguros Bolívar,Seguros,06 - Junio,2026-06-09,15,2026-06-24,17612.14,0,Al Día,Al Día / OK,Cliente Corporativo
FAC-2026-14696,Seguros Bolívar,Seguros,06 - Junio,2026-06-14,30,2026-07-14,10900.86,0,Al Día,Al Día / OK,Cliente Corporativo
FAC-2026-14697,Seguros Bolívar,Seguros,06 - Junio,2026-06-16,45,2026-07-31,17677.05,0,Al Día,Al Día / OK,Cliente Corporativo
FAC-2026-14698,DHL Supply Chain,Logística,06 - Junio,2026-06-06,60,2026-08-05,18488.85,0,Al Día,Al Día / OK,Cliente Corporativo
FAC-2026-14699,DHL Supply Chain,Logística,06 - Junio,2026-06-04,60,2026-08-03,56753.22,5,1-30 días,Atraso Preventivo,Cliente Corporativo
FAC-2026-14700,DHL Supply Chain,Logística,06 - Junio,2026-06-09,45,2026-07-24,6253.08,42,31-60 días,Riesgo Moderado,Cliente Corporativo
FAC-2026-14701,DHL Supply Chain,Logística,06 - Junio,2026-06-18,60,2026-08-17,14332.67,82,61-90 días,Riesgo Alto,Cliente Corporativo
FAC-2026-14702,DHL Supply Chain,Logística,06 - Junio,2026-06-23,30,2026-07-23,21952.08,114,+90 días (Crítico),En Mora / Crítico,Cliente Corporativo
FAC-2026-14703,DHL Supply Chain,Logística,06 - Junio,2026-06-15,30,2026-07-15,4927.2,60,31-60 días,Riesgo Moderado,Cliente Corporativo
FAC-2026-14704,DHL Supply Chain,Logística,06 - Junio,2026-06-18,60,2026-08-17,27757.27,13,1-30 días,Atraso Preventivo,Cliente Corporativo
FAC-2026-14705,DHL Supply Chain,Logística,06 - Junio,2026-06-06,15,2026-06-21,52269.81,0,Al Día,Al Día / OK,Cliente Corporativo
FAC-2026-14706,DHL Supply Chain,Logística,06 - Junio,2026-06-04,15,2026-06-19,11418.75,58,31-60 días,Riesgo Moderado,Cliente Corporativo
FAC-2026-14707,DHL Supply Chain,Logística,06 - Junio,2026-06-08,45,2026-07-23,3929.37,0,Al Día,Al Día / OK,Cliente Corporativo
FAC-2026-14708,DHL Supply Chain,Logística,06 - Junio,2026-06-18,30,2026-07-18,1981.19,0,Al Día,Al Día / OK,Cliente Corporativo
FAC-2026-14709,DHL Supply Chain,Logística,06 - Junio,2026-06-11,45,2026-07-26,28400.08,0,Al Día,Al Día / OK,Cliente Corporativo
FAC-2026-14710,DHL Supply Chain,Logística,06 - Junio,2026-06-17,45,2026-08-01,17292.14,147,+90 días (Crítico),En Mora / Crítico,Cliente Corporativo
FAC-2026-14711,DHL Supply Chain,Logística,06 - Junio,2026-06-18,15,2026-07-03,49403.73,17,1-30 días,Atraso Preventivo,Cliente Corporativo
FAC-2026-14712,FedEx Express,Logística,06 - Junio,2026-06-23,60,2026-08-22,19583.35,0,Al Día,Al Día / OK,Cliente Corporativo
FAC-2026-14713,FedEx Express,Logística,06 - Junio,2026-06-15,60,2026-08-14,45475.48,24,1-30 días,Atraso Preventivo,Cliente Corporativo
FAC-2026-14714,FedEx Express,Logística,06 - Junio,2026-06-21,15,2026-07-06,4804.12,59,31-60 días,Riesgo Moderado,Cliente Corporativo
FAC-2026-14715,FedEx Express,Logística,06 - Junio,2026-06-08,45,2026-07-23,6178.82,61,61-90 días,Riesgo Alto,Cliente Corporativo
FAC-2026-14716,FedEx Express,Logística,06 - Junio,2026-06-16,15,2026-07-01,24871.98,107,+90 días (Crítico),En Mora / Crítico,Cliente Corporativo
FAC-2026-14717,FedEx Express,Logística,06 - Junio,2026-06-16,45,2026-07-31,16766.78,27,1-30 días,Atraso Preventivo,Cliente Corporativo
FAC-2026-14718,FedEx Express,Logística,06 - Junio,2026-06-16,60,2026-08-15,13169.61,0,Al Día,Al Día / OK,Cliente Corporativo
FAC-2026-14719,FedEx Express,Logística,06 - Junio,2026-06-12,60,2026-08-11,8987.56,0,Al Día,Al Día / OK,Cliente Corporativo
FAC-2026-14720,FedEx Express,Logística,06 - Junio,2026-06-15,45,2026-07-30,28262.44,103,+90 días (Crítico),En Mora / Crítico,Cliente Corporativo
FAC-2026-14721,FedEx Express,Logística,06 - Junio,2026-06-30,15,2026-07-15,21671.36,58,31-60 días,Riesgo Moderado,Cliente Corporativo
FAC-2026-14722,FedEx Express,Logística,06 - Junio,2026-06-13,60,2026-08-12,8287.2,0,Al Día,Al Día / OK,Cliente Corporativo
FAC-2026-14723,FedEx Express,Logística,06 - Junio,2026-06-08,30,2026-07-08,20405.36,57,31-60 días,Riesgo Moderado,Cliente Corporativo
FAC-2026-14724,FedEx Express,Logística,06 - Junio,2026-06-17,15,2026-07-02,20997.68,58,31-60 días,Riesgo Moderado,Cliente Corporativo
FAC-2026-14725,FedEx Express,Logística,06 - Junio,2026-06-24,15,2026-07-09,14149.39,0,Al Día,Al Día / OK,Cliente Corporativo
FAC-2026-14726,FedEx Express,Logística,06 - Junio,2026-06-13,45,2026-07-28,22826.13,44,31-60 días,Riesgo Moderado,Cliente Corporativo
FAC-2026-14727,FedEx Express,Logística,06 - Junio,2026-06-14,15,2026-06-29,27530.2,0,Al Día,Al Día / OK,Cliente Corporativo
FAC-2026-14728,FedEx Express,Logística,06 - Junio,2026-06-02,45,2026-07-17,55282.94,14,1-30 días,Atraso Preventivo,Cliente Corporativo
FAC-2026-14729,FedEx Express,Logística,06 - Junio,2026-06-21,15,2026-07-06,19620.83,0,Al Día,Al Día / OK,Cliente Corporativo
FAC-2026-14730,FedEx Express,Logística,06 - Junio,2026-06-30,45,2026-08-14,55372.61,0,Al Día,Al Día / OK,Cliente Corporativo
FAC-2026-14731,FedEx Express,Logística,06 - Junio,2026-06-09,30,2026-07-09,42483.29,0,Al Día,Al Día / OK,Cliente Corporativo
FAC-2026-14732,Maersk Logistics,Logística,06 - Junio,2026-06-13,15,2026-06-28,1972.53,0,Al Día,Al Día / OK,Cliente Corporativo
FAC-2026-14733,Maersk Logistics,Logística,06 - Junio,2026-06-11,60,2026-08-10,12094.22,16,1-30 días,Atraso Preventivo,Cliente Corporativo
FAC-2026-14734,Maersk Logistics,Logística,06 - Junio,2026-06-12,30,2026-07-12,26394.72,39,31-60 días,Riesgo Moderado,Cliente Corporativo
FAC-2026-14735,Maersk Logistics,Logística,06 - Junio,2026-06-12,60,2026-08-11,12274.77,73,61-90 días,Riesgo Alto,Cliente Corporativo
FAC-2026-14736,Maersk Logistics,Logística,06 - Junio,2026-06-10,30,2026-07-10,14384.5,123,+90 días (Crítico),En Mora / Crítico,Cliente Corporativo
FAC-2026-14737,Maersk Logistics,Logística,06 - Junio,2026-06-19,45,2026-08-03,38725.62,0,Al Día,Al Día / OK,Cliente Corporativo
FAC-2026-14738,Maersk Logistics,Logística,06 - Junio,2026-06-28,60,2026-08-27,4570.3,19,1-30 días,Atraso Preventivo,Cliente Corporativo
FAC-2026-14739,Maersk Logistics,Logística,06 - Junio,2026-06-16,15,2026-07-01,27270.36,0,Al Día,Al Día / OK,Cliente Corporativo
FAC-2026-14740,Maersk Logistics,Logística,06 - Junio,2026-06-04,15,2026-06-19,1971.4,56,31-60 días,Riesgo Moderado,Cliente Corporativo
FAC-2026-14741,Maersk Logistics,Logística,06 - Junio,2026-06-10,15,2026-06-25,15952.93,0,Al Día,Al Día / OK,Cliente Corporativo
FAC-2026-14742,Maersk Logistics,Logística,06 - Junio,2026-06-14,45,2026-07-29,2097.29,0,Al Día,Al Día / OK,Cliente Corporativo
FAC-2026-14743,Maersk Logistics,Logística,06 - Junio,2026-06-04,45,2026-07-19,33031.83,11,1-30 días,Atraso Preventivo,Cliente Corporativo
FAC-2026-14744,Maersk Logistics,Logística,06 - Junio,2026-06-19,30,2026-07-19,30799.18,33,31-60 días,Riesgo Moderado,Cliente Corporativo
FAC-2026-14745,Maersk Logistics,Logística,06 - Junio,2026-06-05,60,2026-08-04,7214.24,0,Al Día,Al Día / OK,Cliente Corporativo
FAC-2026-14746,Maersk Logistics,Logística,06 - Junio,2026-06-07,30,2026-07-07,94870.84,68,61-90 días,Riesgo Alto,Cliente Corporativo
FAC-2026-14747,Maersk Logistics,Logística,06 - Junio,2026-06-10,45,2026-07-25,16545.6,0,Al Día,Al Día / OK,Cliente Corporativo
FAC-2026-14748,Maersk Logistics,Logística,06 - Junio,2026-06-05,15,2026-06-20,15322.94,0,Al Día,Al Día / OK,Cliente Corporativo
FAC-2026-14749,Maersk Logistics,Logística,06 - Junio,2026-06-17,45,2026-08-01,2237.88,0,Al Día,Al Día / OK,Cliente Corporativo
FAC-2026-14750,Kuehne+Nagel,Logística,06 - Junio,2026-06-30,45,2026-08-14,2364.4,0,Al Día,Al Día / OK,Cliente Corporativo
FAC-2026-14751,Kuehne+Nagel,Logística,06 - Junio,2026-06-11,60,2026-08-10,13703.47,14,1-30 días,Atraso Preventivo,Cliente Corporativo
FAC-2026-14752,Kuehne+Nagel,Logística,06 - Junio,2026-06-14,15,2026-06-29,2596.83,46,31-60 días,Riesgo Moderado,Cliente Corporativo
FAC-2026-14753,Kuehne+Nagel,Logística,06 - Junio,2026-06-11,30,2026-07-11,8231.96,84,61-90 días,Riesgo Alto,Cliente Corporativo
FAC-2026-14754,Kuehne+Nagel,Logística,06 - Junio,2026-06-29,60,2026-08-28,16554.72,106,+90 días (Crítico),En Mora / Crítico,Cliente Corporativo
FAC-2026-14755,Kuehne+Nagel,Logística,06 - Junio,2026-06-29,60,2026-08-28,3257.72,14,1-30 días,Atraso Preventivo,Cliente Corporativo
FAC-2026-14756,Kuehne+Nagel,Logística,06 - Junio,2026-06-03,30,2026-07-03,3611.36,6,1-30 días,Atraso Preventivo,Cliente Corporativo
FAC-2026-14757,Kuehne+Nagel,Logística,06 - Junio,2026-06-29,15,2026-07-14,7916.82,11,1-30 días,Atraso Preventivo,Cliente Corporativo
FAC-2026-14758,Kuehne+Nagel,Logística,06 - Junio,2026-06-05,60,2026-08-04,4951.88,0,Al Día,Al Día / OK,Cliente Corporativo
FAC-2026-14759,Kuehne+Nagel,Logística,06 - Junio,2026-06-06,30,2026-07-06,8608.91,0,Al Día,Al Día / OK,Cliente Corporativo
FAC-2026-14760,Kuehne+Nagel,Logística,06 - Junio,2026-06-16,15,2026-07-01,3366.47,64,61-90 días,Riesgo Alto,Cliente Corporativo
FAC-2026-14761,Kuehne+Nagel,Logística,06 - Junio,2026-06-08,45,2026-07-23,15610.95,0,Al Día,Al Día / OK,Cliente Corporativo
FAC-2026-14762,Kuehne+Nagel,Logística,06 - Junio,2026-06-15,60,2026-08-14,10692.69,141,+90 días (Crítico),En Mora / Crítico,Cliente Corporativo
FAC-2026-14763,Kuehne+Nagel,Logística,06 - Junio,2026-06-24,15,2026-07-09,11630.97,57,31-60 días,Riesgo Moderado,Cliente Corporativo
FAC-2026-14764,Kuehne+Nagel,Logística,06 - Junio,2026-06-06,60,2026-08-05,18134.9,0,Al Día,Al Día / OK,Cliente Corporativo
FAC-2026-14765,Kuehne+Nagel,Logística,06 - Junio,2026-06-25,15,2026-07-10,16418.45,0,Al Día,Al Día / OK,Cliente Corporativo
FAC-2026-14766,Kuehne+Nagel,Logística,06 - Junio,2026-06-25,30,2026-07-25,10551.0,0,Al Día,Al Día / OK,Cliente Corporativo
FAC-2026-14767,Kuehne+Nagel,Logística,06 - Junio,2026-06-05,45,2026-07-20,12249.03,0,Al Día,Al Día / OK,Cliente Corporativo
FAC-2026-14768,Kuehne+Nagel,Logística,06 - Junio,2026-06-16,45,2026-07-31,2414.67,0,Al Día,Al Día / OK,Cliente Corporativo
FAC-2026-14769,Kuehne+Nagel,Logística,06 - Junio,2026-06-07,15,2026-06-22,10694.67,40,31-60 días,Riesgo Moderado,Cliente Corporativo
FAC-2026-14770,Mercado Envíos,Logística,06 - Junio,2026-06-28,30,2026-07-28,62592.29,0,Al Día,Al Día / OK,Cliente Corporativo
FAC-2026-14771,Mercado Envíos,Logística,06 - Junio,2026-06-25,60,2026-08-24,1772.6,6,1-30 días,Atraso Preventivo,Cliente Corporativo
FAC-2026-14772,Mercado Envíos,Logística,06 - Junio,2026-06-27,60,2026-08-26,52903.16,34,31-60 días,Riesgo Moderado,Cliente Corporativo
FAC-2026-14773,Mercado Envíos,Logística,06 - Junio,2026-06-03,45,2026-07-18,35366.09,65,61-90 días,Riesgo Alto,Cliente Corporativo
FAC-2026-14774,Mercado Envíos,Logística,06 - Junio,2026-06-24,60,2026-08-23,9292.39,125,+90 días (Crítico),En Mora / Crítico,Cliente Corporativo
FAC-2026-14775,Mercado Envíos,Logística,06 - Junio,2026-06-22,15,2026-07-07,2844.8,0,Al Día,Al Día / OK,Cliente Corporativo
FAC-2026-14776,Mercado Envíos,Logística,06 - Junio,2026-06-05,15,2026-06-20,9327.18,0,Al Día,Al Día / OK,Cliente Corporativo
FAC-2026-14777,Mercado Envíos,Logística,06 - Junio,2026-06-20,45,2026-08-04,15211.19,0,Al Día,Al Día / OK,Cliente Corporativo
FAC-2026-14778,Mercado Envíos,Logística,06 - Junio,2026-06-21,45,2026-08-05,10587.89,106,+90 días (Crítico),En Mora / Crítico,Cliente Corporativo
FAC-2026-14779,Mercado Envíos,Logística,06 - Junio,2026-06-23,45,2026-08-07,18470.32,96,+90 días (Crítico),En Mora / Crítico,Cliente Corporativo
FAC-2026-14780,Mercado Envíos,Logística,06 - Junio,2026-06-27,60,2026-08-26,15884.0,28,1-30 días,Atraso Preventivo,Cliente Corporativo
FAC-2026-14781,Mercado Envíos,Logística,06 - Junio,2026-06-10,45,2026-07-25,8766.12,43,31-60 días,Riesgo Moderado,Cliente Corporativo
FAC-2026-14782,Mercado Envíos,Logística,06 - Junio,2026-06-24,60,2026-08-23,3649.94,0,Al Día,Al Día / OK,Cliente Corporativo
FAC-2026-14783,Mercado Envíos,Logística,06 - Junio,2026-06-23,30,2026-07-23,11742.66,103,+90 días (Crítico),En Mora / Crítico,Cliente Corporativo
FAC-2026-14784,Mercado Envíos,Logística,06 - Junio,2026-06-28,60,2026-08-27,1507.34,0,Al Día,Al Día / OK,Cliente Corporativo
FAC-2026-14785,Mercado Envíos,Logística,06 - Junio,2026-06-28,60,2026-08-27,1223.77,0,Al Día,Al Día / OK,Cliente Corporativo
FAC-2026-14786,Estafeta,Logística,06 - Junio,2026-06-16,15,2026-07-01,6725.61,0,Al Día,Al Día / OK,Cliente Corporativo
FAC-2026-14787,Estafeta,Logística,06 - Junio,2026-06-04,30,2026-07-04,12031.16,24,1-30 días,Atraso Preventivo,Cliente Corporativo
FAC-2026-14788,Estafeta,Logística,06 - Junio,2026-06-24,30,2026-07-24,17416.06,52,31-60 días,Riesgo Moderado,Cliente Corporativo
FAC-2026-14789,Estafeta,Logística,06 - Junio,2026-06-05,15,2026-06-20,11088.56,77,61-90 días,Riesgo Alto,Cliente Corporativo
FAC-2026-14790,Estafeta,Logística,06 - Junio,2026-06-21,45,2026-08-05,10429.5,97,+90 días (Crítico),En Mora / Crítico,Cliente Corporativo
FAC-2026-14791,Estafeta,Logística,06 - Junio,2026-06-20,30,2026-07-20,49249.67,0,Al Día,Al Día / OK,Cliente Corporativo
FAC-2026-14792,Estafeta,Logística,06 - Junio,2026-06-03,45,2026-07-18,5768.85,7,1-30 días,Atraso Preventivo,Cliente Corporativo
FAC-2026-14793,Estafeta,Logística,06 - Junio,2026-06-17,60,2026-08-16,16789.56,0,Al Día,Al Día / OK,Cliente Corporativo
FAC-2026-14794,Estafeta,Logística,06 - Junio,2026-06-02,15,2026-06-17,8024.45,17,1-30 días,Atraso Preventivo,Cliente Corporativo
FAC-2026-14795,Estafeta,Logística,06 - Junio,2026-06-03,45,2026-07-18,33691.5,20,1-30 días,Atraso Preventivo,Cliente Corporativo
FAC-2026-14796,Estafeta,Logística,06 - Junio,2026-06-19,60,2026-08-18,41374.53,13,1-30 días,Atraso Preventivo,Cliente Corporativo
FAC-2026-14797,Estafeta,Logística,06 - Junio,2026-06-19,30,2026-07-19,21905.09,9,1-30 días,Atraso Preventivo,Cliente Corporativo
FAC-2026-14798,Estafeta,Logística,06 - Junio,2026-06-09,60,2026-08-08,10114.29,33,31-60 días,Riesgo Moderado,Cliente Corporativo
FAC-2026-14799,Estafeta,Logística,06 - Junio,2026-06-13,60,2026-08-12,7357.68,0,Al Día,Al Día / OK,Cliente Corporativo
FAC-2026-14800,Estafeta,Logística,06 - Junio,2026-06-03,60,2026-08-02,10841.05,77,61-90 días,Riesgo Alto,Cliente Corporativo
FAC-2026-14801,Estafeta,Logística,06 - Junio,2026-06-19,45,2026-08-03,5087.29,0,Al Día,Al Día / OK,Cliente Corporativo
FAC-2026-14802,Estafeta,Logística,06 - Junio,2026-06-21,30,2026-07-21,25336.32,0,Al Día,Al Día / OK,Cliente Corporativo
FAC-2026-14803,Pfizer,Salud & Farma,06 - Junio,2026-06-01,60,2026-07-31,16444.3,0,Al Día,Al Día / OK,Cliente Corporativo
FAC-2026-14804,Pfizer,Salud & Farma,06 - Junio,2026-06-20,60,2026-08-19,20045.69,14,1-30 días,Atraso Preventivo,Cliente Corporativo
FAC-2026-14805,Pfizer,Salud & Farma,06 - Junio,2026-06-24,15,2026-07-09,8249.7,54,31-60 días,Riesgo Moderado,Cliente Corporativo
FAC-2026-14806,Pfizer,Salud & Farma,06 - Junio,2026-06-21,60,2026-08-20,11556.77,64,61-90 días,Riesgo Alto,Cliente Corporativo
FAC-2026-14807,Pfizer,Salud & Farma,06 - Junio,2026-06-24,30,2026-07-24,2930.47,169,+90 días (Crítico),En Mora / Crítico,Cliente Corporativo
FAC-2026-14808,Pfizer,Salud & Farma,06 - Junio,2026-06-12,45,2026-07-27,7136.52,0,Al Día,Al Día / OK,Cliente Corporativo
FAC-2026-14809,Pfizer,Salud & Farma,06 - Junio,2026-06-14,15,2026-06-29,13031.6,0,Al Día,Al Día / OK,Cliente Corporativo
FAC-2026-14810,Pfizer,Salud & Farma,06 - Junio,2026-06-19,30,2026-07-19,15075.44,0,Al Día,Al Día / OK,Cliente Corporativo
FAC-2026-14811,Pfizer,Salud & Farma,06 - Junio,2026-06-18,15,2026-07-03,11101.97,0,Al Día,Al Día / OK,Cliente Corporativo
FAC-2026-14812,Pfizer,Salud & Farma,06 - Junio,2026-06-28,60,2026-08-27,2640.53,0,Al Día,Al Día / OK,Cliente Corporativo
FAC-2026-14813,Pfizer,Salud & Farma,06 - Junio,2026-06-11,45,2026-07-26,7413.82,6,1-30 días,Atraso Preventivo,Cliente Corporativo
FAC-2026-14814,Pfizer,Salud & Farma,06 - Junio,2026-06-01,60,2026-07-31,15612.99,0,Al Día,Al Día / OK,Cliente Corporativo
FAC-2026-14815,Pfizer,Salud & Farma,06 - Junio,2026-06-14,60,2026-08-13,25416.28,67,61-90 días,Riesgo Alto,Cliente Corporativo
FAC-2026-14816,Pfizer,Salud & Farma,06 - Junio,2026-06-29,45,2026-08-13,3466.75,0,Al Día,Al Día / OK,Cliente Corporativo
FAC-2026-14817,Pfizer,Salud & Farma,06 - Junio,2026-06-21,15,2026-07-06,25176.19,0,Al Día,Al Día / OK,Cliente Corporativo
FAC-2026-14818,Pfizer,Salud & Farma,06 - Junio,2026-06-13,60,2026-08-12,16656.31,19,1-30 días,Atraso Preventivo,Cliente Corporativo
FAC-2026-14819,Pfizer,Salud & Farma,06 - Junio,2026-06-07,60,2026-08-06,16468.62,0,Al Día,Al Día / OK,Cliente Corporativo
FAC-2026-14820,Pfizer,Salud & Farma,06 - Junio,2026-06-29,30,2026-07-29,5885.53,0,Al Día,Al Día / OK,Cliente Corporativo
FAC-2026-14821,Pfizer,Salud & Farma,06 - Junio,2026-06-28,60,2026-08-27,16899.22,0,Al Día,Al Día / OK,Cliente Corporativo
FAC-2026-14822,Genomma Lab,Salud & Farma,06 - Junio,2026-06-26,30,2026-07-26,9304.97,0,Al Día,Al Día / OK,Cliente Corporativo
FAC-2026-14823,Genomma Lab,Salud & Farma,06 - Junio,2026-06-22,15,2026-07-07,47477.24,7,1-30 días,Atraso Preventivo,Cliente Corporativo
FAC-2026-14824,Genomma Lab,Salud & Farma,06 - Junio,2026-06-22,60,2026-08-21,20114.63,51,31-60 días,Riesgo Moderado,Cliente Corporativo
FAC-2026-14825,Genomma Lab,Salud & Farma,06 - Junio,2026-06-16,60,2026-08-15,12129.0,64,61-90 días,Riesgo Alto,Cliente Corporativo
FAC-2026-14826,Genomma Lab,Salud & Farma,06 - Junio,2026-06-15,60,2026-08-14,52441.48,155,+90 días (Crítico),En Mora / Crítico,Cliente Corporativo
FAC-2026-14827,Genomma Lab,Salud & Farma,06 - Junio,2026-06-22,60,2026-08-21,14097.56,171,+90 días (Crítico),En Mora / Crítico,Cliente Corporativo
FAC-2026-14828,Genomma Lab,Salud & Farma,06 - Junio,2026-06-05,30,2026-07-05,10958.31,0,Al Día,Al Día / OK,Cliente Corporativo
FAC-2026-14829,Genomma Lab,Salud & Farma,06 - Junio,2026-06-30,15,2026-07-15,21347.29,0,Al Día,Al Día / OK,Cliente Corporativo
FAC-2026-14830,Genomma Lab,Salud & Farma,06 - Junio,2026-06-21,30,2026-07-21,3762.29,25,1-30 días,Atraso Preventivo,Cliente Corporativo
FAC-2026-14831,Genomma Lab,Salud & Farma,06 - Junio,2026-06-06,30,2026-07-06,13792.39,22,1-30 días,Atraso Preventivo,Cliente Corporativo
FAC-2026-14832,Genomma Lab,Salud & Farma,06 - Junio,2026-06-24,60,2026-08-23,18026.24,58,31-60 días,Riesgo Moderado,Cliente Corporativo
FAC-2026-14833,Genomma Lab,Salud & Farma,06 - Junio,2026-06-05,15,2026-06-20,36921.81,0,Al Día,Al Día / OK,Cliente Corporativo
FAC-2026-14834,Genomma Lab,Salud & Farma,06 - Junio,2026-06-01,45,2026-07-16,120000.0,50,31-60 días,Riesgo Moderado,Cliente Corporativo
FAC-2026-14835,Genomma Lab,Salud & Farma,06 - Junio,2026-06-15,15,2026-06-30,4399.46,0,Al Día,Al Día / OK,Cliente Corporativo
FAC-2026-14836,Genomma Lab,Salud & Farma,06 - Junio,2026-06-26,60,2026-08-25,35570.26,17,1-30 días,Atraso Preventivo,Cliente Corporativo
FAC-2026-14837,Genomma Lab,Salud & Farma,06 - Junio,2026-06-13,30,2026-07-13,8471.5,0,Al Día,Al Día / OK,Cliente Corporativo
FAC-2026-14838,Genomma Lab,Salud & Farma,06 - Junio,2026-06-22,15,2026-07-07,14070.05,0,Al Día,Al Día / OK,Cliente Corporativo
FAC-2026-14839,Genomma Lab,Salud & Farma,06 - Junio,2026-06-04,15,2026-06-19,29580.67,39,31-60 días,Riesgo Moderado,Cliente Corporativo
FAC-2026-14840,Genomma Lab,Salud & Farma,06 - Junio,2026-06-05,60,2026-08-04,16960.88,5,1-30 días,Atraso Preventivo,Cliente Corporativo
FAC-2026-14841,Genomma Lab,Salud & Farma,06 - Junio,2026-06-03,60,2026-08-02,5173.43,0,Al Día,Al Día / OK,Cliente Corporativo
FAC-2026-14842,Bayer,Salud & Farma,06 - Junio,2026-06-01,30,2026-07-01,95397.35,0,Al Día,Al Día / OK,Cliente Corporativo
FAC-2026-14843,Bayer,Salud & Farma,06 - Junio,2026-06-06,45,2026-07-21,2341.58,14,1-30 días,Atraso Preventivo,Cliente Corporativo
FAC-2026-14844,Bayer,Salud & Farma,06 - Junio,2026-06-22,30,2026-07-22,4169.65,54,31-60 días,Riesgo Moderado,Cliente Corporativo
FAC-2026-14845,Bayer,Salud & Farma,06 - Junio,2026-06-22,15,2026-07-07,14732.96,76,61-90 días,Riesgo Alto,Cliente Corporativo
FAC-2026-14846,Bayer,Salud & Farma,06 - Junio,2026-06-04,30,2026-07-04,23225.85,133,+90 días (Crítico),En Mora / Crítico,Cliente Corporativo
FAC-2026-14847,Bayer,Salud & Farma,06 - Junio,2026-06-03,45,2026-07-18,58224.1,29,1-30 días,Atraso Preventivo,Cliente Corporativo
FAC-2026-14848,Bayer,Salud & Farma,06 - Junio,2026-06-17,15,2026-07-02,76067.17,8,1-30 días,Atraso Preventivo,Cliente Corporativo
FAC-2026-14849,Bayer,Salud & Farma,06 - Junio,2026-06-28,45,2026-08-12,23524.49,31,31-60 días,Riesgo Moderado,Cliente Corporativo
FAC-2026-14850,Bayer,Salud & Farma,06 - Junio,2026-06-17,45,2026-08-01,22188.44,5,1-30 días,Atraso Preventivo,Cliente Corporativo
FAC-2026-14851,Bayer,Salud & Farma,06 - Junio,2026-06-15,60,2026-08-14,47740.4,31,31-60 días,Riesgo Moderado,Cliente Corporativo
FAC-2026-14852,Bayer,Salud & Farma,06 - Junio,2026-06-18,30,2026-07-18,7984.01,0,Al Día,Al Día / OK,Cliente Corporativo
FAC-2026-14853,Bayer,Salud & Farma,06 - Junio,2026-06-10,30,2026-07-10,9411.32,14,1-30 días,Atraso Preventivo,Cliente Corporativo
FAC-2026-14854,Bayer,Salud & Farma,06 - Junio,2026-06-09,15,2026-06-24,24619.0,63,61-90 días,Riesgo Alto,Cliente Corporativo
FAC-2026-14855,Bayer,Salud & Farma,06 - Junio,2026-06-10,45,2026-07-25,9917.5,36,31-60 días,Riesgo Moderado,Cliente Corporativo
FAC-2026-14856,Bayer,Salud & Farma,06 - Junio,2026-06-24,45,2026-08-08,66406.92,41,31-60 días,Riesgo Moderado,Cliente Corporativo
FAC-2026-14857,Bayer,Salud & Farma,06 - Junio,2026-06-23,45,2026-08-07,19674.25,14,1-30 días,Atraso Preventivo,Cliente Corporativo
FAC-2026-14858,Bayer,Salud & Farma,06 - Junio,2026-06-22,45,2026-08-06,12577.28,11,1-30 días,Atraso Preventivo,Cliente Corporativo
FAC-2026-14859,Bayer,Salud & Farma,06 - Junio,2026-06-07,60,2026-08-06,37969.59,10,1-30 días,Atraso Preventivo,Cliente Corporativo
FAC-2026-14860,Bayer,Salud & Farma,06 - Junio,2026-06-19,60,2026-08-18,40981.62,0,Al Día,Al Día / OK,Cliente Corporativo
FAC-2026-14861,Bayer,Salud & Farma,06 - Junio,2026-06-04,60,2026-08-03,11999.33,15,1-30 días,Atraso Preventivo,Cliente Corporativo
FAC-2026-14862,Farmacias Benavides,Salud & Farma,06 - Junio,2026-06-07,60,2026-08-06,4115.92,0,Al Día,Al Día / OK,Cliente Corporativo
FAC-2026-14863,Farmacias Benavides,Salud & Farma,06 - Junio,2026-06-26,15,2026-07-11,4130.65,10,1-30 días,Atraso Preventivo,Cliente Corporativo
FAC-2026-14864,Farmacias Benavides,Salud & Farma,06 - Junio,2026-06-24,15,2026-07-09,4931.15,51,31-60 días,Riesgo Moderado,Cliente Corporativo
FAC-2026-14865,Farmacias Benavides,Salud & Farma,06 - Junio,2026-06-24,30,2026-07-24,20544.46,73,61-90 días,Riesgo Alto,Cliente Corporativo
FAC-2026-14866,Farmacias Benavides,Salud & Farma,06 - Junio,2026-06-09,15,2026-06-24,47953.79,123,+90 días (Crítico),En Mora / Crítico,Cliente Corporativo
FAC-2026-14867,Farmacias Benavides,Salud & Farma,06 - Junio,2026-06-28,45,2026-08-12,21839.97,0,Al Día,Al Día / OK,Cliente Corporativo
FAC-2026-14868,Farmacias Benavides,Salud & Farma,06 - Junio,2026-06-14,45,2026-07-29,7071.3,0,Al Día,Al Día / OK,Cliente Corporativo
FAC-2026-14869,Farmacias Benavides,Salud & Farma,06 - Junio,2026-06-02,60,2026-08-01,10184.43,39,31-60 días,Riesgo Moderado,Cliente Corporativo
FAC-2026-14870,Farmacias Benavides,Salud & Farma,06 - Junio,2026-06-25,30,2026-07-25,3483.77,50,31-60 días,Riesgo Moderado,Cliente Corporativo
FAC-2026-14871,Farmacias Benavides,Salud & Farma,06 - Junio,2026-06-20,30,2026-07-20,30857.75,0,Al Día,Al Día / OK,Cliente Corporativo
FAC-2026-14872,Farmacias Benavides,Salud & Farma,06 - Junio,2026-06-06,45,2026-07-21,17950.45,12,1-30 días,Atraso Preventivo,Cliente Corporativo
FAC-2026-14873,Farmacias Benavides,Salud & Farma,06 - Junio,2026-06-23,45,2026-08-07,20372.82,0,Al Día,Al Día / OK,Cliente Corporativo
FAC-2026-14874,Farmacias Benavides,Salud & Farma,06 - Junio,2026-06-21,15,2026-07-06,50644.85,0,Al Día,Al Día / OK,Cliente Corporativo
FAC-2026-14875,Farmacias Benavides,Salud & Farma,06 - Junio,2026-06-12,60,2026-08-11,1687.01,37,31-60 días,Riesgo Moderado,Cliente Corporativo
FAC-2026-14876,Farmacias Benavides,Salud & Farma,06 - Junio,2026-06-27,45,2026-08-11,4913.28,0,Al Día,Al Día / OK,Cliente Corporativo
FAC-2026-14877,Farmacias Benavides,Salud & Farma,06 - Junio,2026-06-26,45,2026-08-10,14644.52,33,31-60 días,Riesgo Moderado,Cliente Corporativo
FAC-2026-14878,Eurofarma,Salud & Farma,06 - Junio,2026-06-28,45,2026-08-12,15494.95,0,Al Día,Al Día / OK,Cliente Corporativo
FAC-2026-14879,Eurofarma,Salud & Farma,06 - Junio,2026-06-06,45,2026-07-21,2652.3,10,1-30 días,Atraso Preventivo,Cliente Corporativo
FAC-2026-14880,Eurofarma,Salud & Farma,06 - Junio,2026-06-17,45,2026-08-01,1636.36,42,31-60 días,Riesgo Moderado,Cliente Corporativo
FAC-2026-14881,Eurofarma,Salud & Farma,06 - Junio,2026-06-22,15,2026-07-07,10154.85,88,61-90 días,Riesgo Alto,Cliente Corporativo
FAC-2026-14882,Eurofarma,Salud & Farma,06 - Junio,2026-06-05,30,2026-07-05,2442.07,164,+90 días (Crítico),En Mora / Crítico,Cliente Corporativo
FAC-2026-14883,Eurofarma,Salud & Farma,06 - Junio,2026-06-21,15,2026-07-06,3330.74,0,Al Día,Al Día / OK,Cliente Corporativo
FAC-2026-14884,Eurofarma,Salud & Farma,06 - Junio,2026-06-26,30,2026-07-26,5748.97,0,Al Día,Al Día / OK,Cliente Corporativo
FAC-2026-14885,Eurofarma,Salud & Farma,06 - Junio,2026-06-20,30,2026-07-20,36336.44,67,61-90 días,Riesgo Alto,Cliente Corporativo
FAC-2026-14886,Eurofarma,Salud & Farma,06 - Junio,2026-06-08,60,2026-08-07,76634.53,0,Al Día,Al Día / OK,Cliente Corporativo
FAC-2026-14887,Eurofarma,Salud & Farma,06 - Junio,2026-06-14,30,2026-07-14,27711.28,0,Al Día,Al Día / OK,Cliente Corporativo
FAC-2026-14888,Eurofarma,Salud & Farma,06 - Junio,2026-06-13,30,2026-07-13,6956.15,0,Al Día,Al Día / OK,Cliente Corporativo
FAC-2026-14889,Eurofarma,Salud & Farma,06 - Junio,2026-06-26,30,2026-07-26,3388.13,32,31-60 días,Riesgo Moderado,Cliente Corporativo
FAC-2026-14890,Eurofarma,Salud & Farma,06 - Junio,2026-06-15,15,2026-06-30,22807.28,76,61-90 días,Riesgo Alto,Cliente Corporativo
FAC-2026-14891,Eurofarma,Salud & Farma,06 - Junio,2026-06-24,15,2026-07-09,2306.82,10,1-30 días,Atraso Preventivo,Cliente Corporativo
FAC-2026-14892,Eurofarma,Salud & Farma,06 - Junio,2026-06-26,45,2026-08-10,17542.63,0,Al Día,Al Día / OK,Cliente Corporativo
FAC-2026-14893,Eurofarma,Salud & Farma,06 - Junio,2026-06-10,15,2026-06-25,25647.69,0,Al Día,Al Día / OK,Cliente Corporativo
FAC-2026-14894,Eurofarma,Salud & Farma,06 - Junio,2026-06-09,45,2026-07-24,10605.73,0,Al Día,Al Día / OK,Cliente Corporativo
FAC-2026-14895,Eurofarma,Salud & Farma,06 - Junio,2026-06-23,15,2026-07-08,8015.57,121,+90 días (Crítico),En Mora / Crítico,Cliente Corporativo
FAC-2026-14896,Sanofi,Salud & Farma,06 - Junio,2026-06-30,15,2026-07-15,7914.03,0,Al Día,Al Día / OK,Cliente Corporativo
FAC-2026-14897,Sanofi,Salud & Farma,06 - Junio,2026-06-13,30,2026-07-13,4269.95,7,1-30 días,Atraso Preventivo,Cliente Corporativo
FAC-2026-14898,Sanofi,Salud & Farma,06 - Junio,2026-06-13,45,2026-07-28,34042.21,34,31-60 días,Riesgo Moderado,Cliente Corporativo
FAC-2026-14899,Sanofi,Salud & Farma,06 - Junio,2026-06-25,30,2026-07-25,4466.78,79,61-90 días,Riesgo Alto,Cliente Corporativo
FAC-2026-14900,Sanofi,Salud & Farma,06 - Junio,2026-06-04,60,2026-08-03,27674.25,146,+90 días (Crítico),En Mora / Crítico,Cliente Corporativo
FAC-2026-14901,Sanofi,Salud & Farma,06 - Junio,2026-06-07,30,2026-07-07,6894.91,20,1-30 días,Atraso Preventivo,Cliente Corporativo
FAC-2026-14902,Sanofi,Salud & Farma,06 - Junio,2026-06-05,45,2026-07-20,4472.04,28,1-30 días,Atraso Preventivo,Cliente Corporativo
FAC-2026-14903,Sanofi,Salud & Farma,06 - Junio,2026-06-28,45,2026-08-12,7042.74,0,Al Día,Al Día / OK,Cliente Corporativo
FAC-2026-14904,Sanofi,Salud & Farma,06 - Junio,2026-06-17,30,2026-07-17,4247.01,0,Al Día,Al Día / OK,Cliente Corporativo
FAC-2026-14905,Sanofi,Salud & Farma,06 - Junio,2026-06-18,45,2026-08-02,70870.02,7,1-30 días,Atraso Preventivo,Cliente Corporativo
FAC-2026-14906,Sanofi,Salud & Farma,06 - Junio,2026-06-30,60,2026-08-29,6211.0,0,Al Día,Al Día / OK,Cliente Corporativo
FAC-2026-14907,Sanofi,Salud & Farma,06 - Junio,2026-06-29,15,2026-07-14,31878.34,0,Al Día,Al Día / OK,Cliente Corporativo
FAC-2026-14908,Sanofi,Salud & Farma,06 - Junio,2026-06-13,60,2026-08-12,19435.34,12,1-30 días,Atraso Preventivo,Cliente Corporativo
FAC-2026-14909,Sanofi,Salud & Farma,06 - Junio,2026-06-04,30,2026-07-04,5036.93,0,Al Día,Al Día / OK,Cliente Corporativo
FAC-2026-14910,Sanofi,Salud & Farma,06 - Junio,2026-06-27,60,2026-08-26,29774.95,0,Al Día,Al Día / OK,Cliente Corporativo
FAC-2026-14911,Sanofi,Salud & Farma,06 - Junio,2026-06-21,45,2026-08-05,2868.32,0,Al Día,Al Día / OK,Cliente Corporativo
FAC-2026-14912,Sanofi,Salud & Farma,06 - Junio,2026-06-29,45,2026-08-13,36309.49,0,Al Día,Al Día / OK,Cliente Corporativo
FAC-2026-14913,Sanofi,Salud & Farma,06 - Junio,2026-06-29,30,2026-07-29,15155.09,0,Al Día,Al Día / OK,Cliente Corporativo
FAC-2026-14914,Sanofi,Salud & Farma,06 - Junio,2026-06-24,30,2026-07-24,6150.42,0,Al Día,Al Día / OK,Cliente Corporativo
FAC-2026-14915,Sanofi,Salud & Farma,06 - Junio,2026-06-26,60,2026-08-25,10572.12,60,31-60 días,Riesgo Moderado,Cliente Corporativo
FAC-2026-14916,Walmart,Retail,07 - Julio,2026-07-09,45,2026-08-23,11503.68,0,Al Día,Al Día / OK,Cliente Corporativo
FAC-2026-14917,Walmart,Retail,07 - Julio,2026-07-12,60,2026-09-10,4055.32,24,1-30 días,Atraso Preventivo,Cliente Corporativo
FAC-2026-14918,Walmart,Retail,07 - Julio,2026-07-22,60,2026-09-20,14109.99,59,31-60 días,Riesgo Moderado,Cliente Corporativo
FAC-2026-14919,Walmart,Retail,07 - Julio,2026-07-23,45,2026-09-06,16967.21,71,61-90 días,Riesgo Alto,Cliente Corporativo
FAC-2026-14920,Walmart,Retail,07 - Julio,2026-07-21,60,2026-09-19,61516.97,174,+90 días (Crítico),En Mora / Crítico,Cliente Corporativo
FAC-2026-14921,Walmart,Retail,07 - Julio,2026-07-10,15,2026-07-25,81719.53,19,1-30 días,Atraso Preventivo,Cliente Corporativo
FAC-2026-14922,Walmart,Retail,07 - Julio,2026-07-21,15,2026-08-05,28849.46,0,Al Día,Al Día / OK,Cliente Corporativo
FAC-2026-14923,Walmart,Retail,07 - Julio,2026-07-01,45,2026-08-15,4976.04,11,1-30 días,Atraso Preventivo,Cliente Corporativo
FAC-2026-14924,Walmart,Retail,07 - Julio,2026-07-20,15,2026-08-04,30100.46,0,Al Día,Al Día / OK,Cliente Corporativo
FAC-2026-14925,Walmart,Retail,07 - Julio,2026-07-15,60,2026-09-13,14299.84,0,Al Día,Al Día / OK,Cliente Corporativo
FAC-2026-14926,Walmart,Retail,07 - Julio,2026-07-23,15,2026-08-07,62522.04,25,1-30 días,Atraso Preventivo,Cliente Corporativo
FAC-2026-14927,Walmart,Retail,07 - Julio,2026-07-02,45,2026-08-16,50610.36,0,Al Día,Al Día / OK,Cliente Corporativo
FAC-2026-14928,Walmart,Retail,07 - Julio,2026-07-26,45,2026-09-09,13640.0,0,Al Día,Al Día / OK,Cliente Corporativo
FAC-2026-14929,Walmart,Retail,07 - Julio,2026-07-20,60,2026-09-18,19422.55,46,31-60 días,Riesgo Moderado,Cliente Corporativo
FAC-2026-14930,Walmart,Retail,07 - Julio,2026-07-12,15,2026-07-27,18455.61,0,Al Día,Al Día / OK,Cliente Corporativo
FAC-2026-14931,Falabella,Retail,07 - Julio,2026-07-28,30,2026-08-27,2832.63,0,Al Día,Al Día / OK,Cliente Corporativo
FAC-2026-14932,Falabella,Retail,07 - Julio,2026-07-10,60,2026-09-08,50848.48,7,1-30 días,Atraso Preventivo,Cliente Corporativo
FAC-2026-14933,Falabella,Retail,07 - Julio,2026-07-11,30,2026-08-10,9024.57,32,31-60 días,Riesgo Moderado,Cliente Corporativo
FAC-2026-14934,Falabella,Retail,07 - Julio,2026-07-06,15,2026-07-21,4179.99,88,61-90 días,Riesgo Alto,Cliente Corporativo
FAC-2026-14935,Falabella,Retail,07 - Julio,2026-07-04,45,2026-08-18,54584.85,163,+90 días (Crítico),En Mora / Crítico,Cliente Corporativo
FAC-2026-14936,Falabella,Retail,07 - Julio,2026-07-02,45,2026-08-16,10217.52,0,Al Día,Al Día / OK,Cliente Corporativo
FAC-2026-14937,Falabella,Retail,07 - Julio,2026-07-01,30,2026-07-31,25364.25,0,Al Día,Al Día / OK,Cliente Corporativo
FAC-2026-14938,Falabella,Retail,07 - Julio,2026-07-21,30,2026-08-20,67102.57,0,Al Día,Al Día / OK,Cliente Corporativo
FAC-2026-14939,Falabella,Retail,07 - Julio,2026-07-24,15,2026-08-08,22730.16,26,1-30 días,Atraso Preventivo,Cliente Corporativo
FAC-2026-14940,Falabella,Retail,07 - Julio,2026-07-19,30,2026-08-18,28918.56,0,Al Día,Al Día / OK,Cliente Corporativo
FAC-2026-14941,Falabella,Retail,07 - Julio,2026-07-29,60,2026-09-27,18878.79,0,Al Día,Al Día / OK,Cliente Corporativo
FAC-2026-14942,Falabella,Retail,07 - Julio,2026-07-15,45,2026-08-29,19231.84,106,+90 días (Crítico),En Mora / Crítico,Cliente Corporativo
FAC-2026-14943,Falabella,Retail,07 - Julio,2026-07-09,15,2026-07-24,2624.52,50,31-60 días,Riesgo Moderado,Cliente Corporativo
FAC-2026-14944,Falabella,Retail,07 - Julio,2026-07-29,60,2026-09-27,8548.39,76,61-90 días,Riesgo Alto,Cliente Corporativo
FAC-2026-14945,Cencosud,Retail,07 - Julio,2026-07-16,15,2026-07-31,14013.52,0,Al Día,Al Día / OK,Cliente Corporativo
FAC-2026-14946,Cencosud,Retail,07 - Julio,2026-07-03,45,2026-08-17,6733.09,15,1-30 días,Atraso Preventivo,Cliente Corporativo
FAC-2026-14947,Cencosud,Retail,07 - Julio,2026-07-04,15,2026-07-19,1850.03,34,31-60 días,Riesgo Moderado,Cliente Corporativo
FAC-2026-14948,Cencosud,Retail,07 - Julio,2026-07-01,30,2026-07-31,9875.4,84,61-90 días,Riesgo Alto,Cliente Corporativo
FAC-2026-14949,Cencosud,Retail,07 - Julio,2026-07-28,45,2026-09-11,8884.61,126,+90 días (Crítico),En Mora / Crítico,Cliente Corporativo
FAC-2026-14950,Cencosud,Retail,07 - Julio,2026-07-31,45,2026-09-14,15709.35,0,Al Día,Al Día / OK,Cliente Corporativo
FAC-2026-14951,Cencosud,Retail,07 - Julio,2026-07-07,30,2026-08-06,68508.91,0,Al Día,Al Día / OK,Cliente Corporativo
FAC-2026-14952,Cencosud,Retail,07 - Julio,2026-07-31,45,2026-09-14,51038.2,0,Al Día,Al Día / OK,Cliente Corporativo
FAC-2026-14953,Cencosud,Retail,07 - Julio,2026-07-01,45,2026-08-15,33604.01,6,1-30 días,Atraso Preventivo,Cliente Corporativo
FAC-2026-14954,Cencosud,Retail,07 - Julio,2026-07-03,60,2026-09-01,12615.87,0,Al Día,Al Día / OK,Cliente Corporativo
FAC-2026-14955,Cencosud,Retail,07 - Julio,2026-07-12,45,2026-08-26,1771.87,10,1-30 días,Atraso Preventivo,Cliente Corporativo
FAC-2026-14956,Cencosud,Retail,07 - Julio,2026-07-04,45,2026-08-18,81751.15,0,Al Día,Al Día / OK,Cliente Corporativo
FAC-2026-14957,Cencosud,Retail,07 - Julio,2026-07-15,45,2026-08-29,67015.08,0,Al Día,Al Día / OK,Cliente Corporativo
FAC-2026-14958,Cencosud,Retail,07 - Julio,2026-07-19,30,2026-08-18,2676.64,0,Al Día,Al Día / OK,Cliente Corporativo
FAC-2026-14959,Cencosud,Retail,07 - Julio,2026-07-22,15,2026-08-06,21220.74,0,Al Día,Al Día / OK,Cliente Corporativo
FAC-2026-14960,Cencosud,Retail,07 - Julio,2026-07-30,30,2026-08-29,5536.31,0,Al Día,Al Día / OK,Cliente Corporativo
FAC-2026-14961,El Puerto de Liverpool,Retail,07 - Julio,2026-07-23,30,2026-08-22,13009.55,0,Al Día,Al Día / OK,Cliente Corporativo
FAC-2026-14962,El Puerto de Liverpool,Retail,07 - Julio,2026-07-15,60,2026-09-13,2307.97,27,1-30 días,Atraso Preventivo,Cliente Corporativo
FAC-2026-14963,El Puerto de Liverpool,Retail,07 - Julio,2026-07-25,45,2026-09-08,70978.84,60,31-60 días,Riesgo Moderado,Cliente Corporativo
FAC-2026-14964,El Puerto de Liverpool,Retail,07 - Julio,2026-07-03,30,2026-08-02,33148.32,77,61-90 días,Riesgo Alto,Cliente Corporativo
FAC-2026-14965,El Puerto de Liverpool,Retail,07 - Julio,2026-07-06,15,2026-07-21,9717.14,141,+90 días (Crítico),En Mora / Crítico,Cliente Corporativo
FAC-2026-14966,El Puerto de Liverpool,Retail,07 - Julio,2026-07-03,30,2026-08-02,33865.25,19,1-30 días,Atraso Preventivo,Cliente Corporativo
FAC-2026-14967,El Puerto de Liverpool,Retail,07 - Julio,2026-07-16,15,2026-07-31,11111.44,0,Al Día,Al Día / OK,Cliente Corporativo
FAC-2026-14968,El Puerto de Liverpool,Retail,07 - Julio,2026-07-18,45,2026-09-01,22477.61,0,Al Día,Al Día / OK,Cliente Corporativo
FAC-2026-14969,El Puerto de Liverpool,Retail,07 - Julio,2026-07-01,60,2026-08-30,17007.5,76,61-90 días,Riesgo Alto,Cliente Corporativo
FAC-2026-14970,El Puerto de Liverpool,Retail,07 - Julio,2026-07-06,45,2026-08-20,6420.19,59,31-60 días,Riesgo Moderado,Cliente Corporativo
FAC-2026-14971,El Puerto de Liverpool,Retail,07 - Julio,2026-07-08,60,2026-09-06,14496.04,31,31-60 días,Riesgo Moderado,Cliente Corporativo
FAC-2026-14972,El Puerto de Liverpool,Retail,07 - Julio,2026-07-29,15,2026-08-13,15693.4,0,Al Día,Al Día / OK,Cliente Corporativo
FAC-2026-14973,El Puerto de Liverpool,Retail,07 - Julio,2026-07-20,15,2026-08-04,10363.64,0,Al Día,Al Día / OK,Cliente Corporativo
FAC-2026-14974,El Puerto de Liverpool,Retail,07 - Julio,2026-07-09,15,2026-07-24,5591.54,0,Al Día,Al Día / OK,Cliente Corporativo
FAC-2026-14975,El Puerto de Liverpool,Retail,07 - Julio,2026-07-03,15,2026-07-18,29669.87,0,Al Día,Al Día / OK,Cliente Corporativo
FAC-2026-14976,El Puerto de Liverpool,Retail,07 - Julio,2026-07-07,45,2026-08-21,11531.18,0,Al Día,Al Día / OK,Cliente Corporativo
FAC-2026-14977,El Puerto de Liverpool,Retail,07 - Julio,2026-07-15,30,2026-08-14,14870.26,0,Al Día,Al Día / OK,Cliente Corporativo
FAC-2026-14978,Coppel,Retail,07 - Julio,2026-07-22,45,2026-09-05,3621.51,0,Al Día,Al Día / OK,Cliente Corporativo
FAC-2026-14979,Coppel,Retail,07 - Julio,2026-07-10,15,2026-07-25,7376.21,19,1-30 días,Atraso Preventivo,Cliente Corporativo
FAC-2026-14980,Coppel,Retail,07 - Julio,2026-07-08,60,2026-09-06,8332.68,49,31-60 días,Riesgo Moderado,Cliente Corporativo
FAC-2026-14981,Coppel,Retail,07 - Julio,2026-07-15,60,2026-09-13,12049.75,66,61-90 días,Riesgo Alto,Cliente Corporativo
FAC-2026-14982,Coppel,Retail,07 - Julio,2026-07-18,60,2026-09-16,26558.97,108,+90 días (Crítico),En Mora / Crítico,Cliente Corporativo
FAC-2026-14983,Coppel,Retail,07 - Julio,2026-07-18,30,2026-08-17,18576.28,24,1-30 días,Atraso Preventivo,Cliente Corporativo
FAC-2026-14984,Coppel,Retail,07 - Julio,2026-07-27,60,2026-09-25,20831.38,0,Al Día,Al Día / OK,Cliente Corporativo
FAC-2026-14985,Coppel,Retail,07 - Julio,2026-07-18,60,2026-09-16,1953.48,0,Al Día,Al Día / OK,Cliente Corporativo
FAC-2026-14986,Coppel,Retail,07 - Julio,2026-07-06,45,2026-08-20,37582.91,0,Al Día,Al Día / OK,Cliente Corporativo
FAC-2026-14987,Coppel,Retail,07 - Julio,2026-07-08,15,2026-07-23,15287.32,0,Al Día,Al Día / OK,Cliente Corporativo
FAC-2026-14988,Coppel,Retail,07 - Julio,2026-07-19,60,2026-09-17,36888.89,44,31-60 días,Riesgo Moderado,Cliente Corporativo
FAC-2026-14989,Coppel,Retail,07 - Julio,2026-07-14,30,2026-08-13,17565.47,0,Al Día,Al Día / OK,Cliente Corporativo
FAC-2026-14990,Coppel,Retail,07 - Julio,2026-07-16,45,2026-08-30,12553.73,0,Al Día,Al Día / OK,Cliente Corporativo
FAC-2026-14991,Grupo Éxito,Retail,07 - Julio,2026-07-29,45,2026-09-12,10723.54,0,Al Día,Al Día / OK,Cliente Corporativo
FAC-2026-14992,Grupo Éxito,Retail,07 - Julio,2026-07-02,45,2026-08-16,5847.35,28,1-30 días,Atraso Preventivo,Cliente Corporativo
FAC-2026-14993,Grupo Éxito,Retail,07 - Julio,2026-07-17,30,2026-08-16,4412.41,52,31-60 días,Riesgo Moderado,Cliente Corporativo
FAC-2026-14994,Grupo Éxito,Retail,07 - Julio,2026-07-07,45,2026-08-21,33708.29,78,61-90 días,Riesgo Alto,Cliente Corporativo
FAC-2026-14995,Grupo Éxito,Retail,07 - Julio,2026-07-25,45,2026-09-08,41836.18,132,+90 días (Crítico),En Mora / Crítico,Cliente Corporativo
FAC-2026-14996,Grupo Éxito,Retail,07 - Julio,2026-07-28,60,2026-09-26,44379.17,53,31-60 días,Riesgo Moderado,Cliente Corporativo
FAC-2026-14997,Grupo Éxito,Retail,07 - Julio,2026-07-25,45,2026-09-08,42335.86,30,1-30 días,Atraso Preventivo,Cliente Corporativo
FAC-2026-14998,Grupo Éxito,Retail,07 - Julio,2026-07-18,15,2026-08-02,29368.02,27,1-30 días,Atraso Preventivo,Cliente Corporativo
FAC-2026-14999,Grupo Éxito,Retail,07 - Julio,2026-07-21,30,2026-08-20,20237.41,0,Al Día,Al Día / OK,Cliente Corporativo
FAC-2026-15000,Grupo Éxito,Retail,07 - Julio,2026-07-10,30,2026-08-09,39705.93,0,Al Día,Al Día / OK,Cliente Corporativo
FAC-2026-15001,Grupo Éxito,Retail,07 - Julio,2026-07-06,60,2026-09-04,21287.4,0,Al Día,Al Día / OK,Cliente Corporativo
FAC-2026-15002,Grupo Éxito,Retail,07 - Julio,2026-07-12,30,2026-08-11,10022.0,0,Al Día,Al Día / OK,Cliente Corporativo
FAC-2026-15003,Grupo Éxito,Retail,07 - Julio,2026-07-23,15,2026-08-07,1329.61,0,Al Día,Al Día / OK,Cliente Corporativo
FAC-2026-15004,Grupo Éxito,Retail,07 - Julio,2026-07-31,15,2026-08-15,15107.94,0,Al Día,Al Día / OK,Cliente Corporativo
FAC-2026-15005,Grupo Éxito,Retail,07 - Julio,2026-07-08,45,2026-08-22,23210.9,0,Al Día,Al Día / OK,Cliente Corporativo
FAC-2026-15006,Grupo Éxito,Retail,07 - Julio,2026-07-31,15,2026-08-15,12284.49,27,1-30 días,Atraso Preventivo,Cliente Corporativo
FAC-2026-15007,FEMSA Comercio (OXXO),Retail,07 - Julio,2026-07-15,45,2026-08-29,7287.94,0,Al Día,Al Día / OK,Cliente Corporativo
FAC-2026-15008,FEMSA Comercio (OXXO),Retail,07 - Julio,2026-07-13,15,2026-07-28,32534.21,17,1-30 días,Atraso Preventivo,Cliente Corporativo
FAC-2026-15009,FEMSA Comercio (OXXO),Retail,07 - Julio,2026-07-17,45,2026-08-31,2714.08,55,31-60 días,Riesgo Moderado,Cliente Corporativo
FAC-2026-15010,FEMSA Comercio (OXXO),Retail,07 - Julio,2026-07-03,30,2026-08-02,18893.41,90,61-90 días,Riesgo Alto,Cliente Corporativo
FAC-2026-15011,FEMSA Comercio (OXXO),Retail,07 - Julio,2026-07-29,60,2026-09-27,5711.22,108,+90 días (Crítico),En Mora / Crítico,Cliente Corporativo
FAC-2026-15012,FEMSA Comercio (OXXO),Retail,07 - Julio,2026-07-30,45,2026-09-13,7415.96,0,Al Día,Al Día / OK,Cliente Corporativo
FAC-2026-15013,FEMSA Comercio (OXXO),Retail,07 - Julio,2026-07-25,45,2026-09-08,1836.12,39,31-60 días,Riesgo Moderado,Cliente Corporativo
FAC-2026-15014,FEMSA Comercio (OXXO),Retail,07 - Julio,2026-07-17,30,2026-08-16,7328.51,0,Al Día,Al Día / OK,Cliente Corporativo
FAC-2026-15015,FEMSA Comercio (OXXO),Retail,07 - Julio,2026-07-15,60,2026-09-13,86839.39,0,Al Día,Al Día / OK,Cliente Corporativo
FAC-2026-15016,FEMSA Comercio (OXXO),Retail,07 - Julio,2026-07-09,60,2026-09-07,35120.96,25,1-30 días,Atraso Preventivo,Cliente Corporativo
FAC-2026-15017,FEMSA Comercio (OXXO),Retail,07 - Julio,2026-07-03,15,2026-07-18,29952.1,0,Al Día,Al Día / OK,Cliente Corporativo
FAC-2026-15018,FEMSA Comercio (OXXO),Retail,07 - Julio,2026-07-31,45,2026-09-14,14208.34,0,Al Día,Al Día / OK,Cliente Corporativo
FAC-2026-15019,FEMSA Comercio (OXXO),Retail,07 - Julio,2026-07-15,45,2026-08-29,12170.03,13,1-30 días,Atraso Preventivo,Cliente Corporativo
FAC-2026-15020,FEMSA Comercio (OXXO),Retail,07 - Julio,2026-07-11,30,2026-08-10,4161.01,0,Al Día,Al Día / OK,Cliente Corporativo
FAC-2026-15021,FEMSA Comercio (OXXO),Retail,07 - Julio,2026-07-05,60,2026-09-03,17528.73,54,31-60 días,Riesgo Moderado,Cliente Corporativo
FAC-2026-15022,FEMSA Comercio (OXXO),Retail,07 - Julio,2026-07-14,60,2026-09-12,2095.51,0,Al Día,Al Día / OK,Cliente Corporativo
FAC-2026-15023,FEMSA Comercio (OXXO),Retail,07 - Julio,2026-07-28,45,2026-09-11,19772.34,13,1-30 días,Atraso Preventivo,Cliente Corporativo
FAC-2026-15024,FEMSA Comercio (OXXO),Retail,07 - Julio,2026-07-31,30,2026-08-30,4523.21,0,Al Día,Al Día / OK,Cliente Corporativo
FAC-2026-15025,FEMSA Comercio (OXXO),Retail,07 - Julio,2026-07-23,15,2026-08-07,2365.95,19,1-30 días,Atraso Preventivo,Cliente Corporativo
FAC-2026-15026,Chedraui,Retail,07 - Julio,2026-07-01,60,2026-08-30,27634.53,0,Al Día,Al Día / OK,Cliente Corporativo
FAC-2026-15027,Chedraui,Retail,07 - Julio,2026-07-29,15,2026-08-13,23008.02,8,1-30 días,Atraso Preventivo,Cliente Corporativo
FAC-2026-15028,Chedraui,Retail,07 - Julio,2026-07-07,60,2026-09-05,13486.16,43,31-60 días,Riesgo Moderado,Cliente Corporativo
FAC-2026-15029,Chedraui,Retail,07 - Julio,2026-07-06,30,2026-08-05,4802.98,81,61-90 días,Riesgo Alto,Cliente Corporativo
FAC-2026-15030,Chedraui,Retail,07 - Julio,2026-07-25,30,2026-08-24,3567.23,136,+90 días (Crítico),En Mora / Crítico,Cliente Corporativo
FAC-2026-15031,Chedraui,Retail,07 - Julio,2026-07-25,45,2026-09-08,12065.22,0,Al Día,Al Día / OK,Cliente Corporativo
FAC-2026-15032,Chedraui,Retail,07 - Julio,2026-07-23,45,2026-09-06,5123.95,33,31-60 días,Riesgo Moderado,Cliente Corporativo
FAC-2026-15033,Chedraui,Retail,07 - Julio,2026-07-02,60,2026-08-31,13049.65,12,1-30 días,Atraso Preventivo,Cliente Corporativo
FAC-2026-15034,Chedraui,Retail,07 - Julio,2026-07-28,30,2026-08-27,6432.58,0,Al Día,Al Día / OK,Cliente Corporativo
FAC-2026-15035,Chedraui,Retail,07 - Julio,2026-07-09,30,2026-08-08,19285.92,0,Al Día,Al Día / OK,Cliente Corporativo
FAC-2026-15036,Chedraui,Retail,07 - Julio,2026-07-13,30,2026-08-12,12150.49,175,+90 días (Crítico),En Mora / Crítico,Cliente Corporativo
FAC-2026-15037,Chedraui,Retail,07 - Julio,2026-07-04,15,2026-07-19,18093.75,0,Al Día,Al Día / OK,Cliente Corporativo
FAC-2026-15038,Chedraui,Retail,07 - Julio,2026-07-02,45,2026-08-16,1265.03,0,Al Día,Al Día / OK,Cliente Corporativo
FAC-2026-15039,Chedraui,Retail,07 - Julio,2026-07-09,30,2026-08-08,3645.18,0,Al Día,Al Día / OK,Cliente Corporativo
FAC-2026-15040,Chedraui,Retail,07 - Julio,2026-07-25,15,2026-08-09,12369.38,6,1-30 días,Atraso Preventivo,Cliente Corporativo
FAC-2026-15041,América Móvil (Claro),Telecom,07 - Julio,2026-07-19,30,2026-08-18,3408.47,0,Al Día,Al Día / OK,Cliente Corporativo
FAC-2026-15042,América Móvil (Claro),Telecom,07 - Julio,2026-07-16,15,2026-07-31,6417.26,20,1-30 días,Atraso Preventivo,Cliente Corporativo
FAC-2026-15043,América Móvil (Claro),Telecom,07 - Julio,2026-07-24,60,2026-09-22,3737.78,54,31-60 días,Riesgo Moderado,Cliente Corporativo
FAC-2026-15044,América Móvil (Claro),Telecom,07 - Julio,2026-07-13,15,2026-07-28,14370.07,87,61-90 días,Riesgo Alto,Cliente Corporativo
FAC-2026-15045,América Móvil (Claro),Telecom,07 - Julio,2026-07-21,45,2026-09-04,6535.43,147,+90 días (Crítico),En Mora / Crítico,Cliente Corporativo
FAC-2026-15046,América Móvil (Claro),Telecom,07 - Julio,2026-07-29,30,2026-08-28,15426.12,134,+90 días (Crítico),En Mora / Crítico,Cliente Corporativo
FAC-2026-15047,América Móvil (Claro),Telecom,07 - Julio,2026-07-05,45,2026-08-19,14844.04,141,+90 días (Crítico),En Mora / Crítico,Cliente Corporativo
FAC-2026-15048,América Móvil (Claro),Telecom,07 - Julio,2026-07-28,60,2026-09-26,24839.87,63,61-90 días,Riesgo Alto,Cliente Corporativo
FAC-2026-15049,América Móvil (Claro),Telecom,07 - Julio,2026-07-05,60,2026-09-03,18090.46,0,Al Día,Al Día / OK,Cliente Corporativo
FAC-2026-15050,América Móvil (Claro),Telecom,07 - Julio,2026-07-13,45,2026-08-27,9434.38,54,31-60 días,Riesgo Moderado,Cliente Corporativo
FAC-2026-15051,América Móvil (Claro),Telecom,07 - Julio,2026-07-04,15,2026-07-19,13211.93,0,Al Día,Al Día / OK,Cliente Corporativo
FAC-2026-15052,América Móvil (Claro),Telecom,07 - Julio,2026-07-21,30,2026-08-20,16199.31,58,31-60 días,Riesgo Moderado,Cliente Corporativo
FAC-2026-15053,América Móvil (Claro),Telecom,07 - Julio,2026-07-06,45,2026-08-20,42531.2,53,31-60 días,Riesgo Moderado,Cliente Corporativo
FAC-2026-15054,Telefónica (Movistar),Telecom,07 - Julio,2026-07-28,60,2026-09-26,18912.06,0,Al Día,Al Día / OK,Cliente Corporativo
FAC-2026-15055,Telefónica (Movistar),Telecom,07 - Julio,2026-07-28,30,2026-08-27,46301.97,21,1-30 días,Atraso Preventivo,Cliente Corporativo
FAC-2026-15056,Telefónica (Movistar),Telecom,07 - Julio,2026-07-07,15,2026-07-22,17852.26,48,31-60 días,Riesgo Moderado,Cliente Corporativo
FAC-2026-15057,Telefónica (Movistar),Telecom,07 - Julio,2026-07-21,60,2026-09-19,1921.99,85,61-90 días,Riesgo Alto,Cliente Corporativo
FAC-2026-15058,Telefónica (Movistar),Telecom,07 - Julio,2026-07-05,15,2026-07-20,30533.85,98,+90 días (Crítico),En Mora / Crítico,Cliente Corporativo
FAC-2026-15059,Telefónica (Movistar),Telecom,07 - Julio,2026-07-18,30,2026-08-17,10254.19,0,Al Día,Al Día / OK,Cliente Corporativo
FAC-2026-15060,Telefónica (Movistar),Telecom,07 - Julio,2026-07-04,60,2026-09-02,9699.58,0,Al Día,Al Día / OK,Cliente Corporativo
FAC-2026-15061,Telefónica (Movistar),Telecom,07 - Julio,2026-07-13,15,2026-07-28,13316.47,0,Al Día,Al Día / OK,Cliente Corporativo
FAC-2026-15062,Telefónica (Movistar),Telecom,07 - Julio,2026-07-18,15,2026-08-02,14300.26,24,1-30 días,Atraso Preventivo,Cliente Corporativo
FAC-2026-15063,Telefónica (Movistar),Telecom,07 - Julio,2026-07-16,30,2026-08-15,2225.71,11,1-30 días,Atraso Preventivo,Cliente Corporativo
FAC-2026-15064,Telefónica (Movistar),Telecom,07 - Julio,2026-07-19,60,2026-09-17,20136.62,26,1-30 días,Atraso Preventivo,Cliente Corporativo
FAC-2026-15065,Telefónica (Movistar),Telecom,07 - Julio,2026-07-09,15,2026-07-24,83691.52,0,Al Día,Al Día / OK,Cliente Corporativo
FAC-2026-15066,Telefónica (Movistar),Telecom,07 - Julio,2026-07-08,15,2026-07-23,37168.49,0,Al Día,Al Día / OK,Cliente Corporativo
FAC-2026-15067,Telefónica (Movistar),Telecom,07 - Julio,2026-07-24,60,2026-09-22,17268.39,0,Al Día,Al Día / OK,Cliente Corporativo
FAC-2026-15068,Telefónica (Movistar),Telecom,07 - Julio,2026-07-11,30,2026-08-10,29204.2,129,+90 días (Crítico),En Mora / Crítico,Cliente Corporativo
FAC-2026-15069,Millicom (Tigo),Telecom,07 - Julio,2026-07-27,45,2026-09-10,3507.31,0,Al Día,Al Día / OK,Cliente Corporativo
FAC-2026-15070,Millicom (Tigo),Telecom,07 - Julio,2026-07-09,60,2026-09-07,14260.25,7,1-30 días,Atraso Preventivo,Cliente Corporativo
FAC-2026-15071,Millicom (Tigo),Telecom,07 - Julio,2026-07-17,45,2026-08-31,13596.13,32,31-60 días,Riesgo Moderado,Cliente Corporativo
FAC-2026-15072,Millicom (Tigo),Telecom,07 - Julio,2026-07-06,30,2026-08-05,15639.34,71,61-90 días,Riesgo Alto,Cliente Corporativo
FAC-2026-15073,Millicom (Tigo),Telecom,07 - Julio,2026-07-16,60,2026-09-14,21170.76,108,+90 días (Crítico),En Mora / Crítico,Cliente Corporativo
FAC-2026-15074,Millicom (Tigo),Telecom,07 - Julio,2026-07-24,15,2026-08-08,22723.43,0,Al Día,Al Día / OK,Cliente Corporativo
FAC-2026-15075,Millicom (Tigo),Telecom,07 - Julio,2026-07-24,15,2026-08-08,5467.08,76,61-90 días,Riesgo Alto,Cliente Corporativo
FAC-2026-15076,Millicom (Tigo),Telecom,07 - Julio,2026-07-03,60,2026-09-01,2015.52,0,Al Día,Al Día / OK,Cliente Corporativo
FAC-2026-15077,Millicom (Tigo),Telecom,07 - Julio,2026-07-19,45,2026-09-02,2663.82,0,Al Día,Al Día / OK,Cliente Corporativo
FAC-2026-15078,Millicom (Tigo),Telecom,07 - Julio,2026-07-09,45,2026-08-23,35937.81,0,Al Día,Al Día / OK,Cliente Corporativo
FAC-2026-15079,Millicom (Tigo),Telecom,07 - Julio,2026-07-24,60,2026-09-22,20263.75,59,31-60 días,Riesgo Moderado,Cliente Corporativo
FAC-2026-15080,Millicom (Tigo),Telecom,07 - Julio,2026-07-20,60,2026-09-18,10447.29,71,61-90 días,Riesgo Alto,Cliente Corporativo
FAC-2026-15081,Millicom (Tigo),Telecom,07 - Julio,2026-07-30,45,2026-09-13,15089.01,29,1-30 días,Atraso Preventivo,Cliente Corporativo
FAC-2026-15082,Millicom (Tigo),Telecom,07 - Julio,2026-07-11,15,2026-07-26,26550.9,0,Al Día,Al Día / OK,Cliente Corporativo
FAC-2026-15083,Millicom (Tigo),Telecom,07 - Julio,2026-07-03,45,2026-08-17,10555.85,0,Al Día,Al Día / OK,Cliente Corporativo
FAC-2026-15084,Millicom (Tigo),Telecom,07 - Julio,2026-07-10,30,2026-08-09,9902.21,0,Al Día,Al Día / OK,Cliente Corporativo
FAC-2026-15085,Millicom (Tigo),Telecom,07 - Julio,2026-07-10,15,2026-07-25,6549.05,9,1-30 días,Atraso Preventivo,Cliente Corporativo
FAC-2026-15086,Millicom (Tigo),Telecom,07 - Julio,2026-07-18,60,2026-09-16,11259.8,0,Al Día,Al Día / OK,Cliente Corporativo
FAC-2026-15087,Millicom (Tigo),Telecom,07 - Julio,2026-07-30,30,2026-08-29,23168.73,8,1-30 días,Atraso Preventivo,Cliente Corporativo
FAC-2026-15088,Entel,Telecom,07 - Julio,2026-07-15,30,2026-08-14,16652.52,0,Al Día,Al Día / OK,Cliente Corporativo
FAC-2026-15089,Entel,Telecom,07 - Julio,2026-07-27,15,2026-08-11,2500.4,13,1-30 días,Atraso Preventivo,Cliente Corporativo
FAC-2026-15090,Entel,Telecom,07 - Julio,2026-07-26,45,2026-09-09,2943.45,54,31-60 días,Riesgo Moderado,Cliente Corporativo
FAC-2026-15091,Entel,Telecom,07 - Julio,2026-07-16,60,2026-09-14,7508.67,71,61-90 días,Riesgo Alto,Cliente Corporativo
FAC-2026-15092,Entel,Telecom,07 - Julio,2026-07-03,45,2026-08-17,69542.57,157,+90 días (Crítico),En Mora / Crítico,Cliente Corporativo
FAC-2026-15093,Entel,Telecom,07 - Julio,2026-07-04,45,2026-08-18,1491.4,0,Al Día,Al Día / OK,Cliente Corporativo
FAC-2026-15094,Entel,Telecom,07 - Julio,2026-07-22,15,2026-08-06,15644.88,0,Al Día,Al Día / OK,Cliente Corporativo
FAC-2026-15095,Entel,Telecom,07 - Julio,2026-07-16,60,2026-09-14,4795.86,0,Al Día,Al Día / OK,Cliente Corporativo
FAC-2026-15096,Entel,Telecom,07 - Julio,2026-07-11,60,2026-09-09,12090.48,9,1-30 días,Atraso Preventivo,Cliente Corporativo
FAC-2026-15097,Entel,Telecom,07 - Julio,2026-07-22,45,2026-09-05,5822.02,30,1-30 días,Atraso Preventivo,Cliente Corporativo
FAC-2026-15098,Entel,Telecom,07 - Julio,2026-07-31,30,2026-08-30,3137.77,163,+90 días (Crítico),En Mora / Crítico,Cliente Corporativo
FAC-2026-15099,Entel,Telecom,07 - Julio,2026-07-04,60,2026-09-02,104393.64,18,1-30 días,Atraso Preventivo,Cliente Corporativo
FAC-2026-15100,Entel,Telecom,07 - Julio,2026-07-18,60,2026-09-16,24958.67,14,1-30 días,Atraso Preventivo,Cliente Corporativo
FAC-2026-15101,Entel,Telecom,07 - Julio,2026-07-27,45,2026-09-10,6391.39,13,1-30 días,Atraso Preventivo,Cliente Corporativo
FAC-2026-15102,Entel,Telecom,07 - Julio,2026-07-24,60,2026-09-22,58838.06,0,Al Día,Al Día / OK,Cliente Corporativo
FAC-2026-15103,Entel,Telecom,07 - Julio,2026-07-08,30,2026-08-07,5212.56,0,Al Día,Al Día / OK,Cliente Corporativo
FAC-2026-15104,AT&T,Telecom,07 - Julio,2026-07-27,15,2026-08-11,4236.08,0,Al Día,Al Día / OK,Cliente Corporativo
FAC-2026-15105,AT&T,Telecom,07 - Julio,2026-07-03,60,2026-09-01,35470.71,6,1-30 días,Atraso Preventivo,Cliente Corporativo
FAC-2026-15106,AT&T,Telecom,07 - Julio,2026-07-19,15,2026-08-03,18244.59,35,31-60 días,Riesgo Moderado,Cliente Corporativo
FAC-2026-15107,AT&T,Telecom,07 - Julio,2026-07-17,30,2026-08-16,14956.26,69,61-90 días,Riesgo Alto,Cliente Corporativo
FAC-2026-15108,AT&T,Telecom,07 - Julio,2026-07-30,45,2026-09-13,3400.05,121,+90 días (Crítico),En Mora / Crítico,Cliente Corporativo
FAC-2026-15109,AT&T,Telecom,07 - Julio,2026-07-12,45,2026-08-26,7913.09,0,Al Día,Al Día / OK,Cliente Corporativo
FAC-2026-15110,AT&T,Telecom,07 - Julio,2026-07-24,60,2026-09-22,18070.55,17,1-30 días,Atraso Preventivo,Cliente Corporativo
FAC-2026-15111,AT&T,Telecom,07 - Julio,2026-07-04,60,2026-09-02,21691.59,0,Al Día,Al Día / OK,Cliente Corporativo
FAC-2026-15112,AT&T,Telecom,07 - Julio,2026-07-18,30,2026-08-17,7046.27,87,61-90 días,Riesgo Alto,Cliente Corporativo
FAC-2026-15113,AT&T,Telecom,07 - Julio,2026-07-16,30,2026-08-15,20104.83,0,Al Día,Al Día / OK,Cliente Corporativo
FAC-2026-15114,AT&T,Telecom,07 - Julio,2026-07-28,30,2026-08-27,31457.02,0,Al Día,Al Día / OK,Cliente Corporativo
FAC-2026-15115,AT&T,Telecom,07 - Julio,2026-07-04,30,2026-08-03,6572.37,9,1-30 días,Atraso Preventivo,Cliente Corporativo
FAC-2026-15116,AT&T,Telecom,07 - Julio,2026-07-13,60,2026-09-11,13610.12,14,1-30 días,Atraso Preventivo,Cliente Corporativo
FAC-2026-15117,AT&T,Telecom,07 - Julio,2026-07-21,60,2026-09-19,16205.39,7,1-30 días,Atraso Preventivo,Cliente Corporativo
FAC-2026-15118,AT&T,Telecom,07 - Julio,2026-07-27,15,2026-08-11,52274.26,0,Al Día,Al Día / OK,Cliente Corporativo
FAC-2026-15119,AT&T,Telecom,07 - Julio,2026-07-27,45,2026-09-10,12377.66,25,1-30 días,Atraso Preventivo,Cliente Corporativo
FAC-2026-15120,Liberty Latin America,Telecom,07 - Julio,2026-07-12,60,2026-09-10,8128.03,0,Al Día,Al Día / OK,Cliente Corporativo
FAC-2026-15121,Liberty Latin America,Telecom,07 - Julio,2026-07-09,45,2026-08-23,21977.77,7,1-30 días,Atraso Preventivo,Cliente Corporativo
FAC-2026-15122,Liberty Latin America,Telecom,07 - Julio,2026-07-10,15,2026-07-25,13597.6,47,31-60 días,Riesgo Moderado,Cliente Corporativo
FAC-2026-15123,Liberty Latin America,Telecom,07 - Julio,2026-07-13,30,2026-08-12,18861.38,61,61-90 días,Riesgo Alto,Cliente Corporativo
FAC-2026-15124,Liberty Latin America,Telecom,07 - Julio,2026-07-07,15,2026-07-22,5695.03,121,+90 días (Crítico),En Mora / Crítico,Cliente Corporativo
FAC-2026-15125,Liberty Latin America,Telecom,07 - Julio,2026-07-26,15,2026-08-10,97871.33,0,Al Día,Al Día / OK,Cliente Corporativo
FAC-2026-15126,Liberty Latin America,Telecom,07 - Julio,2026-07-30,45,2026-09-13,77213.18,79,61-90 días,Riesgo Alto,Cliente Corporativo
FAC-2026-15127,Liberty Latin America,Telecom,07 - Julio,2026-07-14,60,2026-09-12,16130.38,0,Al Día,Al Día / OK,Cliente Corporativo
FAC-2026-15128,Liberty Latin America,Telecom,07 - Julio,2026-07-06,60,2026-09-04,2015.78,11,1-30 días,Atraso Preventivo,Cliente Corporativo
FAC-2026-15129,Liberty Latin America,Telecom,07 - Julio,2026-07-06,45,2026-08-20,1842.92,0,Al Día,Al Día / OK,Cliente Corporativo
FAC-2026-15130,Liberty Latin America,Telecom,07 - Julio,2026-07-12,30,2026-08-11,12269.58,0,Al Día,Al Día / OK,Cliente Corporativo
FAC-2026-15131,Liberty Latin America,Telecom,07 - Julio,2026-07-08,30,2026-08-07,1374.84,0,Al Día,Al Día / OK,Cliente Corporativo
FAC-2026-15132,Liberty Latin America,Telecom,07 - Julio,2026-07-09,15,2026-07-24,1809.34,0,Al Día,Al Día / OK,Cliente Corporativo
FAC-2026-15133,Liberty Latin America,Telecom,07 - Julio,2026-07-17,45,2026-08-31,4782.72,0,Al Día,Al Día / OK,Cliente Corporativo
FAC-2026-15134,Liberty Latin America,Telecom,07 - Julio,2026-07-29,30,2026-08-28,22142.77,0,Al Día,Al Día / OK,Cliente Corporativo
FAC-2026-15135,Telecom Argentina,Telecom,07 - Julio,2026-07-27,45,2026-09-10,12973.39,0,Al Día,Al Día / OK,Cliente Corporativo
FAC-2026-15136,Telecom Argentina,Telecom,07 - Julio,2026-07-29,15,2026-08-13,14710.92,11,1-30 días,Atraso Preventivo,Cliente Corporativo
FAC-2026-15137,Telecom Argentina,Telecom,07 - Julio,2026-07-24,30,2026-08-23,15686.71,45,31-60 días,Riesgo Moderado,Cliente Corporativo
FAC-2026-15138,Telecom Argentina,Telecom,07 - Julio,2026-07-29,15,2026-08-13,10427.44,84,61-90 días,Riesgo Alto,Cliente Corporativo
FAC-2026-15139,Telecom Argentina,Telecom,07 - Julio,2026-07-31,30,2026-08-30,2170.93,150,+90 días (Crítico),En Mora / Crítico,Cliente Corporativo
FAC-2026-15140,Telecom Argentina,Telecom,07 - Julio,2026-07-27,60,2026-09-25,6740.23,108,+90 días (Crítico),En Mora / Crítico,Cliente Corporativo
FAC-2026-15141,Telecom Argentina,Telecom,07 - Julio,2026-07-18,60,2026-09-16,3719.63,0,Al Día,Al Día / OK,Cliente Corporativo
FAC-2026-15142,Telecom Argentina,Telecom,07 - Julio,2026-07-17,60,2026-09-15,5315.94,0,Al Día,Al Día / OK,Cliente Corporativo
FAC-2026-15143,Telecom Argentina,Telecom,07 - Julio,2026-07-01,30,2026-07-31,1737.62,80,61-90 días,Riesgo Alto,Cliente Corporativo
FAC-2026-15144,Telecom Argentina,Telecom,07 - Julio,2026-07-04,15,2026-07-19,1689.94,7,1-30 días,Atraso Preventivo,Cliente Corporativo
FAC-2026-15145,Telecom Argentina,Telecom,07 - Julio,2026-07-23,45,2026-09-06,18576.77,0,Al Día,Al Día / OK,Cliente Corporativo
FAC-2026-15146,Telecom Argentina,Telecom,07 - Julio,2026-07-06,60,2026-09-04,7381.72,0,Al Día,Al Día / OK,Cliente Corporativo
FAC-2026-15147,Telecom Argentina,Telecom,07 - Julio,2026-07-24,30,2026-08-23,7307.79,9,1-30 días,Atraso Preventivo,Cliente Corporativo
FAC-2026-15148,Banco Santander,Banca & Fintech,07 - Julio,2026-07-25,30,2026-08-24,2184.23,0,Al Día,Al Día / OK,Cliente Corporativo
FAC-2026-15149,Banco Santander,Banca & Fintech,07 - Julio,2026-07-25,45,2026-09-08,2138.7,17,1-30 días,Atraso Preventivo,Cliente Corporativo
FAC-2026-15150,Banco Santander,Banca & Fintech,07 - Julio,2026-07-12,60,2026-09-10,3974.65,40,31-60 días,Riesgo Moderado,Cliente Corporativo
FAC-2026-15151,Banco Santander,Banca & Fintech,07 - Julio,2026-07-17,15,2026-08-01,2010.45,89,61-90 días,Riesgo Alto,Cliente Corporativo
FAC-2026-15152,Banco Santander,Banca & Fintech,07 - Julio,2026-07-09,15,2026-07-24,14855.18,174,+90 días (Crítico),En Mora / Crítico,Cliente Corporativo
FAC-2026-15153,Banco Santander,Banca & Fintech,07 - Julio,2026-07-19,60,2026-09-17,6958.69,0,Al Día,Al Día / OK,Cliente Corporativo
FAC-2026-15154,Banco Santander,Banca & Fintech,07 - Julio,2026-07-13,45,2026-08-27,6605.1,0,Al Día,Al Día / OK,Cliente Corporativo
FAC-2026-15155,Banco Santander,Banca & Fintech,07 - Julio,2026-07-06,30,2026-08-05,21660.82,0,Al Día,Al Día / OK,Cliente Corporativo
FAC-2026-15156,Banco Santander,Banca & Fintech,07 - Julio,2026-07-28,15,2026-08-12,4620.95,11,1-30 días,Atraso Preventivo,Cliente Corporativo
FAC-2026-15157,Banco Santander,Banca & Fintech,07 - Julio,2026-07-12,15,2026-07-27,5308.37,0,Al Día,Al Día / OK,Cliente Corporativo
FAC-2026-15158,Banco Santander,Banca & Fintech,07 - Julio,2026-07-03,30,2026-08-02,5481.11,0,Al Día,Al Día / OK,Cliente Corporativo
FAC-2026-15159,Banco Santander,Banca & Fintech,07 - Julio,2026-07-04,30,2026-08-03,11191.42,137,+90 días (Crítico),En Mora / Crítico,Cliente Corporativo
FAC-2026-15160,Banco Santander,Banca & Fintech,07 - Julio,2026-07-02,30,2026-08-01,11734.71,0,Al Día,Al Día / OK,Cliente Corporativo
FAC-2026-15161,Banco Santander,Banca & Fintech,07 - Julio,2026-07-12,45,2026-08-26,7899.82,0,Al Día,Al Día / OK,Cliente Corporativo
FAC-2026-15162,BBVA,Banca & Fintech,07 - Julio,2026-07-16,45,2026-08-30,5843.26,0,Al Día,Al Día / OK,Cliente Corporativo
FAC-2026-15163,BBVA,Banca & Fintech,07 - Julio,2026-07-16,60,2026-09-14,44896.91,30,1-30 días,Atraso Preventivo,Cliente Corporativo
FAC-2026-15164,BBVA,Banca & Fintech,07 - Julio,2026-07-13,60,2026-09-11,41816.99,53,31-60 días,Riesgo Moderado,Cliente Corporativo
FAC-2026-15165,BBVA,Banca & Fintech,07 - Julio,2026-07-08,30,2026-08-07,30326.44,65,61-90 días,Riesgo Alto,Cliente Corporativo
FAC-2026-15166,BBVA,Banca & Fintech,07 - Julio,2026-07-06,30,2026-08-05,31773.31,122,+90 días (Crítico),En Mora / Crítico,Cliente Corporativo
FAC-2026-15167,BBVA,Banca & Fintech,07 - Julio,2026-07-05,45,2026-08-19,25801.98,47,31-60 días,Riesgo Moderado,Cliente Corporativo
FAC-2026-15168,BBVA,Banca & Fintech,07 - Julio,2026-07-31,30,2026-08-30,23841.84,112,+90 días (Crítico),En Mora / Crítico,Cliente Corporativo
FAC-2026-15169,BBVA,Banca & Fintech,07 - Julio,2026-07-29,30,2026-08-28,2578.22,0,Al Día,Al Día / OK,Cliente Corporativo
FAC-2026-15170,BBVA,Banca & Fintech,07 - Julio,2026-07-21,30,2026-08-20,51189.63,58,31-60 días,Riesgo Moderado,Cliente Corporativo
FAC-2026-15171,BBVA,Banca & Fintech,07 - Julio,2026-07-23,45,2026-09-06,25802.51,29,1-30 días,Atraso Preventivo,Cliente Corporativo
FAC-2026-15172,BBVA,Banca & Fintech,07 - Julio,2026-07-03,60,2026-09-01,1205.94,0,Al Día,Al Día / OK,Cliente Corporativo
FAC-2026-15173,BBVA,Banca & Fintech,07 - Julio,2026-07-31,30,2026-08-30,67266.38,0,Al Día,Al Día / OK,Cliente Corporativo
FAC-2026-15174,BBVA,Banca & Fintech,07 - Julio,2026-07-21,45,2026-09-04,2335.55,0,Al Día,Al Día / OK,Cliente Corporativo
FAC-2026-15175,Banco de Chile,Banca & Fintech,07 - Julio,2026-07-22,30,2026-08-21,9147.44,0,Al Día,Al Día / OK,Cliente Corporativo
FAC-2026-15176,Banco de Chile,Banca & Fintech,07 - Julio,2026-07-01,45,2026-08-15,19415.74,18,1-30 días,Atraso Preventivo,Cliente Corporativo
FAC-2026-15177,Banco de Chile,Banca & Fintech,07 - Julio,2026-07-23,15,2026-08-07,5228.8,52,31-60 días,Riesgo Moderado,Cliente Corporativo
FAC-2026-15178,Banco de Chile,Banca & Fintech,07 - Julio,2026-07-25,15,2026-08-09,26624.95,69,61-90 días,Riesgo Alto,Cliente Corporativo
FAC-2026-15179,Banco de Chile,Banca & Fintech,07 - Julio,2026-07-13,15,2026-07-28,3293.47,129,+90 días (Crítico),En Mora / Crítico,Cliente Corporativo
FAC-2026-15180,Banco de Chile,Banca & Fintech,07 - Julio,2026-07-26,60,2026-09-24,31000.42,0,Al Día,Al Día / OK,Cliente Corporativo
FAC-2026-15181,Banco de Chile,Banca & Fintech,07 - Julio,2026-07-18,30,2026-08-17,4412.83,10,1-30 días,Atraso Preventivo,Cliente Corporativo
FAC-2026-15182,Banco de Chile,Banca & Fintech,07 - Julio,2026-07-16,15,2026-07-31,59169.93,0,Al Día,Al Día / OK,Cliente Corporativo
FAC-2026-15183,Banco de Chile,Banca & Fintech,07 - Julio,2026-07-16,45,2026-08-30,38098.44,0,Al Día,Al Día / OK,Cliente Corporativo
FAC-2026-15184,Banco de Chile,Banca & Fintech,07 - Julio,2026-07-16,15,2026-07-31,31081.46,34,31-60 días,Riesgo Moderado,Cliente Corporativo
FAC-2026-15185,Banco de Chile,Banca & Fintech,07 - Julio,2026-07-06,30,2026-08-05,3289.48,0,Al Día,Al Día / OK,Cliente Corporativo
FAC-2026-15186,Banco de Chile,Banca & Fintech,07 - Julio,2026-07-09,15,2026-07-24,37004.57,0,Al Día,Al Día / OK,Cliente Corporativo
FAC-2026-15187,Banco de Chile,Banca & Fintech,07 - Julio,2026-07-25,45,2026-09-08,4161.52,23,1-30 días,Atraso Preventivo,Cliente Corporativo
FAC-2026-15188,Banco de Chile,Banca & Fintech,07 - Julio,2026-07-20,45,2026-09-03,29909.33,18,1-30 días,Atraso Preventivo,Cliente Corporativo
FAC-2026-15189,Banco de Chile,Banca & Fintech,07 - Julio,2026-07-25,60,2026-09-23,34302.45,38,31-60 días,Riesgo Moderado,Cliente Corporativo
FAC-2026-15190,Banco de Chile,Banca & Fintech,07 - Julio,2026-07-19,15,2026-08-03,104193.58,0,Al Día,Al Día / OK,Cliente Corporativo
FAC-2026-15191,Banco de Chile,Banca & Fintech,07 - Julio,2026-07-10,30,2026-08-09,9306.92,0,Al Día,Al Día / OK,Cliente Corporativo
FAC-2026-15192,Banco de Chile,Banca & Fintech,07 - Julio,2026-07-01,60,2026-08-30,7151.49,0,Al Día,Al Día / OK,Cliente Corporativo
FAC-2026-15193,Banco de Chile,Banca & Fintech,07 - Julio,2026-07-29,15,2026-08-13,50354.94,7,1-30 días,Atraso Preventivo,Cliente Corporativo
FAC-2026-15194,Banco de Chile,Banca & Fintech,07 - Julio,2026-07-31,45,2026-09-14,6809.44,23,1-30 días,Atraso Preventivo,Cliente Corporativo
FAC-2026-15195,Bancolombia,Banca & Fintech,07 - Julio,2026-07-19,60,2026-09-17,54995.41,0,Al Día,Al Día / OK,Cliente Corporativo
FAC-2026-15196,Bancolombia,Banca & Fintech,07 - Julio,2026-07-02,45,2026-08-16,8426.85,16,1-30 días,Atraso Preventivo,Cliente Corporativo
FAC-2026-15197,Bancolombia,Banca & Fintech,07 - Julio,2026-07-27,60,2026-09-25,10068.73,36,31-60 días,Riesgo Moderado,Cliente Corporativo
FAC-2026-15198,Bancolombia,Banca & Fintech,07 - Julio,2026-07-21,30,2026-08-20,14515.98,64,61-90 días,Riesgo Alto,Cliente Corporativo
FAC-2026-15199,Bancolombia,Banca & Fintech,07 - Julio,2026-07-10,45,2026-08-24,76387.02,95,+90 días (Crítico),En Mora / Crítico,Cliente Corporativo
FAC-2026-15200,Bancolombia,Banca & Fintech,07 - Julio,2026-07-31,15,2026-08-15,13047.42,0,Al Día,Al Día / OK,Cliente Corporativo
FAC-2026-15201,Bancolombia,Banca & Fintech,07 - Julio,2026-07-06,15,2026-07-21,31845.52,14,1-30 días,Atraso Preventivo,Cliente Corporativo
FAC-2026-15202,Bancolombia,Banca & Fintech,07 - Julio,2026-07-30,60,2026-09-28,8335.54,0,Al Día,Al Día / OK,Cliente Corporativo
FAC-2026-15203,Bancolombia,Banca & Fintech,07 - Julio,2026-07-27,45,2026-09-10,7307.98,0,Al Día,Al Día / OK,Cliente Corporativo
FAC-2026-15204,Bancolombia,Banca & Fintech,07 - Julio,2026-07-30,60,2026-09-28,17436.48,0,Al Día,Al Día / OK,Cliente Corporativo
FAC-2026-15205,Bancolombia,Banca & Fintech,07 - Julio,2026-07-29,45,2026-09-12,16390.93,0,Al Día,Al Día / OK,Cliente Corporativo
FAC-2026-15206,Bancolombia,Banca & Fintech,07 - Julio,2026-07-01,15,2026-07-16,35203.37,12,1-30 días,Atraso Preventivo,Cliente Corporativo
FAC-2026-15207,Bancolombia,Banca & Fintech,07 - Julio,2026-07-10,45,2026-08-24,10333.78,23,1-30 días,Atraso Preventivo,Cliente Corporativo
FAC-2026-15208,Bancolombia,Banca & Fintech,07 - Julio,2026-07-23,45,2026-09-06,114708.57,0,Al Día,Al Día / OK,Cliente Corporativo
FAC-2026-15209,Bancolombia,Banca & Fintech,07 - Julio,2026-07-25,60,2026-09-23,48829.34,50,31-60 días,Riesgo Moderado,Cliente Corporativo
FAC-2026-15210,Bancolombia,Banca & Fintech,07 - Julio,2026-07-17,45,2026-08-31,60562.92,0,Al Día,Al Día / OK,Cliente Corporativo
FAC-2026-15211,Bancolombia,Banca & Fintech,07 - Julio,2026-07-25,15,2026-08-09,43780.9,0,Al Día,Al Día / OK,Cliente Corporativo
FAC-2026-15212,Bancolombia,Banca & Fintech,07 - Julio,2026-07-20,60,2026-09-18,40723.95,12,1-30 días,Atraso Preventivo,Cliente Corporativo
FAC-2026-15213,Bancolombia,Banca & Fintech,07 - Julio,2026-07-22,15,2026-08-06,4317.48,32,31-60 días,Riesgo Moderado,Cliente Corporativo
FAC-2026-15214,Bancolombia,Banca & Fintech,07 - Julio,2026-07-23,45,2026-09-06,66859.42,0,Al Día,Al Día / OK,Cliente Corporativo
FAC-2026-15215,Itaú Unibanco,Banca & Fintech,07 - Julio,2026-07-26,30,2026-08-25,3393.28,0,Al Día,Al Día / OK,Cliente Corporativo
FAC-2026-15216,Itaú Unibanco,Banca & Fintech,07 - Julio,2026-07-11,30,2026-08-10,4073.74,11,1-30 días,Atraso Preventivo,Cliente Corporativo
FAC-2026-15217,Itaú Unibanco,Banca & Fintech,07 - Julio,2026-07-01,30,2026-07-31,11119.55,33,31-60 días,Riesgo Moderado,Cliente Corporativo
FAC-2026-15218,Itaú Unibanco,Banca & Fintech,07 - Julio,2026-07-17,15,2026-08-01,54947.74,63,61-90 días,Riesgo Alto,Cliente Corporativo
FAC-2026-15219,Itaú Unibanco,Banca & Fintech,07 - Julio,2026-07-08,60,2026-09-06,31819.25,128,+90 días (Crítico),En Mora / Crítico,Cliente Corporativo
FAC-2026-15220,Itaú Unibanco,Banca & Fintech,07 - Julio,2026-07-09,15,2026-07-24,40511.64,0,Al Día,Al Día / OK,Cliente Corporativo
FAC-2026-15221,Itaú Unibanco,Banca & Fintech,07 - Julio,2026-07-09,30,2026-08-08,48266.1,22,1-30 días,Atraso Preventivo,Cliente Corporativo
FAC-2026-15222,Itaú Unibanco,Banca & Fintech,07 - Julio,2026-07-12,60,2026-09-10,10200.69,0,Al Día,Al Día / OK,Cliente Corporativo
FAC-2026-15223,Itaú Unibanco,Banca & Fintech,07 - Julio,2026-07-05,30,2026-08-04,28283.42,0,Al Día,Al Día / OK,Cliente Corporativo
FAC-2026-15224,Itaú Unibanco,Banca & Fintech,07 - Julio,2026-07-25,30,2026-08-24,18083.15,27,1-30 días,Atraso Preventivo,Cliente Corporativo
FAC-2026-15225,Itaú Unibanco,Banca & Fintech,07 - Julio,2026-07-15,30,2026-08-14,33549.69,0,Al Día,Al Día / OK,Cliente Corporativo
FAC-2026-15226,Itaú Unibanco,Banca & Fintech,07 - Julio,2026-07-02,15,2026-07-17,30300.25,148,+90 días (Crítico),En Mora / Crítico,Cliente Corporativo
FAC-2026-15227,Itaú Unibanco,Banca & Fintech,07 - Julio,2026-07-29,15,2026-08-13,5617.33,5,1-30 días,Atraso Preventivo,Cliente Corporativo
FAC-2026-15228,Itaú Unibanco,Banca & Fintech,07 - Julio,2026-07-13,15,2026-07-28,16617.67,19,1-30 días,Atraso Preventivo,Cliente Corporativo
FAC-2026-15229,Itaú Unibanco,Banca & Fintech,07 - Julio,2026-07-04,60,2026-09-02,4791.94,13,1-30 días,Atraso Preventivo,Cliente Corporativo
FAC-2026-15230,Itaú Unibanco,Banca & Fintech,07 - Julio,2026-07-19,60,2026-09-17,29439.51,0,Al Día,Al Día / OK,Cliente Corporativo
FAC-2026-15231,Itaú Unibanco,Banca & Fintech,07 - Julio,2026-07-12,15,2026-07-27,7937.46,25,1-30 días,Atraso Preventivo,Cliente Corporativo
FAC-2026-15232,Itaú Unibanco,Banca & Fintech,07 - Julio,2026-07-08,30,2026-08-07,15953.21,14,1-30 días,Atraso Preventivo,Cliente Corporativo
FAC-2026-15233,Nubank,Banca & Fintech,07 - Julio,2026-07-09,30,2026-08-08,44493.72,0,Al Día,Al Día / OK,Cliente Corporativo
FAC-2026-15234,Nubank,Banca & Fintech,07 - Julio,2026-07-09,60,2026-09-07,38478.72,8,1-30 días,Atraso Preventivo,Cliente Corporativo
FAC-2026-15235,Nubank,Banca & Fintech,07 - Julio,2026-07-01,15,2026-07-16,2425.62,31,31-60 días,Riesgo Moderado,Cliente Corporativo
FAC-2026-15236,Nubank,Banca & Fintech,07 - Julio,2026-07-01,30,2026-07-31,15523.13,87,61-90 días,Riesgo Alto,Cliente Corporativo
FAC-2026-15237,Nubank,Banca & Fintech,07 - Julio,2026-07-07,30,2026-08-06,3567.66,105,+90 días (Crítico),En Mora / Crítico,Cliente Corporativo
FAC-2026-15238,Nubank,Banca & Fintech,07 - Julio,2026-07-25,45,2026-09-08,50805.7,0,Al Día,Al Día / OK,Cliente Corporativo
FAC-2026-15239,Nubank,Banca & Fintech,07 - Julio,2026-07-19,45,2026-09-02,17389.44,13,1-30 días,Atraso Preventivo,Cliente Corporativo
FAC-2026-15240,Nubank,Banca & Fintech,07 - Julio,2026-07-28,15,2026-08-12,41114.61,0,Al Día,Al Día / OK,Cliente Corporativo
FAC-2026-15241,Nubank,Banca & Fintech,07 - Julio,2026-07-08,60,2026-09-06,17815.43,0,Al Día,Al Día / OK,Cliente Corporativo
FAC-2026-15242,Nubank,Banca & Fintech,07 - Julio,2026-07-16,60,2026-09-14,55773.16,0,Al Día,Al Día / OK,Cliente Corporativo
FAC-2026-15243,Nubank,Banca & Fintech,07 - Julio,2026-07-05,15,2026-07-20,8271.74,21,1-30 días,Atraso Preventivo,Cliente Corporativo
FAC-2026-15244,Nubank,Banca & Fintech,07 - Julio,2026-07-24,30,2026-08-23,56265.42,0,Al Día,Al Día / OK,Cliente Corporativo
FAC-2026-15245,Nubank,Banca & Fintech,07 - Julio,2026-07-26,45,2026-09-09,51274.23,0,Al Día,Al Día / OK,Cliente Corporativo
FAC-2026-15246,Nubank,Banca & Fintech,07 - Julio,2026-07-28,30,2026-08-27,24080.59,94,+90 días (Crítico),En Mora / Crítico,Cliente Corporativo
FAC-2026-15247,Nubank,Banca & Fintech,07 - Julio,2026-07-07,60,2026-09-05,4440.93,24,1-30 días,Atraso Preventivo,Cliente Corporativo
FAC-2026-15248,Nubank,Banca & Fintech,07 - Julio,2026-07-30,30,2026-08-29,60027.44,9,1-30 días,Atraso Preventivo,Cliente Corporativo
FAC-2026-15249,Banco Galicia,Banca & Fintech,07 - Julio,2026-07-18,45,2026-09-01,2490.38,0,Al Día,Al Día / OK,Cliente Corporativo
FAC-2026-15250,Banco Galicia,Banca & Fintech,07 - Julio,2026-07-01,15,2026-07-16,14014.11,9,1-30 días,Atraso Preventivo,Cliente Corporativo
FAC-2026-15251,Banco Galicia,Banca & Fintech,07 - Julio,2026-07-22,30,2026-08-21,4478.99,50,31-60 días,Riesgo Moderado,Cliente Corporativo
FAC-2026-15252,Banco Galicia,Banca & Fintech,07 - Julio,2026-07-19,15,2026-08-03,2252.12,73,61-90 días,Riesgo Alto,Cliente Corporativo
FAC-2026-15253,Banco Galicia,Banca & Fintech,07 - Julio,2026-07-28,45,2026-09-11,3130.61,111,+90 días (Crítico),En Mora / Crítico,Cliente Corporativo
FAC-2026-15254,Banco Galicia,Banca & Fintech,07 - Julio,2026-07-18,15,2026-08-02,25210.54,11,1-30 días,Atraso Preventivo,Cliente Corporativo
FAC-2026-15255,Banco Galicia,Banca & Fintech,07 - Julio,2026-07-08,60,2026-09-06,24067.66,0,Al Día,Al Día / OK,Cliente Corporativo
FAC-2026-15256,Banco Galicia,Banca & Fintech,07 - Julio,2026-07-09,45,2026-08-23,20535.41,24,1-30 días,Atraso Preventivo,Cliente Corporativo
FAC-2026-15257,Banco Galicia,Banca & Fintech,07 - Julio,2026-07-16,45,2026-08-30,9611.31,0,Al Día,Al Día / OK,Cliente Corporativo
FAC-2026-15258,Banco Galicia,Banca & Fintech,07 - Julio,2026-07-21,45,2026-09-04,32605.89,30,1-30 días,Atraso Preventivo,Cliente Corporativo
FAC-2026-15259,Banco Galicia,Banca & Fintech,07 - Julio,2026-07-02,60,2026-08-31,19047.39,23,1-30 días,Atraso Preventivo,Cliente Corporativo
FAC-2026-15260,Banco Galicia,Banca & Fintech,07 - Julio,2026-07-06,30,2026-08-05,5487.69,0,Al Día,Al Día / OK,Cliente Corporativo
FAC-2026-15261,Banco Galicia,Banca & Fintech,07 - Julio,2026-07-11,45,2026-08-25,19341.2,0,Al Día,Al Día / OK,Cliente Corporativo
FAC-2026-15262,Banco Galicia,Banca & Fintech,07 - Julio,2026-07-08,45,2026-08-22,22625.38,25,1-30 días,Atraso Preventivo,Cliente Corporativo
FAC-2026-15263,Banco Galicia,Banca & Fintech,07 - Julio,2026-07-06,30,2026-08-05,89973.71,26,1-30 días,Atraso Preventivo,Cliente Corporativo
FAC-2026-15264,Banco Galicia,Banca & Fintech,07 - Julio,2026-07-02,45,2026-08-16,1514.01,0,Al Día,Al Día / OK,Cliente Corporativo
FAC-2026-15265,Banco Galicia,Banca & Fintech,07 - Julio,2026-07-24,30,2026-08-23,31384.57,0,Al Día,Al Día / OK,Cliente Corporativo
FAC-2026-15266,Banorte,Banca & Fintech,07 - Julio,2026-07-28,60,2026-09-26,6287.84,0,Al Día,Al Día / OK,Cliente Corporativo
FAC-2026-15267,Banorte,Banca & Fintech,07 - Julio,2026-07-17,60,2026-09-15,6180.16,14,1-30 días,Atraso Preventivo,Cliente Corporativo
FAC-2026-15268,Banorte,Banca & Fintech,07 - Julio,2026-07-16,45,2026-08-30,18580.19,39,31-60 días,Riesgo Moderado,Cliente Corporativo
FAC-2026-15269,Banorte,Banca & Fintech,07 - Julio,2026-07-19,30,2026-08-18,9354.55,78,61-90 días,Riesgo Alto,Cliente Corporativo
FAC-2026-15270,Banorte,Banca & Fintech,07 - Julio,2026-07-07,45,2026-08-21,17602.95,131,+90 días (Crítico),En Mora / Crítico,Cliente Corporativo
FAC-2026-15271,Banorte,Banca & Fintech,07 - Julio,2026-07-23,30,2026-08-22,21834.03,0,Al Día,Al Día / OK,Cliente Corporativo
FAC-2026-15272,Banorte,Banca & Fintech,07 - Julio,2026-07-26,15,2026-08-10,45472.36,11,1-30 días,Atraso Preventivo,Cliente Corporativo
FAC-2026-15273,Banorte,Banca & Fintech,07 - Julio,2026-07-30,45,2026-09-13,5075.75,0,Al Día,Al Día / OK,Cliente Corporativo
FAC-2026-15274,Banorte,Banca & Fintech,07 - Julio,2026-07-21,60,2026-09-19,24703.96,0,Al Día,Al Día / OK,Cliente Corporativo
FAC-2026-15275,Banorte,Banca & Fintech,07 - Julio,2026-07-18,45,2026-09-01,29873.86,8,1-30 días,Atraso Preventivo,Cliente Corporativo
FAC-2026-15276,Banorte,Banca & Fintech,07 - Julio,2026-07-27,60,2026-09-25,74371.61,0,Al Día,Al Día / OK,Cliente Corporativo
FAC-2026-15277,Banorte,Banca & Fintech,07 - Julio,2026-07-29,45,2026-09-12,1317.17,15,1-30 días,Atraso Preventivo,Cliente Corporativo
FAC-2026-15278,Banorte,Banca & Fintech,07 - Julio,2026-07-14,15,2026-07-29,7476.46,62,61-90 días,Riesgo Alto,Cliente Corporativo
FAC-2026-15279,Banorte,Banca & Fintech,07 - Julio,2026-07-26,15,2026-08-10,19936.04,65,61-90 días,Riesgo Alto,Cliente Corporativo
FAC-2026-15280,Banorte,Banca & Fintech,07 - Julio,2026-07-22,60,2026-09-20,8952.11,0,Al Día,Al Día / OK,Cliente Corporativo
FAC-2026-15281,Cemex,Industrial,07 - Julio,2026-07-21,60,2026-09-19,9239.2,0,Al Día,Al Día / OK,Cliente Corporativo
FAC-2026-15282,Cemex,Industrial,07 - Julio,2026-07-22,45,2026-09-05,17029.18,5,1-30 días,Atraso Preventivo,Cliente Corporativo
FAC-2026-15283,Cemex,Industrial,07 - Julio,2026-07-24,60,2026-09-22,69240.23,60,31-60 días,Riesgo Moderado,Cliente Corporativo
FAC-2026-15284,Cemex,Industrial,07 - Julio,2026-07-07,30,2026-08-06,1758.66,73,61-90 días,Riesgo Alto,Cliente Corporativo
FAC-2026-15285,Cemex,Industrial,07 - Julio,2026-07-29,30,2026-08-28,2834.82,155,+90 días (Crítico),En Mora / Crítico,Cliente Corporativo
FAC-2026-15286,Cemex,Industrial,07 - Julio,2026-07-29,45,2026-09-12,7905.33,84,61-90 días,Riesgo Alto,Cliente Corporativo
FAC-2026-15287,Cemex,Industrial,07 - Julio,2026-07-30,60,2026-09-28,6856.11,0,Al Día,Al Día / OK,Cliente Corporativo
FAC-2026-15288,Cemex,Industrial,07 - Julio,2026-07-31,30,2026-08-30,1809.57,21,1-30 días,Atraso Preventivo,Cliente Corporativo
FAC-2026-15289,Cemex,Industrial,07 - Julio,2026-07-17,45,2026-08-31,10105.87,15,1-30 días,Atraso Preventivo,Cliente Corporativo
FAC-2026-15290,Cemex,Industrial,07 - Julio,2026-07-01,45,2026-08-15,11381.02,0,Al Día,Al Día / OK,Cliente Corporativo
FAC-2026-15291,Cemex,Industrial,07 - Julio,2026-07-20,15,2026-08-04,9760.43,12,1-30 días,Atraso Preventivo,Cliente Corporativo
FAC-2026-15292,Cemex,Industrial,07 - Julio,2026-07-01,30,2026-07-31,9869.52,0,Al Día,Al Día / OK,Cliente Corporativo
FAC-2026-15293,Cemex,Industrial,07 - Julio,2026-07-31,15,2026-08-15,14761.92,13,1-30 días,Atraso Preventivo,Cliente Corporativo
FAC-2026-15294,Cemex,Industrial,07 - Julio,2026-07-13,45,2026-08-27,17687.29,0,Al Día,Al Día / OK,Cliente Corporativo
FAC-2026-15295,Cemex,Industrial,07 - Julio,2026-07-14,15,2026-07-29,38366.82,0,Al Día,Al Día / OK,Cliente Corporativo
FAC-2026-15296,Cemex,Industrial,07 - Julio,2026-07-02,60,2026-08-31,21280.26,0,Al Día,Al Día / OK,Cliente Corporativo
FAC-2026-15297,Cemex,Industrial,07 - Julio,2026-07-09,30,2026-08-08,6411.28,0,Al Día,Al Día / OK,Cliente Corporativo
FAC-2026-15298,Cemex,Industrial,07 - Julio,2026-07-31,30,2026-08-30,4389.2,5,1-30 días,Atraso Preventivo,Cliente Corporativo
FAC-2026-15299,Grupo Bimbo,Industrial,07 - Julio,2026-07-28,30,2026-08-27,55392.76,0,Al Día,Al Día / OK,Cliente Corporativo
FAC-2026-15300,Grupo Bimbo,Industrial,07 - Julio,2026-07-30,15,2026-08-14,9958.0,8,1-30 días,Atraso Preventivo,Cliente Corporativo
FAC-2026-15301,Grupo Bimbo,Industrial,07 - Julio,2026-07-22,30,2026-08-21,1658.92,50,31-60 días,Riesgo Moderado,Cliente Corporativo
FAC-2026-15302,Grupo Bimbo,Industrial,07 - Julio,2026-07-20,60,2026-09-18,35334.67,68,61-90 días,Riesgo Alto,Cliente Corporativo
FAC-2026-15303,Grupo Bimbo,Industrial,07 - Julio,2026-07-31,45,2026-09-14,5055.14,167,+90 días (Crítico),En Mora / Crítico,Cliente Corporativo
FAC-2026-15304,Grupo Bimbo,Industrial,07 - Julio,2026-07-17,30,2026-08-16,6287.42,0,Al Día,Al Día / OK,Cliente Corporativo
FAC-2026-15305,Grupo Bimbo,Industrial,07 - Julio,2026-07-26,30,2026-08-25,16138.92,17,1-30 días,Atraso Preventivo,Cliente Corporativo
FAC-2026-15306,Grupo Bimbo,Industrial,07 - Julio,2026-07-05,30,2026-08-04,27254.61,117,+90 días (Crítico),En Mora / Crítico,Cliente Corporativo
FAC-2026-15307,Grupo Bimbo,Industrial,07 - Julio,2026-07-09,45,2026-08-23,13654.36,10,1-30 días,Atraso Preventivo,Cliente Corporativo
FAC-2026-15308,Grupo Bimbo,Industrial,07 - Julio,2026-07-20,30,2026-08-19,41323.07,0,Al Día,Al Día / OK,Cliente Corporativo
FAC-2026-15309,Grupo Bimbo,Industrial,07 - Julio,2026-07-14,45,2026-08-28,15068.42,0,Al Día,Al Día / OK,Cliente Corporativo
FAC-2026-15310,Grupo Bimbo,Industrial,07 - Julio,2026-07-01,60,2026-08-30,28707.04,0,Al Día,Al Día / OK,Cliente Corporativo
FAC-2026-15311,Grupo Bimbo,Industrial,07 - Julio,2026-07-18,15,2026-08-02,17290.74,0,Al Día,Al Día / OK,Cliente Corporativo
FAC-2026-15312,Grupo Bimbo,Industrial,07 - Julio,2026-07-13,45,2026-08-27,23119.19,82,61-90 días,Riesgo Alto,Cliente Corporativo
FAC-2026-15313,Grupo Bimbo,Industrial,07 - Julio,2026-07-22,45,2026-09-05,10241.13,0,Al Día,Al Día / OK,Cliente Corporativo
FAC-2026-15314,Grupo Bimbo,Industrial,07 - Julio,2026-07-20,30,2026-08-19,22431.57,0,Al Día,Al Día / OK,Cliente Corporativo
FAC-2026-15315,Grupo Bimbo,Industrial,07 - Julio,2026-07-24,60,2026-09-22,11879.44,88,61-90 días,Riesgo Alto,Cliente Corporativo
FAC-2026-15316,Grupo Bimbo,Industrial,07 - Julio,2026-07-20,60,2026-09-18,32064.35,0,Al Día,Al Día / OK,Cliente Corporativo
FAC-2026-15317,Grupo Bimbo,Industrial,07 - Julio,2026-07-01,30,2026-07-31,24019.34,8,1-30 días,Atraso Preventivo,Cliente Corporativo
FAC-2026-15318,Grupo Bimbo,Industrial,07 - Julio,2026-07-11,30,2026-08-10,26403.41,80,61-90 días,Riesgo Alto,Cliente Corporativo
FAC-2026-15319,Ternium,Industrial,07 - Julio,2026-07-20,30,2026-08-19,19427.12,0,Al Día,Al Día / OK,Cliente Corporativo
FAC-2026-15320,Ternium,Industrial,07 - Julio,2026-07-28,15,2026-08-12,15691.99,7,1-30 días,Atraso Preventivo,Cliente Corporativo
FAC-2026-15321,Ternium,Industrial,07 - Julio,2026-07-28,30,2026-08-27,5567.55,42,31-60 días,Riesgo Moderado,Cliente Corporativo
FAC-2026-15322,Ternium,Industrial,07 - Julio,2026-07-11,60,2026-09-09,15428.16,65,61-90 días,Riesgo Alto,Cliente Corporativo
FAC-2026-15323,Ternium,Industrial,07 - Julio,2026-07-15,45,2026-08-29,5839.83,138,+90 días (Crítico),En Mora / Crítico,Cliente Corporativo
FAC-2026-15324,Ternium,Industrial,07 - Julio,2026-07-07,60,2026-09-05,27537.17,0,Al Día,Al Día / OK,Cliente Corporativo
FAC-2026-15325,Ternium,Industrial,07 - Julio,2026-07-06,30,2026-08-05,34561.91,0,Al Día,Al Día / OK,Cliente Corporativo
FAC-2026-15326,Ternium,Industrial,07 - Julio,2026-07-17,30,2026-08-16,15281.88,45,31-60 días,Riesgo Moderado,Cliente Corporativo
FAC-2026-15327,Ternium,Industrial,07 - Julio,2026-07-26,60,2026-09-24,7645.53,15,1-30 días,Atraso Preventivo,Cliente Corporativo
FAC-2026-15328,Ternium,Industrial,07 - Julio,2026-07-20,30,2026-08-19,25293.29,0,Al Día,Al Día / OK,Cliente Corporativo
FAC-2026-15329,Ternium,Industrial,07 - Julio,2026-07-14,60,2026-09-12,5495.97,0,Al Día,Al Día / OK,Cliente Corporativo
FAC-2026-15330,Ternium,Industrial,07 - Julio,2026-07-23,15,2026-08-07,10249.2,30,1-30 días,Atraso Preventivo,Cliente Corporativo
FAC-2026-15331,Ternium,Industrial,07 - Julio,2026-07-31,15,2026-08-15,11402.34,0,Al Día,Al Día / OK,Cliente Corporativo
FAC-2026-15332,Ternium,Industrial,07 - Julio,2026-07-03,15,2026-07-18,7520.58,0,Al Día,Al Día / OK,Cliente Corporativo
FAC-2026-15333,Ternium,Industrial,07 - Julio,2026-07-07,60,2026-09-05,23728.94,0,Al Día,Al Día / OK,Cliente Corporativo
FAC-2026-15334,Ternium,Industrial,07 - Julio,2026-07-20,15,2026-08-04,6116.8,0,Al Día,Al Día / OK,Cliente Corporativo
FAC-2026-15335,Arcor,Industrial,07 - Julio,2026-07-20,45,2026-09-03,15848.01,0,Al Día,Al Día / OK,Cliente Corporativo
FAC-2026-15336,Arcor,Industrial,07 - Julio,2026-07-18,15,2026-08-02,2654.88,16,1-30 días,Atraso Preventivo,Cliente Corporativo
FAC-2026-15337,Arcor,Industrial,07 - Julio,2026-07-12,15,2026-07-27,10786.04,52,31-60 días,Riesgo Moderado,Cliente Corporativo
FAC-2026-15338,Arcor,Industrial,07 - Julio,2026-07-18,45,2026-09-01,17102.91,63,61-90 días,Riesgo Alto,Cliente Corporativo
FAC-2026-15339,Arcor,Industrial,07 - Julio,2026-07-15,45,2026-08-29,42859.38,160,+90 días (Crítico),En Mora / Crítico,Cliente Corporativo
FAC-2026-15340,Arcor,Industrial,07 - Julio,2026-07-01,30,2026-07-31,1884.25,0,Al Día,Al Día / OK,Cliente Corporativo
FAC-2026-15341,Arcor,Industrial,07 - Julio,2026-07-13,45,2026-08-27,10604.15,0,Al Día,Al Día / OK,Cliente Corporativo
FAC-2026-15342,Arcor,Industrial,07 - Julio,2026-07-27,15,2026-08-11,15700.66,0,Al Día,Al Día / OK,Cliente Corporativo
FAC-2026-15343,Arcor,Industrial,07 - Julio,2026-07-14,45,2026-08-28,26164.45,86,61-90 días,Riesgo Alto,Cliente Corporativo
FAC-2026-15344,Arcor,Industrial,07 - Julio,2026-07-05,15,2026-07-20,4358.85,0,Al Día,Al Día / OK,Cliente Corporativo
FAC-2026-15345,Arcor,Industrial,07 - Julio,2026-07-17,45,2026-08-31,66696.19,16,1-30 días,Atraso Preventivo,Cliente Corporativo
FAC-2026-15346,Arcor,Industrial,07 - Julio,2026-07-18,45,2026-09-01,10243.96,0,Al Día,Al Día / OK,Cliente Corporativo
FAC-2026-15347,Arcor,Industrial,07 - Julio,2026-07-29,45,2026-09-12,8337.1,0,Al Día,Al Día / OK,Cliente Corporativo
FAC-2026-15348,Arcor,Industrial,07 - Julio,2026-07-28,30,2026-08-27,14665.42,0,Al Día,Al Día / OK,Cliente Corporativo
FAC-2026-15349,Arcor,Industrial,07 - Julio,2026-07-10,15,2026-07-25,8260.2,0,Al Día,Al Día / OK,Cliente Corporativo
FAC-2026-15350,Arcor,Industrial,07 - Julio,2026-07-30,60,2026-09-28,3706.86,0,Al Día,Al Día / OK,Cliente Corporativo
FAC-2026-15351,Arcor,Industrial,07 - Julio,2026-07-10,15,2026-07-25,8573.49,45,31-60 días,Riesgo Moderado,Cliente Corporativo
FAC-2026-15352,Arcor,Industrial,07 - Julio,2026-07-08,60,2026-09-06,31630.39,0,Al Día,Al Día / OK,Cliente Corporativo
FAC-2026-15353,Alpek,Industrial,07 - Julio,2026-07-22,30,2026-08-21,1504.04,0,Al Día,Al Día / OK,Cliente Corporativo
FAC-2026-15354,Alpek,Industrial,07 - Julio,2026-07-11,60,2026-09-09,12904.55,14,1-30 días,Atraso Preventivo,Cliente Corporativo
FAC-2026-15355,Alpek,Industrial,07 - Julio,2026-07-06,15,2026-07-21,22929.74,44,31-60 días,Riesgo Moderado,Cliente Corporativo
FAC-2026-15356,Alpek,Industrial,07 - Julio,2026-07-11,60,2026-09-09,92081.1,82,61-90 días,Riesgo Alto,Cliente Corporativo
FAC-2026-15357,Alpek,Industrial,07 - Julio,2026-07-02,15,2026-07-17,22608.46,122,+90 días (Crítico),En Mora / Crítico,Cliente Corporativo
FAC-2026-15358,Alpek,Industrial,07 - Julio,2026-07-14,30,2026-08-13,4227.52,11,1-30 días,Atraso Preventivo,Cliente Corporativo
FAC-2026-15359,Alpek,Industrial,07 - Julio,2026-07-11,30,2026-08-10,2088.28,11,1-30 días,Atraso Preventivo,Cliente Corporativo
FAC-2026-15360,Alpek,Industrial,07 - Julio,2026-07-27,60,2026-09-25,20973.98,11,1-30 días,Atraso Preventivo,Cliente Corporativo
FAC-2026-15361,Alpek,Industrial,07 - Julio,2026-07-06,15,2026-07-21,35189.11,0,Al Día,Al Día / OK,Cliente Corporativo
FAC-2026-15362,Alpek,Industrial,07 - Julio,2026-07-04,45,2026-08-18,1997.64,0,Al Día,Al Día / OK,Cliente Corporativo
FAC-2026-15363,Alpek,Industrial,07 - Julio,2026-07-17,15,2026-08-01,30650.6,0,Al Día,Al Día / OK,Cliente Corporativo
FAC-2026-15364,Alpek,Industrial,07 - Julio,2026-07-21,45,2026-09-04,20205.85,0,Al Día,Al Día / OK,Cliente Corporativo
FAC-2026-15365,Alpek,Industrial,07 - Julio,2026-07-04,60,2026-09-02,18948.67,0,Al Día,Al Día / OK,Cliente Corporativo
FAC-2026-15366,Grupo México,Industrial,07 - Julio,2026-07-25,15,2026-08-09,25305.06,0,Al Día,Al Día / OK,Cliente Corporativo
FAC-2026-15367,Grupo México,Industrial,07 - Julio,2026-07-23,45,2026-09-06,19931.21,10,1-30 días,Atraso Preventivo,Cliente Corporativo
FAC-2026-15368,Grupo México,Industrial,07 - Julio,2026-07-03,45,2026-08-17,5370.01,46,31-60 días,Riesgo Moderado,Cliente Corporativo
FAC-2026-15369,Grupo México,Industrial,07 - Julio,2026-07-25,15,2026-08-09,107197.36,67,61-90 días,Riesgo Alto,Cliente Corporativo
FAC-2026-15370,Grupo México,Industrial,07 - Julio,2026-07-11,30,2026-08-10,36623.9,129,+90 días (Crítico),En Mora / Crítico,Cliente Corporativo
FAC-2026-15371,Grupo México,Industrial,07 - Julio,2026-07-01,15,2026-07-16,2078.1,0,Al Día,Al Día / OK,Cliente Corporativo
FAC-2026-15372,Grupo México,Industrial,07 - Julio,2026-07-06,30,2026-08-05,4814.78,0,Al Día,Al Día / OK,Cliente Corporativo
FAC-2026-15373,Grupo México,Industrial,07 - Julio,2026-07-09,60,2026-09-07,55283.09,0,Al Día,Al Día / OK,Cliente Corporativo
FAC-2026-15374,Grupo México,Industrial,07 - Julio,2026-07-31,15,2026-08-15,4131.94,49,31-60 días,Riesgo Moderado,Cliente Corporativo
FAC-2026-15375,Grupo México,Industrial,07 - Julio,2026-07-19,60,2026-09-17,13383.63,13,1-30 días,Atraso Preventivo,Cliente Corporativo
FAC-2026-15376,Grupo México,Industrial,07 - Julio,2026-07-17,30,2026-08-16,11967.83,23,1-30 días,Atraso Preventivo,Cliente Corporativo
FAC-2026-15377,Grupo México,Industrial,07 - Julio,2026-07-02,15,2026-07-17,1599.88,0,Al Día,Al Día / OK,Cliente Corporativo
FAC-2026-15378,Grupo México,Industrial,07 - Julio,2026-07-29,45,2026-09-12,29195.07,0,Al Día,Al Día / OK,Cliente Corporativo
FAC-2026-15379,Grupo México,Industrial,07 - Julio,2026-07-01,30,2026-07-31,32333.96,52,31-60 días,Riesgo Moderado,Cliente Corporativo
FAC-2026-15380,Grupo México,Industrial,07 - Julio,2026-07-25,60,2026-09-23,34796.9,0,Al Día,Al Día / OK,Cliente Corporativo
FAC-2026-15381,Grupo México,Industrial,07 - Julio,2026-07-10,15,2026-07-25,68780.61,0,Al Día,Al Día / OK,Cliente Corporativo
FAC-2026-15382,Grupo México,Industrial,07 - Julio,2026-07-12,60,2026-09-10,3926.94,0,Al Día,Al Día / OK,Cliente Corporativo
FAC-2026-15383,Grupo México,Industrial,07 - Julio,2026-07-16,15,2026-07-31,1577.76,0,Al Día,Al Día / OK,Cliente Corporativo
FAC-2026-15384,Grupo México,Industrial,07 - Julio,2026-07-13,60,2026-09-11,18442.46,62,61-90 días,Riesgo Alto,Cliente Corporativo
FAC-2026-15385,Grupo México,Industrial,07 - Julio,2026-07-07,30,2026-08-06,5568.78,15,1-30 días,Atraso Preventivo,Cliente Corporativo
FAC-2026-15386,Gerdau,Industrial,07 - Julio,2026-07-03,45,2026-08-17,23973.91,0,Al Día,Al Día / OK,Cliente Corporativo
FAC-2026-15387,Gerdau,Industrial,07 - Julio,2026-07-26,30,2026-08-25,16957.01,30,1-30 días,Atraso Preventivo,Cliente Corporativo
FAC-2026-15388,Gerdau,Industrial,07 - Julio,2026-07-24,45,2026-09-07,4246.29,54,31-60 días,Riesgo Moderado,Cliente Corporativo
FAC-2026-15389,Gerdau,Industrial,07 - Julio,2026-07-27,30,2026-08-26,26613.81,62,61-90 días,Riesgo Alto,Cliente Corporativo
FAC-2026-15390,Gerdau,Industrial,07 - Julio,2026-07-15,30,2026-08-14,15663.79,166,+90 días (Crítico),En Mora / Crítico,Cliente Corporativo
FAC-2026-15391,Gerdau,Industrial,07 - Julio,2026-07-18,30,2026-08-17,18352.33,16,1-30 días,Atraso Preventivo,Cliente Corporativo
FAC-2026-15392,Gerdau,Industrial,07 - Julio,2026-07-23,30,2026-08-22,1727.21,76,61-90 días,Riesgo Alto,Cliente Corporativo
FAC-2026-15393,Gerdau,Industrial,07 - Julio,2026-07-30,45,2026-09-13,76159.19,71,61-90 días,Riesgo Alto,Cliente Corporativo
FAC-2026-15394,Gerdau,Industrial,07 - Julio,2026-07-07,30,2026-08-06,10244.31,0,Al Día,Al Día / OK,Cliente Corporativo
FAC-2026-15395,Gerdau,Industrial,07 - Julio,2026-07-29,45,2026-09-12,15361.91,41,31-60 días,Riesgo Moderado,Cliente Corporativo
FAC-2026-15396,Gerdau,Industrial,07 - Julio,2026-07-17,30,2026-08-16,28624.01,16,1-30 días,Atraso Preventivo,Cliente Corporativo
FAC-2026-15397,Gerdau,Industrial,07 - Julio,2026-07-16,45,2026-08-30,4128.18,26,1-30 días,Atraso Preventivo,Cliente Corporativo
FAC-2026-15398,Gerdau,Industrial,07 - Julio,2026-07-24,30,2026-08-23,7372.96,31,31-60 días,Riesgo Moderado,Cliente Corporativo
FAC-2026-15399,Arca Continental,Industrial,07 - Julio,2026-07-25,60,2026-09-23,11821.83,0,Al Día,Al Día / OK,Cliente Corporativo
FAC-2026-15400,Arca Continental,Industrial,07 - Julio,2026-07-03,15,2026-07-18,23017.0,5,1-30 días,Atraso Preventivo,Cliente Corporativo
FAC-2026-15401,Arca Continental,Industrial,07 - Julio,2026-07-01,30,2026-07-31,8990.39,52,31-60 días,Riesgo Moderado,Cliente Corporativo
FAC-2026-15402,Arca Continental,Industrial,07 - Julio,2026-07-10,30,2026-08-09,12001.13,76,61-90 días,Riesgo Alto,Cliente Corporativo
FAC-2026-15403,Arca Continental,Industrial,07 - Julio,2026-07-29,45,2026-09-12,27367.67,138,+90 días (Crítico),En Mora / Crítico,Cliente Corporativo
FAC-2026-15404,Arca Continental,Industrial,07 - Julio,2026-07-04,30,2026-08-03,12137.29,78,61-90 días,Riesgo Alto,Cliente Corporativo
FAC-2026-15405,Arca Continental,Industrial,07 - Julio,2026-07-04,30,2026-08-03,22402.19,0,Al Día,Al Día / OK,Cliente Corporativo
FAC-2026-15406,Arca Continental,Industrial,07 - Julio,2026-07-11,30,2026-08-10,5966.02,0,Al Día,Al Día / OK,Cliente Corporativo
FAC-2026-15407,Arca Continental,Industrial,07 - Julio,2026-07-26,15,2026-08-10,31517.19,89,61-90 días,Riesgo Alto,Cliente Corporativo
FAC-2026-15408,Arca Continental,Industrial,07 - Julio,2026-07-06,30,2026-08-05,29238.85,0,Al Día,Al Día / OK,Cliente Corporativo
FAC-2026-15409,Arca Continental,Industrial,07 - Julio,2026-07-22,15,2026-08-06,6506.26,16,1-30 días,Atraso Preventivo,Cliente Corporativo
FAC-2026-15410,Arca Continental,Industrial,07 - Julio,2026-07-27,30,2026-08-26,4847.11,35,31-60 días,Riesgo Moderado,Cliente Corporativo
FAC-2026-15411,Arca Continental,Industrial,07 - Julio,2026-07-29,15,2026-08-13,29578.35,0,Al Día,Al Día / OK,Cliente Corporativo
FAC-2026-15412,Arca Continental,Industrial,07 - Julio,2026-07-18,30,2026-08-17,29285.89,103,+90 días (Crítico),En Mora / Crítico,Cliente Corporativo
FAC-2026-15413,Mapfre,Seguros,07 - Julio,2026-07-15,30,2026-08-14,5439.46,0,Al Día,Al Día / OK,Cliente Corporativo
FAC-2026-15414,Mapfre,Seguros,07 - Julio,2026-07-11,30,2026-08-10,1550.07,20,1-30 días,Atraso Preventivo,Cliente Corporativo
FAC-2026-15415,Mapfre,Seguros,07 - Julio,2026-07-13,15,2026-07-28,4733.34,57,31-60 días,Riesgo Moderado,Cliente Corporativo
FAC-2026-15416,Mapfre,Seguros,07 - Julio,2026-07-06,30,2026-08-05,8962.63,71,61-90 días,Riesgo Alto,Cliente Corporativo
FAC-2026-15417,Mapfre,Seguros,07 - Julio,2026-07-11,30,2026-08-10,19826.49,113,+90 días (Crítico),En Mora / Crítico,Cliente Corporativo
FAC-2026-15418,Mapfre,Seguros,07 - Julio,2026-07-08,15,2026-07-23,14383.84,153,+90 días (Crítico),En Mora / Crítico,Cliente Corporativo
FAC-2026-15419,Mapfre,Seguros,07 - Julio,2026-07-09,45,2026-08-23,47146.64,0,Al Día,Al Día / OK,Cliente Corporativo
FAC-2026-15420,Mapfre,Seguros,07 - Julio,2026-07-14,15,2026-07-29,30493.86,0,Al Día,Al Día / OK,Cliente Corporativo
FAC-2026-15421,Mapfre,Seguros,07 - Julio,2026-07-16,30,2026-08-15,6156.09,0,Al Día,Al Día / OK,Cliente Corporativo
FAC-2026-15422,Mapfre,Seguros,07 - Julio,2026-07-01,15,2026-07-16,5331.28,6,1-30 días,Atraso Preventivo,Cliente Corporativo
FAC-2026-15423,Mapfre,Seguros,07 - Julio,2026-07-11,45,2026-08-25,64646.37,0,Al Día,Al Día / OK,Cliente Corporativo
FAC-2026-15424,Mapfre,Seguros,07 - Julio,2026-07-07,45,2026-08-21,3175.37,0,Al Día,Al Día / OK,Cliente Corporativo
FAC-2026-15425,Mapfre,Seguros,07 - Julio,2026-07-24,60,2026-09-22,11489.4,93,+90 días (Crítico),En Mora / Crítico,Cliente Corporativo
FAC-2026-15426,Mapfre,Seguros,07 - Julio,2026-07-07,30,2026-08-06,13473.12,0,Al Día,Al Día / OK,Cliente Corporativo
FAC-2026-15427,Mapfre,Seguros,07 - Julio,2026-07-14,30,2026-08-13,18292.96,0,Al Día,Al Día / OK,Cliente Corporativo
FAC-2026-15428,Mapfre,Seguros,07 - Julio,2026-07-03,15,2026-07-18,1983.44,64,61-90 días,Riesgo Alto,Cliente Corporativo
FAC-2026-15429,Mapfre,Seguros,07 - Julio,2026-07-29,60,2026-09-27,3986.51,11,1-30 días,Atraso Preventivo,Cliente Corporativo
FAC-2026-15430,Mapfre,Seguros,07 - Julio,2026-07-07,45,2026-08-21,43038.52,0,Al Día,Al Día / OK,Cliente Corporativo
FAC-2026-15431,Mapfre,Seguros,07 - Julio,2026-07-18,15,2026-08-02,20172.0,21,1-30 días,Atraso Preventivo,Cliente Corporativo
FAC-2026-15432,Seguros SURA,Seguros,07 - Julio,2026-07-14,60,2026-09-12,13817.27,0,Al Día,Al Día / OK,Cliente Corporativo
FAC-2026-15433,Seguros SURA,Seguros,07 - Julio,2026-07-28,60,2026-09-26,49539.43,20,1-30 días,Atraso Preventivo,Cliente Corporativo
FAC-2026-15434,Seguros SURA,Seguros,07 - Julio,2026-07-19,60,2026-09-17,47913.13,48,31-60 días,Riesgo Moderado,Cliente Corporativo
FAC-2026-15435,Seguros SURA,Seguros,07 - Julio,2026-07-20,15,2026-08-04,39307.65,86,61-90 días,Riesgo Alto,Cliente Corporativo
FAC-2026-15436,Seguros SURA,Seguros,07 - Julio,2026-07-05,60,2026-09-03,18185.76,99,+90 días (Crítico),En Mora / Crítico,Cliente Corporativo
FAC-2026-15437,Seguros SURA,Seguros,07 - Julio,2026-07-17,30,2026-08-16,14481.82,0,Al Día,Al Día / OK,Cliente Corporativo
FAC-2026-15438,Seguros SURA,Seguros,07 - Julio,2026-07-14,15,2026-07-29,14692.67,0,Al Día,Al Día / OK,Cliente Corporativo
FAC-2026-15439,Seguros SURA,Seguros,07 - Julio,2026-07-28,60,2026-09-26,14076.95,0,Al Día,Al Día / OK,Cliente Corporativo
FAC-2026-15440,Seguros SURA,Seguros,07 - Julio,2026-07-21,60,2026-09-19,27915.85,20,1-30 días,Atraso Preventivo,Cliente Corporativo
FAC-2026-15441,Seguros SURA,Seguros,07 - Julio,2026-07-15,60,2026-09-13,1729.48,45,31-60 días,Riesgo Moderado,Cliente Corporativo
FAC-2026-15442,Seguros SURA,Seguros,07 - Julio,2026-07-30,45,2026-09-13,5535.28,34,31-60 días,Riesgo Moderado,Cliente Corporativo
FAC-2026-15443,Seguros SURA,Seguros,07 - Julio,2026-07-03,45,2026-08-17,5267.97,0,Al Día,Al Día / OK,Cliente Corporativo
FAC-2026-15444,Seguros SURA,Seguros,07 - Julio,2026-07-09,30,2026-08-08,35402.51,25,1-30 días,Atraso Preventivo,Cliente Corporativo
FAC-2026-15445,Seguros SURA,Seguros,07 - Julio,2026-07-05,30,2026-08-04,2722.2,18,1-30 días,Atraso Preventivo,Cliente Corporativo
FAC-2026-15446,Seguros SURA,Seguros,07 - Julio,2026-07-13,60,2026-09-11,40092.81,0,Al Día,Al Día / OK,Cliente Corporativo
FAC-2026-15447,GNP Seguros,Seguros,07 - Julio,2026-07-17,30,2026-08-16,48950.33,0,Al Día,Al Día / OK,Cliente Corporativo
FAC-2026-15448,GNP Seguros,Seguros,07 - Julio,2026-07-01,15,2026-07-16,20700.79,30,1-30 días,Atraso Preventivo,Cliente Corporativo
FAC-2026-15449,GNP Seguros,Seguros,07 - Julio,2026-07-17,15,2026-08-01,10253.12,32,31-60 días,Riesgo Moderado,Cliente Corporativo
FAC-2026-15450,GNP Seguros,Seguros,07 - Julio,2026-07-07,15,2026-07-22,2059.48,79,61-90 días,Riesgo Alto,Cliente Corporativo
FAC-2026-15451,GNP Seguros,Seguros,07 - Julio,2026-07-27,45,2026-09-10,3209.53,100,+90 días (Crítico),En Mora / Crítico,Cliente Corporativo
FAC-2026-15452,GNP Seguros,Seguros,07 - Julio,2026-07-06,15,2026-07-21,11362.59,0,Al Día,Al Día / OK,Cliente Corporativo
FAC-2026-15453,GNP Seguros,Seguros,07 - Julio,2026-07-24,45,2026-09-07,7545.44,30,1-30 días,Atraso Preventivo,Cliente Corporativo
FAC-2026-15454,GNP Seguros,Seguros,07 - Julio,2026-07-07,15,2026-07-22,6830.75,27,1-30 días,Atraso Preventivo,Cliente Corporativo
FAC-2026-15455,GNP Seguros,Seguros,07 - Julio,2026-07-12,45,2026-08-26,14449.07,32,31-60 días,Riesgo Moderado,Cliente Corporativo
FAC-2026-15456,GNP Seguros,Seguros,07 - Julio,2026-07-20,60,2026-09-18,11400.91,0,Al Día,Al Día / OK,Cliente Corporativo
FAC-2026-15457,GNP Seguros,Seguros,07 - Julio,2026-07-16,15,2026-07-31,13824.68,0,Al Día,Al Día / OK,Cliente Corporativo
FAC-2026-15458,GNP Seguros,Seguros,07 - Julio,2026-07-07,45,2026-08-21,26635.6,15,1-30 días,Atraso Preventivo,Cliente Corporativo
FAC-2026-15459,GNP Seguros,Seguros,07 - Julio,2026-07-16,15,2026-07-31,20321.88,0,Al Día,Al Día / OK,Cliente Corporativo
FAC-2026-15460,MetLife,Seguros,07 - Julio,2026-07-26,30,2026-08-25,57503.64,0,Al Día,Al Día / OK,Cliente Corporativo
FAC-2026-15461,MetLife,Seguros,07 - Julio,2026-07-10,15,2026-07-25,13338.04,19,1-30 días,Atraso Preventivo,Cliente Corporativo
FAC-2026-15462,MetLife,Seguros,07 - Julio,2026-07-10,45,2026-08-24,8333.36,52,31-60 días,Riesgo Moderado,Cliente Corporativo
FAC-2026-15463,MetLife,Seguros,07 - Julio,2026-07-20,45,2026-09-03,2640.17,68,61-90 días,Riesgo Alto,Cliente Corporativo
FAC-2026-15464,MetLife,Seguros,07 - Julio,2026-07-17,45,2026-08-31,31543.16,128,+90 días (Crítico),En Mora / Crítico,Cliente Corporativo
FAC-2026-15465,MetLife,Seguros,07 - Julio,2026-07-29,15,2026-08-13,11931.24,0,Al Día,Al Día / OK,Cliente Corporativo
FAC-2026-15466,MetLife,Seguros,07 - Julio,2026-07-18,30,2026-08-17,12615.21,26,1-30 días,Atraso Preventivo,Cliente Corporativo
FAC-2026-15467,MetLife,Seguros,07 - Julio,2026-07-03,45,2026-08-17,32135.3,0,Al Día,Al Día / OK,Cliente Corporativo
FAC-2026-15468,MetLife,Seguros,07 - Julio,2026-07-29,60,2026-09-27,43178.64,0,Al Día,Al Día / OK,Cliente Corporativo
FAC-2026-15469,MetLife,Seguros,07 - Julio,2026-07-27,60,2026-09-25,13257.14,0,Al Día,Al Día / OK,Cliente Corporativo
FAC-2026-15470,MetLife,Seguros,07 - Julio,2026-07-18,60,2026-09-16,58114.92,0,Al Día,Al Día / OK,Cliente Corporativo
FAC-2026-15471,MetLife,Seguros,07 - Julio,2026-07-22,45,2026-09-05,40864.09,14,1-30 días,Atraso Preventivo,Cliente Corporativo
FAC-2026-15472,MetLife,Seguros,07 - Julio,2026-07-02,60,2026-08-31,47773.5,48,31-60 días,Riesgo Moderado,Cliente Corporativo
FAC-2026-15473,MetLife,Seguros,07 - Julio,2026-07-27,30,2026-08-26,2375.61,0,Al Día,Al Día / OK,Cliente Corporativo
FAC-2026-15474,MetLife,Seguros,07 - Julio,2026-07-03,30,2026-08-02,7217.45,21,1-30 días,Atraso Preventivo,Cliente Corporativo
FAC-2026-15475,MetLife,Seguros,07 - Julio,2026-07-22,45,2026-09-05,9661.25,0,Al Día,Al Día / OK,Cliente Corporativo
FAC-2026-15476,MetLife,Seguros,07 - Julio,2026-07-09,30,2026-08-08,11876.55,0,Al Día,Al Día / OK,Cliente Corporativo
FAC-2026-15477,Chubb Seguros,Seguros,07 - Julio,2026-07-02,45,2026-08-16,3897.45,0,Al Día,Al Día / OK,Cliente Corporativo
FAC-2026-15478,Chubb Seguros,Seguros,07 - Julio,2026-07-22,60,2026-09-20,8770.2,18,1-30 días,Atraso Preventivo,Cliente Corporativo
FAC-2026-15479,Chubb Seguros,Seguros,07 - Julio,2026-07-12,30,2026-08-11,24822.31,55,31-60 días,Riesgo Moderado,Cliente Corporativo
FAC-2026-15480,Chubb Seguros,Seguros,07 - Julio,2026-07-23,60,2026-09-21,46363.72,75,61-90 días,Riesgo Alto,Cliente Corporativo
FAC-2026-15481,Chubb Seguros,Seguros,07 - Julio,2026-07-09,15,2026-07-24,17275.91,175,+90 días (Crítico),En Mora / Crítico,Cliente Corporativo
FAC-2026-15482,Chubb Seguros,Seguros,07 - Julio,2026-07-07,60,2026-09-05,14571.03,12,1-30 días,Atraso Preventivo,Cliente Corporativo
FAC-2026-15483,Chubb Seguros,Seguros,07 - Julio,2026-07-15,15,2026-07-30,5263.54,33,31-60 días,Riesgo Moderado,Cliente Corporativo
FAC-2026-15484,Chubb Seguros,Seguros,07 - Julio,2026-07-14,45,2026-08-28,22761.31,60,31-60 días,Riesgo Moderado,Cliente Corporativo
FAC-2026-15485,Chubb Seguros,Seguros,07 - Julio,2026-07-15,45,2026-08-29,5751.57,0,Al Día,Al Día / OK,Cliente Corporativo
FAC-2026-15486,Chubb Seguros,Seguros,07 - Julio,2026-07-02,60,2026-08-31,18698.49,26,1-30 días,Atraso Preventivo,Cliente Corporativo
FAC-2026-15487,Chubb Seguros,Seguros,07 - Julio,2026-07-31,45,2026-09-14,30345.91,93,+90 días (Crítico),En Mora / Crítico,Cliente Corporativo
FAC-2026-15488,Chubb Seguros,Seguros,07 - Julio,2026-07-02,60,2026-08-31,1933.44,0,Al Día,Al Día / OK,Cliente Corporativo
FAC-2026-15489,Chubb Seguros,Seguros,07 - Julio,2026-07-09,15,2026-07-24,8861.39,0,Al Día,Al Día / OK,Cliente Corporativo
FAC-2026-15490,Chubb Seguros,Seguros,07 - Julio,2026-07-11,30,2026-08-10,9090.8,50,31-60 días,Riesgo Moderado,Cliente Corporativo
FAC-2026-15491,AXA,Seguros,07 - Julio,2026-07-26,30,2026-08-25,31932.05,0,Al Día,Al Día / OK,Cliente Corporativo
FAC-2026-15492,AXA,Seguros,07 - Julio,2026-07-14,15,2026-07-29,7130.57,22,1-30 días,Atraso Preventivo,Cliente Corporativo
FAC-2026-15493,AXA,Seguros,07 - Julio,2026-07-07,15,2026-07-22,16947.01,32,31-60 días,Riesgo Moderado,Cliente Corporativo
FAC-2026-15494,AXA,Seguros,07 - Julio,2026-07-13,45,2026-08-27,11697.19,61,61-90 días,Riesgo Alto,Cliente Corporativo
FAC-2026-15495,AXA,Seguros,07 - Julio,2026-07-18,45,2026-09-01,2980.48,111,+90 días (Crítico),En Mora / Crítico,Cliente Corporativo
FAC-2026-15496,AXA,Seguros,07 - Julio,2026-07-12,60,2026-09-10,20681.73,0,Al Día,Al Día / OK,Cliente Corporativo
FAC-2026-15497,AXA,Seguros,07 - Julio,2026-07-20,30,2026-08-19,31374.61,0,Al Día,Al Día / OK,Cliente Corporativo
FAC-2026-15498,AXA,Seguros,07 - Julio,2026-07-18,30,2026-08-17,1306.46,60,31-60 días,Riesgo Moderado,Cliente Corporativo
FAC-2026-15499,AXA,Seguros,07 - Julio,2026-07-12,60,2026-09-10,9837.87,14,1-30 días,Atraso Preventivo,Cliente Corporativo
FAC-2026-15500,AXA,Seguros,07 - Julio,2026-07-09,30,2026-08-08,11176.32,29,1-30 días,Atraso Preventivo,Cliente Corporativo
FAC-2026-15501,AXA,Seguros,07 - Julio,2026-07-25,15,2026-08-09,7402.4,129,+90 días (Crítico),En Mora / Crítico,Cliente Corporativo
FAC-2026-15502,AXA,Seguros,07 - Julio,2026-07-10,45,2026-08-24,2962.09,0,Al Día,Al Día / OK,Cliente Corporativo
FAC-2026-15503,AXA,Seguros,07 - Julio,2026-07-24,45,2026-09-07,20460.49,26,1-30 días,Atraso Preventivo,Cliente Corporativo
FAC-2026-15504,AXA,Seguros,07 - Julio,2026-07-13,30,2026-08-12,8478.48,0,Al Día,Al Día / OK,Cliente Corporativo
FAC-2026-15505,AXA,Seguros,07 - Julio,2026-07-01,60,2026-08-30,30408.19,25,1-30 días,Atraso Preventivo,Cliente Corporativo
FAC-2026-15506,AXA,Seguros,07 - Julio,2026-07-05,45,2026-08-19,14273.84,0,Al Día,Al Día / OK,Cliente Corporativo
FAC-2026-15507,AXA,Seguros,07 - Julio,2026-07-12,30,2026-08-11,35125.89,0,Al Día,Al Día / OK,Cliente Corporativo
FAC-2026-15508,AXA,Seguros,07 - Julio,2026-07-15,15,2026-07-30,15293.03,48,31-60 días,Riesgo Moderado,Cliente Corporativo
FAC-2026-15509,AXA,Seguros,07 - Julio,2026-07-06,45,2026-08-20,14031.84,39,31-60 días,Riesgo Moderado,Cliente Corporativo
FAC-2026-15510,AXA,Seguros,07 - Julio,2026-07-07,30,2026-08-06,24030.26,0,Al Día,Al Día / OK,Cliente Corporativo
FAC-2026-15511,Seguros Bolívar,Seguros,07 - Julio,2026-07-04,60,2026-09-02,15127.67,0,Al Día,Al Día / OK,Cliente Corporativo
FAC-2026-15512,Seguros Bolívar,Seguros,07 - Julio,2026-07-01,15,2026-07-16,6126.4,26,1-30 días,Atraso Preventivo,Cliente Corporativo
FAC-2026-15513,Seguros Bolívar,Seguros,07 - Julio,2026-07-24,60,2026-09-22,15106.3,48,31-60 días,Riesgo Moderado,Cliente Corporativo
FAC-2026-15514,Seguros Bolívar,Seguros,07 - Julio,2026-07-30,30,2026-08-29,2005.64,88,61-90 días,Riesgo Alto,Cliente Corporativo
FAC-2026-15515,Seguros Bolívar,Seguros,07 - Julio,2026-07-25,30,2026-08-24,11639.78,151,+90 días (Crítico),En Mora / Crítico,Cliente Corporativo
FAC-2026-15516,Seguros Bolívar,Seguros,07 - Julio,2026-07-10,60,2026-09-08,17247.78,28,1-30 días,Atraso Preventivo,Cliente Corporativo
FAC-2026-15517,Seguros Bolívar,Seguros,07 - Julio,2026-07-30,15,2026-08-14,47688.23,0,Al Día,Al Día / OK,Cliente Corporativo
FAC-2026-15518,Seguros Bolívar,Seguros,07 - Julio,2026-07-25,45,2026-09-08,58181.65,29,1-30 días,Atraso Preventivo,Cliente Corporativo
FAC-2026-15519,Seguros Bolívar,Seguros,07 - Julio,2026-07-14,30,2026-08-13,2435.79,32,31-60 días,Riesgo Moderado,Cliente Corporativo
FAC-2026-15520,Seguros Bolívar,Seguros,07 - Julio,2026-07-07,15,2026-07-22,16401.85,33,31-60 días,Riesgo Moderado,Cliente Corporativo
FAC-2026-15521,Seguros Bolívar,Seguros,07 - Julio,2026-07-20,60,2026-09-18,9630.43,0,Al Día,Al Día / OK,Cliente Corporativo
FAC-2026-15522,Seguros Bolívar,Seguros,07 - Julio,2026-07-20,15,2026-08-04,2424.54,46,31-60 días,Riesgo Moderado,Cliente Corporativo
FAC-2026-15523,Seguros Bolívar,Seguros,07 - Julio,2026-07-10,15,2026-07-25,16333.13,20,1-30 días,Atraso Preventivo,Cliente Corporativo
FAC-2026-15524,DHL Supply Chain,Logística,07 - Julio,2026-07-29,60,2026-09-27,26812.37,0,Al Día,Al Día / OK,Cliente Corporativo
FAC-2026-15525,DHL Supply Chain,Logística,07 - Julio,2026-07-14,15,2026-07-29,53195.07,9,1-30 días,Atraso Preventivo,Cliente Corporativo
FAC-2026-15526,DHL Supply Chain,Logística,07 - Julio,2026-07-03,15,2026-07-18,10330.8,46,31-60 días,Riesgo Moderado,Cliente Corporativo
FAC-2026-15527,DHL Supply Chain,Logística,07 - Julio,2026-07-19,15,2026-08-03,33124.14,78,61-90 días,Riesgo Alto,Cliente Corporativo
FAC-2026-15528,DHL Supply Chain,Logística,07 - Julio,2026-07-23,60,2026-09-21,18074.96,140,+90 días (Crítico),En Mora / Crítico,Cliente Corporativo
FAC-2026-15529,DHL Supply Chain,Logística,07 - Julio,2026-07-10,15,2026-07-25,33249.76,0,Al Día,Al Día / OK,Cliente Corporativo
FAC-2026-15530,DHL Supply Chain,Logística,07 - Julio,2026-07-24,15,2026-08-08,6459.0,15,1-30 días,Atraso Preventivo,Cliente Corporativo
FAC-2026-15531,DHL Supply Chain,Logística,07 - Julio,2026-07-07,60,2026-09-05,1912.53,0,Al Día,Al Día / OK,Cliente Corporativo
FAC-2026-15532,DHL Supply Chain,Logística,07 - Julio,2026-07-20,60,2026-09-18,9039.62,0,Al Día,Al Día / OK,Cliente Corporativo
FAC-2026-15533,DHL Supply Chain,Logística,07 - Julio,2026-07-10,45,2026-08-24,9252.01,0,Al Día,Al Día / OK,Cliente Corporativo
FAC-2026-15534,DHL Supply Chain,Logística,07 - Julio,2026-07-11,15,2026-07-26,4275.98,14,1-30 días,Atraso Preventivo,Cliente Corporativo
FAC-2026-15535,DHL Supply Chain,Logística,07 - Julio,2026-07-26,45,2026-09-09,3501.27,0,Al Día,Al Día / OK,Cliente Corporativo
FAC-2026-15536,DHL Supply Chain,Logística,07 - Julio,2026-07-08,15,2026-07-23,94210.05,0,Al Día,Al Día / OK,Cliente Corporativo
FAC-2026-15537,DHL Supply Chain,Logística,07 - Julio,2026-07-20,60,2026-09-18,4070.01,23,1-30 días,Atraso Preventivo,Cliente Corporativo
FAC-2026-15538,DHL Supply Chain,Logística,07 - Julio,2026-07-11,45,2026-08-25,30924.64,0,Al Día,Al Día / OK,Cliente Corporativo
FAC-2026-15539,FedEx Express,Logística,07 - Julio,2026-07-31,15,2026-08-15,5536.58,0,Al Día,Al Día / OK,Cliente Corporativo
FAC-2026-15540,FedEx Express,Logística,07 - Julio,2026-07-30,45,2026-09-13,5217.22,29,1-30 días,Atraso Preventivo,Cliente Corporativo
FAC-2026-15541,FedEx Express,Logística,07 - Julio,2026-07-05,15,2026-07-20,14754.85,50,31-60 días,Riesgo Moderado,Cliente Corporativo
FAC-2026-15542,FedEx Express,Logística,07 - Julio,2026-07-09,30,2026-08-08,2324.33,89,61-90 días,Riesgo Alto,Cliente Corporativo
FAC-2026-15543,FedEx Express,Logística,07 - Julio,2026-07-22,45,2026-09-05,3405.58,125,+90 días (Crítico),En Mora / Crítico,Cliente Corporativo
FAC-2026-15544,FedEx Express,Logística,07 - Julio,2026-07-06,60,2026-09-04,7413.15,46,31-60 días,Riesgo Moderado,Cliente Corporativo
FAC-2026-15545,FedEx Express,Logística,07 - Julio,2026-07-03,15,2026-07-18,1865.05,0,Al Día,Al Día / OK,Cliente Corporativo
FAC-2026-15546,FedEx Express,Logística,07 - Julio,2026-07-30,30,2026-08-29,106768.97,24,1-30 días,Atraso Preventivo,Cliente Corporativo
FAC-2026-15547,FedEx Express,Logística,07 - Julio,2026-07-02,60,2026-08-31,5852.29,12,1-30 días,Atraso Preventivo,Cliente Corporativo
FAC-2026-15548,FedEx Express,Logística,07 - Julio,2026-07-27,45,2026-09-10,7477.51,18,1-30 días,Atraso Preventivo,Cliente Corporativo
FAC-2026-15549,FedEx Express,Logística,07 - Julio,2026-07-26,15,2026-08-10,61542.33,23,1-30 días,Atraso Preventivo,Cliente Corporativo
FAC-2026-15550,FedEx Express,Logística,07 - Julio,2026-07-30,15,2026-08-14,4607.23,0,Al Día,Al Día / OK,Cliente Corporativo
FAC-2026-15551,FedEx Express,Logística,07 - Julio,2026-07-06,60,2026-09-04,27991.22,0,Al Día,Al Día / OK,Cliente Corporativo
FAC-2026-15552,FedEx Express,Logística,07 - Julio,2026-07-07,45,2026-08-21,60533.47,0,Al Día,Al Día / OK,Cliente Corporativo
FAC-2026-15553,FedEx Express,Logística,07 - Julio,2026-07-07,30,2026-08-06,20926.8,0,Al Día,Al Día / OK,Cliente Corporativo
FAC-2026-15554,FedEx Express,Logística,07 - Julio,2026-07-02,45,2026-08-16,27017.63,23,1-30 días,Atraso Preventivo,Cliente Corporativo
FAC-2026-15555,Maersk Logistics,Logística,07 - Julio,2026-07-06,30,2026-08-05,5011.11,0,Al Día,Al Día / OK,Cliente Corporativo
FAC-2026-15556,Maersk Logistics,Logística,07 - Julio,2026-07-06,60,2026-09-04,7327.58,27,1-30 días,Atraso Preventivo,Cliente Corporativo
FAC-2026-15557,Maersk Logistics,Logística,07 - Julio,2026-07-06,60,2026-09-04,7344.88,33,31-60 días,Riesgo Moderado,Cliente Corporativo
FAC-2026-15558,Maersk Logistics,Logística,07 - Julio,2026-07-25,30,2026-08-24,1513.66,78,61-90 días,Riesgo Alto,Cliente Corporativo
FAC-2026-15559,Maersk Logistics,Logística,07 - Julio,2026-07-19,60,2026-09-17,2365.78,111,+90 días (Crítico),En Mora / Crítico,Cliente Corporativo
FAC-2026-15560,Maersk Logistics,Logística,07 - Julio,2026-07-07,15,2026-07-22,10545.4,0,Al Día,Al Día / OK,Cliente Corporativo
FAC-2026-15561,Maersk Logistics,Logística,07 - Julio,2026-07-06,30,2026-08-05,3055.3,0,Al Día,Al Día / OK,Cliente Corporativo
FAC-2026-15562,Maersk Logistics,Logística,07 - Julio,2026-07-31,30,2026-08-30,10959.1,22,1-30 días,Atraso Preventivo,Cliente Corporativo
FAC-2026-15563,Maersk Logistics,Logística,07 - Julio,2026-07-28,60,2026-09-26,14556.61,0,Al Día,Al Día / OK,Cliente Corporativo
FAC-2026-15564,Maersk Logistics,Logística,07 - Julio,2026-07-30,15,2026-08-14,25483.25,0,Al Día,Al Día / OK,Cliente Corporativo
FAC-2026-15565,Maersk Logistics,Logística,07 - Julio,2026-07-26,15,2026-08-10,3843.1,19,1-30 días,Atraso Preventivo,Cliente Corporativo
FAC-2026-15566,Maersk Logistics,Logística,07 - Julio,2026-07-31,45,2026-09-14,9858.12,27,1-30 días,Atraso Preventivo,Cliente Corporativo
FAC-2026-15567,Maersk Logistics,Logística,07 - Julio,2026-07-26,45,2026-09-09,6112.88,56,31-60 días,Riesgo Moderado,Cliente Corporativo
FAC-2026-15568,Maersk Logistics,Logística,07 - Julio,2026-07-23,60,2026-09-21,5094.51,0,Al Día,Al Día / OK,Cliente Corporativo
FAC-2026-15569,Maersk Logistics,Logística,07 - Julio,2026-07-30,30,2026-08-29,16053.68,0,Al Día,Al Día / OK,Cliente Corporativo
FAC-2026-15570,Maersk Logistics,Logística,07 - Julio,2026-07-10,45,2026-08-24,43223.12,75,61-90 días,Riesgo Alto,Cliente Corporativo
FAC-2026-15571,Kuehne+Nagel,Logística,07 - Julio,2026-07-11,60,2026-09-09,28128.39,0,Al Día,Al Día / OK,Cliente Corporativo
FAC-2026-15572,Kuehne+Nagel,Logística,07 - Julio,2026-07-13,45,2026-08-27,24414.83,21,1-30 días,Atraso Preventivo,Cliente Corporativo
FAC-2026-15573,Kuehne+Nagel,Logística,07 - Julio,2026-07-19,60,2026-09-17,4453.53,49,31-60 días,Riesgo Moderado,Cliente Corporativo
FAC-2026-15574,Kuehne+Nagel,Logística,07 - Julio,2026-07-22,45,2026-09-05,25447.03,64,61-90 días,Riesgo Alto,Cliente Corporativo
FAC-2026-15575,Kuehne+Nagel,Logística,07 - Julio,2026-07-18,30,2026-08-17,6164.2,171,+90 días (Crítico),En Mora / Crítico,Cliente Corporativo
FAC-2026-15576,Kuehne+Nagel,Logística,07 - Julio,2026-07-25,30,2026-08-24,13887.06,0,Al Día,Al Día / OK,Cliente Corporativo
FAC-2026-15577,Kuehne+Nagel,Logística,07 - Julio,2026-07-02,30,2026-08-01,28471.21,0,Al Día,Al Día / OK,Cliente Corporativo
FAC-2026-15578,Kuehne+Nagel,Logística,07 - Julio,2026-07-03,15,2026-07-18,11211.89,128,+90 días (Crítico),En Mora / Crítico,Cliente Corporativo
FAC-2026-15579,Kuehne+Nagel,Logística,07 - Julio,2026-07-07,30,2026-08-06,5173.37,15,1-30 días,Atraso Preventivo,Cliente Corporativo
FAC-2026-15580,Kuehne+Nagel,Logística,07 - Julio,2026-07-09,60,2026-09-07,26236.56,15,1-30 días,Atraso Preventivo,Cliente Corporativo
FAC-2026-15581,Kuehne+Nagel,Logística,07 - Julio,2026-07-01,45,2026-08-15,26270.36,0,Al Día,Al Día / OK,Cliente Corporativo
FAC-2026-15582,Kuehne+Nagel,Logística,07 - Julio,2026-07-11,30,2026-08-10,19496.94,45,31-60 días,Riesgo Moderado,Cliente Corporativo
FAC-2026-15583,Kuehne+Nagel,Logística,07 - Julio,2026-07-07,15,2026-07-22,82902.45,0,Al Día,Al Día / OK,Cliente Corporativo
FAC-2026-15584,Kuehne+Nagel,Logística,07 - Julio,2026-07-16,60,2026-09-14,14531.55,24,1-30 días,Atraso Preventivo,Cliente Corporativo
FAC-2026-15585,Kuehne+Nagel,Logística,07 - Julio,2026-07-10,30,2026-08-09,10657.04,0,Al Día,Al Día / OK,Cliente Corporativo
FAC-2026-15586,Kuehne+Nagel,Logística,07 - Julio,2026-07-27,60,2026-09-25,23796.8,17,1-30 días,Atraso Preventivo,Cliente Corporativo
FAC-2026-15587,Kuehne+Nagel,Logística,07 - Julio,2026-07-09,15,2026-07-24,3296.9,0,Al Día,Al Día / OK,Cliente Corporativo
FAC-2026-15588,Kuehne+Nagel,Logística,07 - Julio,2026-07-30,45,2026-09-13,13206.89,0,Al Día,Al Día / OK,Cliente Corporativo
FAC-2026-15589,Mercado Envíos,Logística,07 - Julio,2026-07-14,45,2026-08-28,10589.86,0,Al Día,Al Día / OK,Cliente Corporativo
FAC-2026-15590,Mercado Envíos,Logística,07 - Julio,2026-07-07,60,2026-09-05,14173.74,12,1-30 días,Atraso Preventivo,Cliente Corporativo
FAC-2026-15591,Mercado Envíos,Logística,07 - Julio,2026-07-02,30,2026-08-01,5880.63,40,31-60 días,Riesgo Moderado,Cliente Corporativo
FAC-2026-15592,Mercado Envíos,Logística,07 - Julio,2026-07-18,60,2026-09-16,14673.87,80,61-90 días,Riesgo Alto,Cliente Corporativo
FAC-2026-15593,Mercado Envíos,Logística,07 - Julio,2026-07-31,15,2026-08-15,2099.72,174,+90 días (Crítico),En Mora / Crítico,Cliente Corporativo
FAC-2026-15594,Mercado Envíos,Logística,07 - Julio,2026-07-17,30,2026-08-16,12873.24,22,1-30 días,Atraso Preventivo,Cliente Corporativo
FAC-2026-15595,Mercado Envíos,Logística,07 - Julio,2026-07-28,45,2026-09-11,7501.51,14,1-30 días,Atraso Preventivo,Cliente Corporativo
FAC-2026-15596,Mercado Envíos,Logística,07 - Julio,2026-07-11,45,2026-08-25,1220.64,14,1-30 días,Atraso Preventivo,Cliente Corporativo
FAC-2026-15597,Mercado Envíos,Logística,07 - Julio,2026-07-01,30,2026-07-31,51711.28,11,1-30 días,Atraso Preventivo,Cliente Corporativo
FAC-2026-15598,Mercado Envíos,Logística,07 - Julio,2026-07-12,45,2026-08-26,16282.92,0,Al Día,Al Día / OK,Cliente Corporativo
FAC-2026-15599,Mercado Envíos,Logística,07 - Julio,2026-07-23,15,2026-08-07,42250.26,11,1-30 días,Atraso Preventivo,Cliente Corporativo
FAC-2026-15600,Mercado Envíos,Logística,07 - Julio,2026-07-03,15,2026-07-18,1264.0,0,Al Día,Al Día / OK,Cliente Corporativo
FAC-2026-15601,Mercado Envíos,Logística,07 - Julio,2026-07-11,15,2026-07-26,13826.62,0,Al Día,Al Día / OK,Cliente Corporativo
FAC-2026-15602,Mercado Envíos,Logística,07 - Julio,2026-07-08,45,2026-08-22,6855.82,0,Al Día,Al Día / OK,Cliente Corporativo
FAC-2026-15603,Estafeta,Logística,07 - Julio,2026-07-08,45,2026-08-22,6529.17,0,Al Día,Al Día / OK,Cliente Corporativo
FAC-2026-15604,Estafeta,Logística,07 - Julio,2026-07-10,60,2026-09-08,8353.75,24,1-30 días,Atraso Preventivo,Cliente Corporativo
FAC-2026-15605,Estafeta,Logística,07 - Julio,2026-07-05,60,2026-09-03,5083.18,54,31-60 días,Riesgo Moderado,Cliente Corporativo
FAC-2026-15606,Estafeta,Logística,07 - Julio,2026-07-06,30,2026-08-05,6393.18,65,61-90 días,Riesgo Alto,Cliente Corporativo
FAC-2026-15607,Estafeta,Logística,07 - Julio,2026-07-10,15,2026-07-25,22590.27,136,+90 días (Crítico),En Mora / Crítico,Cliente Corporativo
FAC-2026-15608,Estafeta,Logística,07 - Julio,2026-07-06,15,2026-07-21,22129.6,0,Al Día,Al Día / OK,Cliente Corporativo
FAC-2026-15609,Estafeta,Logística,07 - Julio,2026-07-05,30,2026-08-04,11566.98,0,Al Día,Al Día / OK,Cliente Corporativo
FAC-2026-15610,Estafeta,Logística,07 - Julio,2026-07-03,15,2026-07-18,19681.36,0,Al Día,Al Día / OK,Cliente Corporativo
FAC-2026-15611,Estafeta,Logística,07 - Julio,2026-07-07,60,2026-09-05,11970.22,0,Al Día,Al Día / OK,Cliente Corporativo
FAC-2026-15612,Estafeta,Logística,07 - Julio,2026-07-03,15,2026-07-18,39586.9,0,Al Día,Al Día / OK,Cliente Corporativo
FAC-2026-15613,Estafeta,Logística,07 - Julio,2026-07-05,60,2026-09-03,19501.55,15,1-30 días,Atraso Preventivo,Cliente Corporativo
FAC-2026-15614,Estafeta,Logística,07 - Julio,2026-07-06,30,2026-08-05,46235.46,0,Al Día,Al Día / OK,Cliente Corporativo
FAC-2026-15615,Estafeta,Logística,07 - Julio,2026-07-10,15,2026-07-25,4376.89,6,1-30 días,Atraso Preventivo,Cliente Corporativo
FAC-2026-15616,Estafeta,Logística,07 - Julio,2026-07-04,30,2026-08-03,5302.73,5,1-30 días,Atraso Preventivo,Cliente Corporativo
FAC-2026-15617,Estafeta,Logística,07 - Julio,2026-07-01,45,2026-08-15,21805.61,0,Al Día,Al Día / OK,Cliente Corporativo
FAC-2026-15618,Pfizer,Salud & Farma,07 - Julio,2026-07-14,30,2026-08-13,28514.25,0,Al Día,Al Día / OK,Cliente Corporativo
FAC-2026-15619,Pfizer,Salud & Farma,07 - Julio,2026-07-21,30,2026-08-20,3035.24,20,1-30 días,Atraso Preventivo,Cliente Corporativo
FAC-2026-15620,Pfizer,Salud & Farma,07 - Julio,2026-07-18,60,2026-09-16,21939.27,58,31-60 días,Riesgo Moderado,Cliente Corporativo
FAC-2026-15621,Pfizer,Salud & Farma,07 - Julio,2026-07-22,60,2026-09-20,15962.22,66,61-90 días,Riesgo Alto,Cliente Corporativo
FAC-2026-15622,Pfizer,Salud & Farma,07 - Julio,2026-07-02,45,2026-08-16,5437.99,171,+90 días (Crítico),En Mora / Crítico,Cliente Corporativo
FAC-2026-15623,Pfizer,Salud & Farma,07 - Julio,2026-07-02,45,2026-08-16,8491.39,23,1-30 días,Atraso Preventivo,Cliente Corporativo
FAC-2026-15624,Pfizer,Salud & Farma,07 - Julio,2026-07-27,30,2026-08-26,13506.26,0,Al Día,Al Día / OK,Cliente Corporativo
FAC-2026-15625,Pfizer,Salud & Farma,07 - Julio,2026-07-19,15,2026-08-03,3943.28,0,Al Día,Al Día / OK,Cliente Corporativo
FAC-2026-15626,Pfizer,Salud & Farma,07 - Julio,2026-07-17,45,2026-08-31,5671.19,0,Al Día,Al Día / OK,Cliente Corporativo
FAC-2026-15627,Pfizer,Salud & Farma,07 - Julio,2026-07-12,15,2026-07-27,15155.02,122,+90 días (Crítico),En Mora / Crítico,Cliente Corporativo
FAC-2026-15628,Pfizer,Salud & Farma,07 - Julio,2026-07-10,45,2026-08-24,4004.98,0,Al Día,Al Día / OK,Cliente Corporativo
FAC-2026-15629,Pfizer,Salud & Farma,07 - Julio,2026-07-25,60,2026-09-23,18350.03,0,Al Día,Al Día / OK,Cliente Corporativo
FAC-2026-15630,Pfizer,Salud & Farma,07 - Julio,2026-07-08,15,2026-07-23,10033.02,0,Al Día,Al Día / OK,Cliente Corporativo
FAC-2026-15631,Pfizer,Salud & Farma,07 - Julio,2026-07-23,15,2026-08-07,10016.63,0,Al Día,Al Día / OK,Cliente Corporativo
FAC-2026-15632,Pfizer,Salud & Farma,07 - Julio,2026-07-21,45,2026-09-04,19013.7,122,+90 días (Crítico),En Mora / Crítico,Cliente Corporativo
FAC-2026-15633,Pfizer,Salud & Farma,07 - Julio,2026-07-04,30,2026-08-03,7506.15,0,Al Día,Al Día / OK,Cliente Corporativo
FAC-2026-15634,Genomma Lab,Salud & Farma,07 - Julio,2026-07-19,60,2026-09-17,8922.89,0,Al Día,Al Día / OK,Cliente Corporativo
FAC-2026-15635,Genomma Lab,Salud & Farma,07 - Julio,2026-07-23,30,2026-08-22,3834.18,18,1-30 días,Atraso Preventivo,Cliente Corporativo
FAC-2026-15636,Genomma Lab,Salud & Farma,07 - Julio,2026-07-29,60,2026-09-27,6730.99,35,31-60 días,Riesgo Moderado,Cliente Corporativo
FAC-2026-15637,Genomma Lab,Salud & Farma,07 - Julio,2026-07-07,45,2026-08-21,6730.54,70,61-90 días,Riesgo Alto,Cliente Corporativo
FAC-2026-15638,Genomma Lab,Salud & Farma,07 - Julio,2026-07-26,30,2026-08-25,27758.67,110,+90 días (Crítico),En Mora / Crítico,Cliente Corporativo
FAC-2026-15639,Genomma Lab,Salud & Farma,07 - Julio,2026-07-19,60,2026-09-17,50146.78,0,Al Día,Al Día / OK,Cliente Corporativo
FAC-2026-15640,Genomma Lab,Salud & Farma,07 - Julio,2026-07-24,15,2026-08-08,12954.64,22,1-30 días,Atraso Preventivo,Cliente Corporativo
FAC-2026-15641,Genomma Lab,Salud & Farma,07 - Julio,2026-07-23,60,2026-09-21,28521.98,0,Al Día,Al Día / OK,Cliente Corporativo
FAC-2026-15642,Genomma Lab,Salud & Farma,07 - Julio,2026-07-16,60,2026-09-14,10984.51,0,Al Día,Al Día / OK,Cliente Corporativo
FAC-2026-15643,Genomma Lab,Salud & Farma,07 - Julio,2026-07-24,15,2026-08-08,14748.1,0,Al Día,Al Día / OK,Cliente Corporativo
FAC-2026-15644,Genomma Lab,Salud & Farma,07 - Julio,2026-07-31,60,2026-09-29,14695.9,12,1-30 días,Atraso Preventivo,Cliente Corporativo
FAC-2026-15645,Genomma Lab,Salud & Farma,07 - Julio,2026-07-21,15,2026-08-05,2407.96,0,Al Día,Al Día / OK,Cliente Corporativo
FAC-2026-15646,Genomma Lab,Salud & Farma,07 - Julio,2026-07-14,30,2026-08-13,5904.32,0,Al Día,Al Día / OK,Cliente Corporativo
FAC-2026-15647,Genomma Lab,Salud & Farma,07 - Julio,2026-07-16,15,2026-07-31,12449.5,0,Al Día,Al Día / OK,Cliente Corporativo
FAC-2026-15648,Genomma Lab,Salud & Farma,07 - Julio,2026-07-08,45,2026-08-22,1547.61,0,Al Día,Al Día / OK,Cliente Corporativo
FAC-2026-15649,Genomma Lab,Salud & Farma,07 - Julio,2026-07-19,30,2026-08-18,28338.26,0,Al Día,Al Día / OK,Cliente Corporativo
FAC-2026-15650,Genomma Lab,Salud & Farma,07 - Julio,2026-07-10,60,2026-09-08,10052.06,0,Al Día,Al Día / OK,Cliente Corporativo
FAC-2026-15651,Genomma Lab,Salud & Farma,07 - Julio,2026-07-25,45,2026-09-08,9233.76,0,Al Día,Al Día / OK,Cliente Corporativo
FAC-2026-15652,Genomma Lab,Salud & Farma,07 - Julio,2026-07-21,30,2026-08-20,25942.43,25,1-30 días,Atraso Preventivo,Cliente Corporativo
FAC-2026-15653,Genomma Lab,Salud & Farma,07 - Julio,2026-07-03,15,2026-07-18,4097.5,52,31-60 días,Riesgo Moderado,Cliente Corporativo
FAC-2026-15654,Bayer,Salud & Farma,07 - Julio,2026-07-01,15,2026-07-16,7242.13,0,Al Día,Al Día / OK,Cliente Corporativo
FAC-2026-15655,Bayer,Salud & Farma,07 - Julio,2026-07-04,60,2026-09-02,27998.37,26,1-30 días,Atraso Preventivo,Cliente Corporativo
FAC-2026-15656,Bayer,Salud & Farma,07 - Julio,2026-07-25,60,2026-09-23,43969.01,36,31-60 días,Riesgo Moderado,Cliente Corporativo
FAC-2026-15657,Bayer,Salud & Farma,07 - Julio,2026-07-16,60,2026-09-14,1574.43,83,61-90 días,Riesgo Alto,Cliente Corporativo
FAC-2026-15658,Bayer,Salud & Farma,07 - Julio,2026-07-04,45,2026-08-18,13077.3,105,+90 días (Crítico),En Mora / Crítico,Cliente Corporativo
FAC-2026-15659,Bayer,Salud & Farma,07 - Julio,2026-07-01,30,2026-07-31,50228.56,7,1-30 días,Atraso Preventivo,Cliente Corporativo
FAC-2026-15660,Bayer,Salud & Farma,07 - Julio,2026-07-17,30,2026-08-16,4831.77,44,31-60 días,Riesgo Moderado,Cliente Corporativo
FAC-2026-15661,Bayer,Salud & Farma,07 - Julio,2026-07-07,30,2026-08-06,22528.71,19,1-30 días,Atraso Preventivo,Cliente Corporativo
FAC-2026-15662,Bayer,Salud & Farma,07 - Julio,2026-07-08,60,2026-09-06,43061.97,44,31-60 días,Riesgo Moderado,Cliente Corporativo
FAC-2026-15663,Bayer,Salud & Farma,07 - Julio,2026-07-29,60,2026-09-27,7095.59,0,Al Día,Al Día / OK,Cliente Corporativo
FAC-2026-15664,Bayer,Salud & Farma,07 - Julio,2026-07-21,30,2026-08-20,11679.35,0,Al Día,Al Día / OK,Cliente Corporativo
FAC-2026-15665,Bayer,Salud & Farma,07 - Julio,2026-07-03,15,2026-07-18,10196.47,0,Al Día,Al Día / OK,Cliente Corporativo
FAC-2026-15666,Bayer,Salud & Farma,07 - Julio,2026-07-14,30,2026-08-13,8531.46,0,Al Día,Al Día / OK,Cliente Corporativo
FAC-2026-15667,Bayer,Salud & Farma,07 - Julio,2026-07-07,45,2026-08-21,24257.52,19,1-30 días,Atraso Preventivo,Cliente Corporativo
FAC-2026-15668,Bayer,Salud & Farma,07 - Julio,2026-07-02,45,2026-08-16,29238.26,48,31-60 días,Riesgo Moderado,Cliente Corporativo
FAC-2026-15669,Bayer,Salud & Farma,07 - Julio,2026-07-09,45,2026-08-23,19287.44,0,Al Día,Al Día / OK,Cliente Corporativo
FAC-2026-15670,Bayer,Salud & Farma,07 - Julio,2026-07-30,60,2026-09-28,13426.95,0,Al Día,Al Día / OK,Cliente Corporativo
FAC-2026-15671,Bayer,Salud & Farma,07 - Julio,2026-07-15,15,2026-07-30,9268.35,75,61-90 días,Riesgo Alto,Cliente Corporativo
FAC-2026-15672,Bayer,Salud & Farma,07 - Julio,2026-07-16,60,2026-09-14,91801.58,26,1-30 días,Atraso Preventivo,Cliente Corporativo
FAC-2026-15673,Farmacias Benavides,Salud & Farma,07 - Julio,2026-07-13,30,2026-08-12,21525.01,0,Al Día,Al Día / OK,Cliente Corporativo
FAC-2026-15674,Farmacias Benavides,Salud & Farma,07 - Julio,2026-07-17,15,2026-08-01,32616.76,21,1-30 días,Atraso Preventivo,Cliente Corporativo
FAC-2026-15675,Farmacias Benavides,Salud & Farma,07 - Julio,2026-07-05,15,2026-07-20,19537.36,37,31-60 días,Riesgo Moderado,Cliente Corporativo
FAC-2026-15676,Farmacias Benavides,Salud & Farma,07 - Julio,2026-07-31,30,2026-08-30,22684.32,62,61-90 días,Riesgo Alto,Cliente Corporativo
FAC-2026-15677,Farmacias Benavides,Salud & Farma,07 - Julio,2026-07-10,15,2026-07-25,25051.4,142,+90 días (Crítico),En Mora / Crítico,Cliente Corporativo
FAC-2026-15678,Farmacias Benavides,Salud & Farma,07 - Julio,2026-07-02,60,2026-08-31,14707.08,23,1-30 días,Atraso Preventivo,Cliente Corporativo
FAC-2026-15679,Farmacias Benavides,Salud & Farma,07 - Julio,2026-07-16,15,2026-07-31,2867.07,44,31-60 días,Riesgo Moderado,Cliente Corporativo
FAC-2026-15680,Farmacias Benavides,Salud & Farma,07 - Julio,2026-07-04,60,2026-09-02,1947.4,19,1-30 días,Atraso Preventivo,Cliente Corporativo
FAC-2026-15681,Farmacias Benavides,Salud & Farma,07 - Julio,2026-07-03,45,2026-08-17,48356.7,8,1-30 días,Atraso Preventivo,Cliente Corporativo
FAC-2026-15682,Farmacias Benavides,Salud & Farma,07 - Julio,2026-07-04,15,2026-07-19,3596.81,24,1-30 días,Atraso Preventivo,Cliente Corporativo
FAC-2026-15683,Farmacias Benavides,Salud & Farma,07 - Julio,2026-07-10,60,2026-09-08,3048.5,0,Al Día,Al Día / OK,Cliente Corporativo
FAC-2026-15684,Farmacias Benavides,Salud & Farma,07 - Julio,2026-07-18,60,2026-09-16,13718.7,169,+90 días (Crítico),En Mora / Crítico,Cliente Corporativo
FAC-2026-15685,Farmacias Benavides,Salud & Farma,07 - Julio,2026-07-03,30,2026-08-02,24917.97,0,Al Día,Al Día / OK,Cliente Corporativo
FAC-2026-15686,Farmacias Benavides,Salud & Farma,07 - Julio,2026-07-30,15,2026-08-14,20216.47,0,Al Día,Al Día / OK,Cliente Corporativo
FAC-2026-15687,Farmacias Benavides,Salud & Farma,07 - Julio,2026-07-16,45,2026-08-30,19664.25,0,Al Día,Al Día / OK,Cliente Corporativo
FAC-2026-15688,Farmacias Benavides,Salud & Farma,07 - Julio,2026-07-13,15,2026-07-28,13591.83,17,1-30 días,Atraso Preventivo,Cliente Corporativo
FAC-2026-15689,Farmacias Benavides,Salud & Farma,07 - Julio,2026-07-05,45,2026-08-19,4830.14,58,31-60 días,Riesgo Moderado,Cliente Corporativo
FAC-2026-15690,Eurofarma,Salud & Farma,07 - Julio,2026-07-16,15,2026-07-31,30662.01,0,Al Día,Al Día / OK,Cliente Corporativo
FAC-2026-15691,Eurofarma,Salud & Farma,07 - Julio,2026-07-06,30,2026-08-05,4466.17,27,1-30 días,Atraso Preventivo,Cliente Corporativo
FAC-2026-15692,Eurofarma,Salud & Farma,07 - Julio,2026-07-08,15,2026-07-23,12817.48,59,31-60 días,Riesgo Moderado,Cliente Corporativo
FAC-2026-15693,Eurofarma,Salud & Farma,07 - Julio,2026-07-26,15,2026-08-10,22919.45,72,61-90 días,Riesgo Alto,Cliente Corporativo
FAC-2026-15694,Eurofarma,Salud & Farma,07 - Julio,2026-07-01,45,2026-08-15,10262.09,153,+90 días (Crítico),En Mora / Crítico,Cliente Corporativo
FAC-2026-15695,Eurofarma,Salud & Farma,07 - Julio,2026-07-03,45,2026-08-17,25071.89,0,Al Día,Al Día / OK,Cliente Corporativo
FAC-2026-15696,Eurofarma,Salud & Farma,07 - Julio,2026-07-25,15,2026-08-09,18083.61,0,Al Día,Al Día / OK,Cliente Corporativo
FAC-2026-15697,Eurofarma,Salud & Farma,07 - Julio,2026-07-13,30,2026-08-12,5696.87,0,Al Día,Al Día / OK,Cliente Corporativo
FAC-2026-15698,Eurofarma,Salud & Farma,07 - Julio,2026-07-20,60,2026-09-18,18054.92,43,31-60 días,Riesgo Moderado,Cliente Corporativo
FAC-2026-15699,Eurofarma,Salud & Farma,07 - Julio,2026-07-10,15,2026-07-25,6712.18,129,+90 días (Crítico),En Mora / Crítico,Cliente Corporativo
FAC-2026-15700,Eurofarma,Salud & Farma,07 - Julio,2026-07-25,60,2026-09-23,19296.53,83,61-90 días,Riesgo Alto,Cliente Corporativo
FAC-2026-15701,Eurofarma,Salud & Farma,07 - Julio,2026-07-05,60,2026-09-03,18000.39,10,1-30 días,Atraso Preventivo,Cliente Corporativo
FAC-2026-15702,Eurofarma,Salud & Farma,07 - Julio,2026-07-09,15,2026-07-24,3711.15,0,Al Día,Al Día / OK,Cliente Corporativo
FAC-2026-15703,Eurofarma,Salud & Farma,07 - Julio,2026-07-19,60,2026-09-17,2106.02,0,Al Día,Al Día / OK,Cliente Corporativo
FAC-2026-15704,Eurofarma,Salud & Farma,07 - Julio,2026-07-14,30,2026-08-13,16608.57,0,Al Día,Al Día / OK,Cliente Corporativo
FAC-2026-15705,Eurofarma,Salud & Farma,07 - Julio,2026-07-31,60,2026-09-29,9270.88,0,Al Día,Al Día / OK,Cliente Corporativo
FAC-2026-15706,Eurofarma,Salud & Farma,07 - Julio,2026-07-02,60,2026-08-31,38943.68,0,Al Día,Al Día / OK,Cliente Corporativo
FAC-2026-15707,Sanofi,Salud & Farma,07 - Julio,2026-07-27,60,2026-09-25,2512.51,0,Al Día,Al Día / OK,Cliente Corporativo
FAC-2026-15708,Sanofi,Salud & Farma,07 - Julio,2026-07-27,15,2026-08-11,5864.45,11,1-30 días,Atraso Preventivo,Cliente Corporativo
FAC-2026-15709,Sanofi,Salud & Farma,07 - Julio,2026-07-06,30,2026-08-05,4921.37,31,31-60 días,Riesgo Moderado,Cliente Corporativo
FAC-2026-15710,Sanofi,Salud & Farma,07 - Julio,2026-07-26,15,2026-08-10,2720.5,74,61-90 días,Riesgo Alto,Cliente Corporativo
FAC-2026-15711,Sanofi,Salud & Farma,07 - Julio,2026-07-04,60,2026-09-02,40797.63,152,+90 días (Crítico),En Mora / Crítico,Cliente Corporativo
FAC-2026-15712,Sanofi,Salud & Farma,07 - Julio,2026-07-03,60,2026-09-01,36190.27,0,Al Día,Al Día / OK,Cliente Corporativo
FAC-2026-15713,Sanofi,Salud & Farma,07 - Julio,2026-07-18,45,2026-09-01,13900.15,51,31-60 días,Riesgo Moderado,Cliente Corporativo
FAC-2026-15714,Sanofi,Salud & Farma,07 - Julio,2026-07-25,45,2026-09-08,16370.2,0,Al Día,Al Día / OK,Cliente Corporativo
FAC-2026-15715,Sanofi,Salud & Farma,07 - Julio,2026-07-25,30,2026-08-24,3408.57,25,1-30 días,Atraso Preventivo,Cliente Corporativo
FAC-2026-15716,Sanofi,Salud & Farma,07 - Julio,2026-07-16,60,2026-09-14,5553.03,7,1-30 días,Atraso Preventivo,Cliente Corporativo
FAC-2026-15717,Sanofi,Salud & Farma,07 - Julio,2026-07-11,15,2026-07-26,27916.17,123,+90 días (Crítico),En Mora / Crítico,Cliente Corporativo
FAC-2026-15718,Sanofi,Salud & Farma,07 - Julio,2026-07-05,30,2026-08-04,17300.86,0,Al Día,Al Día / OK,Cliente Corporativo
FAC-2026-15719,Sanofi,Salud & Farma,07 - Julio,2026-07-20,60,2026-09-18,35700.44,0,Al Día,Al Día / OK,Cliente Corporativo
FAC-2026-15720,Sanofi,Salud & Farma,07 - Julio,2026-07-29,60,2026-09-27,2309.29,30,1-30 días,Atraso Preventivo,Cliente Corporativo
FAC-2026-15721,Sanofi,Salud & Farma,07 - Julio,2026-07-10,15,2026-07-25,2371.59,36,31-60 días,Riesgo Moderado,Cliente Corporativo
FAC-2026-15722,Walmart,Retail,08 - Agosto,2026-08-26,60,2026-10-25,3633.17,0,Al Día,Al Día / OK,Cliente Corporativo
FAC-2026-15723,Walmart,Retail,08 - Agosto,2026-08-27,15,2026-09-11,11495.1,25,1-30 días,Atraso Preventivo,Cliente Corporativo
FAC-2026-15724,Walmart,Retail,08 - Agosto,2026-08-08,60,2026-10-07,3402.58,56,31-60 días,Riesgo Moderado,Cliente Corporativo
FAC-2026-15725,Walmart,Retail,08 - Agosto,2026-08-10,30,2026-09-09,47236.79,67,61-90 días,Riesgo Alto,Cliente Corporativo
FAC-2026-15726,Walmart,Retail,08 - Agosto,2026-08-27,60,2026-10-26,22793.18,93,+90 días (Crítico),En Mora / Crítico,Cliente Corporativo
FAC-2026-15727,Walmart,Retail,08 - Agosto,2026-08-21,15,2026-09-05,5139.95,0,Al Día,Al Día / OK,Cliente Corporativo
FAC-2026-15728,Walmart,Retail,08 - Agosto,2026-08-07,45,2026-09-21,33984.21,0,Al Día,Al Día / OK,Cliente Corporativo
FAC-2026-15729,Walmart,Retail,08 - Agosto,2026-08-26,30,2026-09-25,7491.08,0,Al Día,Al Día / OK,Cliente Corporativo
FAC-2026-15730,Walmart,Retail,08 - Agosto,2026-08-05,15,2026-08-20,18096.74,38,31-60 días,Riesgo Moderado,Cliente Corporativo
FAC-2026-15731,Walmart,Retail,08 - Agosto,2026-08-28,60,2026-10-27,4919.67,0,Al Día,Al Día / OK,Cliente Corporativo
FAC-2026-15732,Walmart,Retail,08 - Agosto,2026-08-07,15,2026-08-22,14196.56,11,1-30 días,Atraso Preventivo,Cliente Corporativo
FAC-2026-15733,Walmart,Retail,08 - Agosto,2026-08-06,60,2026-10-05,18354.76,15,1-30 días,Atraso Preventivo,Cliente Corporativo
FAC-2026-15734,Walmart,Retail,08 - Agosto,2026-08-01,15,2026-08-16,26559.4,7,1-30 días,Atraso Preventivo,Cliente Corporativo
FAC-2026-15735,Walmart,Retail,08 - Agosto,2026-08-09,30,2026-09-08,14007.57,0,Al Día,Al Día / OK,Cliente Corporativo
FAC-2026-15736,Walmart,Retail,08 - Agosto,2026-08-24,60,2026-10-23,7713.09,24,1-30 días,Atraso Preventivo,Cliente Corporativo
FAC-2026-15737,Walmart,Retail,08 - Agosto,2026-08-06,15,2026-08-21,21075.66,0,Al Día,Al Día / OK,Cliente Corporativo
FAC-2026-15738,Walmart,Retail,08 - Agosto,2026-08-14,45,2026-09-28,2048.27,0,Al Día,Al Día / OK,Cliente Corporativo
FAC-2026-15739,Walmart,Retail,08 - Agosto,2026-08-07,30,2026-09-06,3636.94,0,Al Día,Al Día / OK,Cliente Corporativo
FAC-2026-15740,Falabella,Retail,08 - Agosto,2026-08-16,60,2026-10-15,22964.63,0,Al Día,Al Día / OK,Cliente Corporativo
FAC-2026-15741,Falabella,Retail,08 - Agosto,2026-08-28,15,2026-09-12,7307.56,9,1-30 días,Atraso Preventivo,Cliente Corporativo
FAC-2026-15742,Falabella,Retail,08 - Agosto,2026-08-07,45,2026-09-21,7914.5,51,31-60 días,Riesgo Moderado,Cliente Corporativo
FAC-2026-15743,Falabella,Retail,08 - Agosto,2026-08-09,45,2026-09-23,17277.62,82,61-90 días,Riesgo Alto,Cliente Corporativo
FAC-2026-15744,Falabella,Retail,08 - Agosto,2026-08-27,60,2026-10-26,29881.99,103,+90 días (Crítico),En Mora / Crítico,Cliente Corporativo
FAC-2026-15745,Falabella,Retail,08 - Agosto,2026-08-10,60,2026-10-09,7915.09,0,Al Día,Al Día / OK,Cliente Corporativo
FAC-2026-15746,Falabella,Retail,08 - Agosto,2026-08-06,60,2026-10-05,31683.04,18,1-30 días,Atraso Preventivo,Cliente Corporativo
FAC-2026-15747,Falabella,Retail,08 - Agosto,2026-08-21,15,2026-09-05,18377.35,33,31-60 días,Riesgo Moderado,Cliente Corporativo
FAC-2026-15748,Falabella,Retail,08 - Agosto,2026-08-20,15,2026-09-04,33528.4,28,1-30 días,Atraso Preventivo,Cliente Corporativo
FAC-2026-15749,Falabella,Retail,08 - Agosto,2026-08-25,45,2026-10-09,25643.39,0,Al Día,Al Día / OK,Cliente Corporativo
FAC-2026-15750,Falabella,Retail,08 - Agosto,2026-08-27,15,2026-09-11,94798.2,0,Al Día,Al Día / OK,Cliente Corporativo
FAC-2026-15751,Falabella,Retail,08 - Agosto,2026-08-19,15,2026-09-03,3335.26,42,31-60 días,Riesgo Moderado,Cliente Corporativo
FAC-2026-15752,Falabella,Retail,08 - Agosto,2026-08-15,45,2026-09-29,7053.66,0,Al Día,Al Día / OK,Cliente Corporativo
FAC-2026-15753,Falabella,Retail,08 - Agosto,2026-08-30,30,2026-09-29,10160.24,0,Al Día,Al Día / OK,Cliente Corporativo
FAC-2026-15754,Falabella,Retail,08 - Agosto,2026-08-22,60,2026-10-21,4494.04,55,31-60 días,Riesgo Moderado,Cliente Corporativo
FAC-2026-15755,Falabella,Retail,08 - Agosto,2026-08-13,15,2026-08-28,27843.59,41,31-60 días,Riesgo Moderado,Cliente Corporativo
FAC-2026-15756,Cencosud,Retail,08 - Agosto,2026-08-15,45,2026-09-29,47455.68,0,Al Día,Al Día / OK,Cliente Corporativo
FAC-2026-15757,Cencosud,Retail,08 - Agosto,2026-08-06,45,2026-09-20,12314.69,18,1-30 días,Atraso Preventivo,Cliente Corporativo
FAC-2026-15758,Cencosud,Retail,08 - Agosto,2026-08-17,60,2026-10-16,5237.12,56,31-60 días,Riesgo Moderado,Cliente Corporativo
FAC-2026-15759,Cencosud,Retail,08 - Agosto,2026-08-10,15,2026-08-25,19306.19,61,61-90 días,Riesgo Alto,Cliente Corporativo
FAC-2026-15760,Cencosud,Retail,08 - Agosto,2026-08-22,60,2026-10-21,2564.96,139,+90 días (Crítico),En Mora / Crítico,Cliente Corporativo
FAC-2026-15761,Cencosud,Retail,08 - Agosto,2026-08-19,15,2026-09-03,1714.6,0,Al Día,Al Día / OK,Cliente Corporativo
FAC-2026-15762,Cencosud,Retail,08 - Agosto,2026-08-01,60,2026-09-30,5901.52,29,1-30 días,Atraso Preventivo,Cliente Corporativo
FAC-2026-15763,Cencosud,Retail,08 - Agosto,2026-08-17,45,2026-10-01,21528.85,0,Al Día,Al Día / OK,Cliente Corporativo
FAC-2026-15764,Cencosud,Retail,08 - Agosto,2026-08-18,45,2026-10-02,23748.33,0,Al Día,Al Día / OK,Cliente Corporativo
FAC-2026-15765,Cencosud,Retail,08 - Agosto,2026-08-22,60,2026-10-21,9186.06,0,Al Día,Al Día / OK,Cliente Corporativo
FAC-2026-15766,Cencosud,Retail,08 - Agosto,2026-08-05,60,2026-10-04,4852.67,0,Al Día,Al Día / OK,Cliente Corporativo
FAC-2026-15767,Cencosud,Retail,08 - Agosto,2026-08-08,15,2026-08-23,11275.42,0,Al Día,Al Día / OK,Cliente Corporativo
FAC-2026-15768,Cencosud,Retail,08 - Agosto,2026-08-06,60,2026-10-05,11294.66,0,Al Día,Al Día / OK,Cliente Corporativo
FAC-2026-15769,Cencosud,Retail,08 - Agosto,2026-08-15,60,2026-10-14,10128.12,22,1-30 días,Atraso Preventivo,Cliente Corporativo
FAC-2026-15770,Cencosud,Retail,08 - Agosto,2026-08-14,30,2026-09-13,84823.73,93,+90 días (Crítico),En Mora / Crítico,Cliente Corporativo
FAC-2026-15771,Cencosud,Retail,08 - Agosto,2026-08-08,45,2026-09-22,9063.19,0,Al Día,Al Día / OK,Cliente Corporativo
FAC-2026-15772,Cencosud,Retail,08 - Agosto,2026-08-24,15,2026-09-08,5851.22,47,31-60 días,Riesgo Moderado,Cliente Corporativo
FAC-2026-15773,El Puerto de Liverpool,Retail,08 - Agosto,2026-08-26,30,2026-09-25,27986.49,0,Al Día,Al Día / OK,Cliente Corporativo
FAC-2026-15774,El Puerto de Liverpool,Retail,08 - Agosto,2026-08-29,60,2026-10-28,92263.14,28,1-30 días,Atraso Preventivo,Cliente Corporativo
FAC-2026-15775,El Puerto de Liverpool,Retail,08 - Agosto,2026-08-14,30,2026-09-13,12494.63,44,31-60 días,Riesgo Moderado,Cliente Corporativo
FAC-2026-15776,El Puerto de Liverpool,Retail,08 - Agosto,2026-08-22,60,2026-10-21,47217.17,78,61-90 días,Riesgo Alto,Cliente Corporativo
FAC-2026-15777,El Puerto de Liverpool,Retail,08 - Agosto,2026-08-26,45,2026-10-10,26640.09,166,+90 días (Crítico),En Mora / Crítico,Cliente Corporativo
FAC-2026-15778,El Puerto de Liverpool,Retail,08 - Agosto,2026-08-02,60,2026-10-01,14194.81,25,1-30 días,Atraso Preventivo,Cliente Corporativo
FAC-2026-15779,El Puerto de Liverpool,Retail,08 - Agosto,2026-08-05,60,2026-10-04,58044.95,0,Al Día,Al Día / OK,Cliente Corporativo
FAC-2026-15780,El Puerto de Liverpool,Retail,08 - Agosto,2026-08-25,30,2026-09-24,24870.0,0,Al Día,Al Día / OK,Cliente Corporativo
FAC-2026-15781,El Puerto de Liverpool,Retail,08 - Agosto,2026-08-03,30,2026-09-02,6672.79,0,Al Día,Al Día / OK,Cliente Corporativo
FAC-2026-15782,El Puerto de Liverpool,Retail,08 - Agosto,2026-08-05,45,2026-09-19,7396.02,0,Al Día,Al Día / OK,Cliente Corporativo
FAC-2026-15783,El Puerto de Liverpool,Retail,08 - Agosto,2026-08-24,30,2026-09-23,20347.87,0,Al Día,Al Día / OK,Cliente Corporativo
FAC-2026-15784,El Puerto de Liverpool,Retail,08 - Agosto,2026-08-11,30,2026-09-10,8088.43,0,Al Día,Al Día / OK,Cliente Corporativo
FAC-2026-15785,El Puerto de Liverpool,Retail,08 - Agosto,2026-08-28,45,2026-10-12,9071.35,13,1-30 días,Atraso Preventivo,Cliente Corporativo
FAC-2026-15786,El Puerto de Liverpool,Retail,08 - Agosto,2026-08-27,60,2026-10-26,52390.7,67,61-90 días,Riesgo Alto,Cliente Corporativo
FAC-2026-15787,El Puerto de Liverpool,Retail,08 - Agosto,2026-08-15,30,2026-09-14,38218.58,89,61-90 días,Riesgo Alto,Cliente Corporativo
FAC-2026-15788,El Puerto de Liverpool,Retail,08 - Agosto,2026-08-20,45,2026-10-04,2256.53,0,Al Día,Al Día / OK,Cliente Corporativo
FAC-2026-15789,Coppel,Retail,08 - Agosto,2026-08-28,15,2026-09-12,38862.83,0,Al Día,Al Día / OK,Cliente Corporativo
FAC-2026-15790,Coppel,Retail,08 - Agosto,2026-08-11,30,2026-09-10,8072.29,6,1-30 días,Atraso Preventivo,Cliente Corporativo
FAC-2026-15791,Coppel,Retail,08 - Agosto,2026-08-13,30,2026-09-12,10442.78,55,31-60 días,Riesgo Moderado,Cliente Corporativo
FAC-2026-15792,Coppel,Retail,08 - Agosto,2026-08-21,15,2026-09-05,3529.12,86,61-90 días,Riesgo Alto,Cliente Corporativo
FAC-2026-15793,Coppel,Retail,08 - Agosto,2026-08-22,45,2026-10-06,16558.01,103,+90 días (Crítico),En Mora / Crítico,Cliente Corporativo
FAC-2026-15794,Coppel,Retail,08 - Agosto,2026-08-21,30,2026-09-20,22487.23,0,Al Día,Al Día / OK,Cliente Corporativo
FAC-2026-15795,Coppel,Retail,08 - Agosto,2026-08-18,60,2026-10-17,46064.68,0,Al Día,Al Día / OK,Cliente Corporativo
FAC-2026-15796,Coppel,Retail,08 - Agosto,2026-08-24,60,2026-10-23,35581.35,0,Al Día,Al Día / OK,Cliente Corporativo
FAC-2026-15797,Coppel,Retail,08 - Agosto,2026-08-25,15,2026-09-09,8254.35,0,Al Día,Al Día / OK,Cliente Corporativo
FAC-2026-15798,Coppel,Retail,08 - Agosto,2026-08-17,45,2026-10-01,13299.09,19,1-30 días,Atraso Preventivo,Cliente Corporativo
FAC-2026-15799,Coppel,Retail,08 - Agosto,2026-08-26,30,2026-09-25,16481.17,59,31-60 días,Riesgo Moderado,Cliente Corporativo
FAC-2026-15800,Coppel,Retail,08 - Agosto,2026-08-19,30,2026-09-18,21433.78,31,31-60 días,Riesgo Moderado,Cliente Corporativo
FAC-2026-15801,Coppel,Retail,08 - Agosto,2026-08-24,45,2026-10-08,3189.12,9,1-30 días,Atraso Preventivo,Cliente Corporativo
FAC-2026-15802,Coppel,Retail,08 - Agosto,2026-08-17,15,2026-09-01,3056.84,0,Al Día,Al Día / OK,Cliente Corporativo
FAC-2026-15803,Coppel,Retail,08 - Agosto,2026-08-04,45,2026-09-18,10606.42,44,31-60 días,Riesgo Moderado,Cliente Corporativo
FAC-2026-15804,Coppel,Retail,08 - Agosto,2026-08-17,15,2026-09-01,6707.05,0,Al Día,Al Día / OK,Cliente Corporativo
FAC-2026-15805,Coppel,Retail,08 - Agosto,2026-08-04,15,2026-08-19,2461.33,0,Al Día,Al Día / OK,Cliente Corporativo
FAC-2026-15806,Coppel,Retail,08 - Agosto,2026-08-16,60,2026-10-15,8148.77,47,31-60 días,Riesgo Moderado,Cliente Corporativo
FAC-2026-15807,Coppel,Retail,08 - Agosto,2026-08-20,60,2026-10-19,8089.88,0,Al Día,Al Día / OK,Cliente Corporativo
FAC-2026-15808,Grupo Éxito,Retail,08 - Agosto,2026-08-26,15,2026-09-10,6564.4,0,Al Día,Al Día / OK,Cliente Corporativo
FAC-2026-15809,Grupo Éxito,Retail,08 - Agosto,2026-08-04,60,2026-10-03,8614.88,5,1-30 días,Atraso Preventivo,Cliente Corporativo
FAC-2026-15810,Grupo Éxito,Retail,08 - Agosto,2026-08-04,60,2026-10-03,2794.94,52,31-60 días,Riesgo Moderado,Cliente Corporativo
FAC-2026-15811,Grupo Éxito,Retail,08 - Agosto,2026-08-09,30,2026-09-08,10489.57,88,61-90 días,Riesgo Alto,Cliente Corporativo
FAC-2026-15812,Grupo Éxito,Retail,08 - Agosto,2026-08-21,30,2026-09-20,2084.34,117,+90 días (Crítico),En Mora / Crítico,Cliente Corporativo
FAC-2026-15813,Grupo Éxito,Retail,08 - Agosto,2026-08-22,15,2026-09-06,12029.16,9,1-30 días,Atraso Preventivo,Cliente Corporativo
FAC-2026-15814,Grupo Éxito,Retail,08 - Agosto,2026-08-07,60,2026-10-06,11596.19,7,1-30 días,Atraso Preventivo,Cliente Corporativo
FAC-2026-15815,Grupo Éxito,Retail,08 - Agosto,2026-08-18,60,2026-10-17,4097.82,0,Al Día,Al Día / OK,Cliente Corporativo
FAC-2026-15816,Grupo Éxito,Retail,08 - Agosto,2026-08-07,15,2026-08-22,25347.21,0,Al Día,Al Día / OK,Cliente Corporativo
FAC-2026-15817,Grupo Éxito,Retail,08 - Agosto,2026-08-06,15,2026-08-21,35521.19,0,Al Día,Al Día / OK,Cliente Corporativo
FAC-2026-15818,Grupo Éxito,Retail,08 - Agosto,2026-08-12,15,2026-08-27,7522.04,0,Al Día,Al Día / OK,Cliente Corporativo
FAC-2026-15819,Grupo Éxito,Retail,08 - Agosto,2026-08-16,45,2026-09-30,15384.27,0,Al Día,Al Día / OK,Cliente Corporativo
FAC-2026-15820,Grupo Éxito,Retail,08 - Agosto,2026-08-20,15,2026-09-04,6075.89,29,1-30 días,Atraso Preventivo,Cliente Corporativo
FAC-2026-15821,Grupo Éxito,Retail,08 - Agosto,2026-08-13,45,2026-09-27,19876.53,16,1-30 días,Atraso Preventivo,Cliente Corporativo
FAC-2026-15822,Grupo Éxito,Retail,08 - Agosto,2026-08-21,45,2026-10-05,23904.05,0,Al Día,Al Día / OK,Cliente Corporativo
FAC-2026-15823,Grupo Éxito,Retail,08 - Agosto,2026-08-23,15,2026-09-07,8736.01,0,Al Día,Al Día / OK,Cliente Corporativo
FAC-2026-15824,Grupo Éxito,Retail,08 - Agosto,2026-08-22,15,2026-09-06,13483.69,18,1-30 días,Atraso Preventivo,Cliente Corporativo
FAC-2026-15825,Grupo Éxito,Retail,08 - Agosto,2026-08-11,30,2026-09-10,15049.57,0,Al Día,Al Día / OK,Cliente Corporativo
FAC-2026-15826,Grupo Éxito,Retail,08 - Agosto,2026-08-16,60,2026-10-15,7897.33,0,Al Día,Al Día / OK,Cliente Corporativo
FAC-2026-15827,FEMSA Comercio (OXXO),Retail,08 - Agosto,2026-08-07,15,2026-08-22,7105.81,0,Al Día,Al Día / OK,Cliente Corporativo
FAC-2026-15828,FEMSA Comercio (OXXO),Retail,08 - Agosto,2026-08-11,60,2026-10-10,11839.48,29,1-30 días,Atraso Preventivo,Cliente Corporativo
FAC-2026-15829,FEMSA Comercio (OXXO),Retail,08 - Agosto,2026-08-02,45,2026-09-16,6597.48,49,31-60 días,Riesgo Moderado,Cliente Corporativo
FAC-2026-15830,FEMSA Comercio (OXXO),Retail,08 - Agosto,2026-08-05,45,2026-09-19,36376.53,83,61-90 días,Riesgo Alto,Cliente Corporativo
FAC-2026-15831,FEMSA Comercio (OXXO),Retail,08 - Agosto,2026-08-07,15,2026-08-22,19501.99,160,+90 días (Crítico),En Mora / Crítico,Cliente Corporativo
FAC-2026-15832,FEMSA Comercio (OXXO),Retail,08 - Agosto,2026-08-28,60,2026-10-27,10640.28,13,1-30 días,Atraso Preventivo,Cliente Corporativo
FAC-2026-15833,FEMSA Comercio (OXXO),Retail,08 - Agosto,2026-08-11,60,2026-10-10,13069.08,0,Al Día,Al Día / OK,Cliente Corporativo
FAC-2026-15834,FEMSA Comercio (OXXO),Retail,08 - Agosto,2026-08-07,60,2026-10-06,15666.31,0,Al Día,Al Día / OK,Cliente Corporativo
FAC-2026-15835,FEMSA Comercio (OXXO),Retail,08 - Agosto,2026-08-24,15,2026-09-08,57666.16,16,1-30 días,Atraso Preventivo,Cliente Corporativo
FAC-2026-15836,FEMSA Comercio (OXXO),Retail,08 - Agosto,2026-08-05,30,2026-09-04,35259.41,41,31-60 días,Riesgo Moderado,Cliente Corporativo
FAC-2026-15837,FEMSA Comercio (OXXO),Retail,08 - Agosto,2026-08-15,60,2026-10-14,50228.25,0,Al Día,Al Día / OK,Cliente Corporativo
FAC-2026-15838,FEMSA Comercio (OXXO),Retail,08 - Agosto,2026-08-29,15,2026-09-13,3226.89,54,31-60 días,Riesgo Moderado,Cliente Corporativo
FAC-2026-15839,FEMSA Comercio (OXXO),Retail,08 - Agosto,2026-08-08,45,2026-09-22,5429.67,10,1-30 días,Atraso Preventivo,Cliente Corporativo
FAC-2026-15840,FEMSA Comercio (OXXO),Retail,08 - Agosto,2026-08-08,15,2026-08-23,2745.37,9,1-30 días,Atraso Preventivo,Cliente Corporativo
FAC-2026-15841,FEMSA Comercio (OXXO),Retail,08 - Agosto,2026-08-17,30,2026-09-16,46824.29,38,31-60 días,Riesgo Moderado,Cliente Corporativo
FAC-2026-15842,FEMSA Comercio (OXXO),Retail,08 - Agosto,2026-08-12,15,2026-08-27,21021.64,25,1-30 días,Atraso Preventivo,Cliente Corporativo
FAC-2026-15843,FEMSA Comercio (OXXO),Retail,08 - Agosto,2026-08-27,60,2026-10-26,22775.42,59,31-60 días,Riesgo Moderado,Cliente Corporativo
FAC-2026-15844,FEMSA Comercio (OXXO),Retail,08 - Agosto,2026-08-20,60,2026-10-19,2385.2,13,1-30 días,Atraso Preventivo,Cliente Corporativo
FAC-2026-15845,Chedraui,Retail,08 - Agosto,2026-08-02,60,2026-10-01,16462.62,0,Al Día,Al Día / OK,Cliente Corporativo
FAC-2026-15846,Chedraui,Retail,08 - Agosto,2026-08-05,30,2026-09-04,19615.06,17,1-30 días,Atraso Preventivo,Cliente Corporativo
FAC-2026-15847,Chedraui,Retail,08 - Agosto,2026-08-18,15,2026-09-02,12550.45,58,31-60 días,Riesgo Moderado,Cliente Corporativo
FAC-2026-15848,Chedraui,Retail,08 - Agosto,2026-08-09,30,2026-09-08,29427.51,88,61-90 días,Riesgo Alto,Cliente Corporativo
FAC-2026-15849,Chedraui,Retail,08 - Agosto,2026-08-03,60,2026-10-02,8370.86,157,+90 días (Crítico),En Mora / Crítico,Cliente Corporativo
FAC-2026-15850,Chedraui,Retail,08 - Agosto,2026-08-13,15,2026-08-28,64993.88,0,Al Día,Al Día / OK,Cliente Corporativo
FAC-2026-15851,Chedraui,Retail,08 - Agosto,2026-08-24,60,2026-10-23,9031.97,0,Al Día,Al Día / OK,Cliente Corporativo
FAC-2026-15852,Chedraui,Retail,08 - Agosto,2026-08-31,15,2026-09-15,1850.68,0,Al Día,Al Día / OK,Cliente Corporativo
FAC-2026-15853,Chedraui,Retail,08 - Agosto,2026-08-05,60,2026-10-04,1493.71,0,Al Día,Al Día / OK,Cliente Corporativo
FAC-2026-15854,Chedraui,Retail,08 - Agosto,2026-08-27,60,2026-10-26,15033.65,19,1-30 días,Atraso Preventivo,Cliente Corporativo
FAC-2026-15855,Chedraui,Retail,08 - Agosto,2026-08-13,60,2026-10-12,3334.86,35,31-60 días,Riesgo Moderado,Cliente Corporativo
FAC-2026-15856,Chedraui,Retail,08 - Agosto,2026-08-08,15,2026-08-23,4326.8,0,Al Día,Al Día / OK,Cliente Corporativo
FAC-2026-15857,Chedraui,Retail,08 - Agosto,2026-08-29,45,2026-10-13,2057.43,0,Al Día,Al Día / OK,Cliente Corporativo
FAC-2026-15858,Chedraui,Retail,08 - Agosto,2026-08-16,30,2026-09-15,3004.2,0,Al Día,Al Día / OK,Cliente Corporativo
FAC-2026-15859,Chedraui,Retail,08 - Agosto,2026-08-06,45,2026-09-20,32540.76,36,31-60 días,Riesgo Moderado,Cliente Corporativo
FAC-2026-15860,América Móvil (Claro),Telecom,08 - Agosto,2026-08-08,30,2026-09-07,15479.43,0,Al Día,Al Día / OK,Cliente Corporativo
FAC-2026-15861,América Móvil (Claro),Telecom,08 - Agosto,2026-08-21,15,2026-09-05,16500.55,16,1-30 días,Atraso Preventivo,Cliente Corporativo
FAC-2026-15862,América Móvil (Claro),Telecom,08 - Agosto,2026-08-06,45,2026-09-20,13155.19,58,31-60 días,Riesgo Moderado,Cliente Corporativo
FAC-2026-15863,América Móvil (Claro),Telecom,08 - Agosto,2026-08-07,30,2026-09-06,11578.51,89,61-90 días,Riesgo Alto,Cliente Corporativo
FAC-2026-15864,América Móvil (Claro),Telecom,08 - Agosto,2026-08-18,30,2026-09-17,10548.27,123,+90 días (Crítico),En Mora / Crítico,Cliente Corporativo
FAC-2026-15865,América Móvil (Claro),Telecom,08 - Agosto,2026-08-14,15,2026-08-29,4096.29,0,Al Día,Al Día / OK,Cliente Corporativo
FAC-2026-15866,América Móvil (Claro),Telecom,08 - Agosto,2026-08-09,30,2026-09-08,52607.44,0,Al Día,Al Día / OK,Cliente Corporativo
FAC-2026-15867,América Móvil (Claro),Telecom,08 - Agosto,2026-08-30,30,2026-09-29,8548.66,0,Al Día,Al Día / OK,Cliente Corporativo
FAC-2026-15868,América Móvil (Claro),Telecom,08 - Agosto,2026-08-06,60,2026-10-05,2179.57,43,31-60 días,Riesgo Moderado,Cliente Corporativo
FAC-2026-15869,América Móvil (Claro),Telecom,08 - Agosto,2026-08-29,15,2026-09-13,8118.97,20,1-30 días,Atraso Preventivo,Cliente Corporativo
FAC-2026-15870,América Móvil (Claro),Telecom,08 - Agosto,2026-08-30,45,2026-10-14,11820.66,0,Al Día,Al Día / OK,Cliente Corporativo
FAC-2026-15871,América Móvil (Claro),Telecom,08 - Agosto,2026-08-05,45,2026-09-19,5125.84,0,Al Día,Al Día / OK,Cliente Corporativo
FAC-2026-15872,América Móvil (Claro),Telecom,08 - Agosto,2026-08-21,60,2026-10-20,2157.44,0,Al Día,Al Día / OK,Cliente Corporativo
FAC-2026-15873,América Móvil (Claro),Telecom,08 - Agosto,2026-08-03,30,2026-09-02,21202.77,10,1-30 días,Atraso Preventivo,Cliente Corporativo
FAC-2026-15874,América Móvil (Claro),Telecom,08 - Agosto,2026-08-29,15,2026-09-13,21499.93,35,31-60 días,Riesgo Moderado,Cliente Corporativo
FAC-2026-15875,América Móvil (Claro),Telecom,08 - Agosto,2026-08-04,15,2026-08-19,16352.71,167,+90 días (Crítico),En Mora / Crítico,Cliente Corporativo
FAC-2026-15876,América Móvil (Claro),Telecom,08 - Agosto,2026-08-04,45,2026-09-18,22489.34,0,Al Día,Al Día / OK,Cliente Corporativo
FAC-2026-15877,América Móvil (Claro),Telecom,08 - Agosto,2026-08-17,45,2026-10-01,2746.84,0,Al Día,Al Día / OK,Cliente Corporativo
FAC-2026-15878,América Móvil (Claro),Telecom,08 - Agosto,2026-08-22,60,2026-10-21,29675.21,34,31-60 días,Riesgo Moderado,Cliente Corporativo
FAC-2026-15879,Telefónica (Movistar),Telecom,08 - Agosto,2026-08-07,30,2026-09-06,2782.58,0,Al Día,Al Día / OK,Cliente Corporativo
FAC-2026-15880,Telefónica (Movistar),Telecom,08 - Agosto,2026-08-01,30,2026-08-31,3321.07,16,1-30 días,Atraso Preventivo,Cliente Corporativo
FAC-2026-15881,Telefónica (Movistar),Telecom,08 - Agosto,2026-08-15,15,2026-08-30,6891.92,45,31-60 días,Riesgo Moderado,Cliente Corporativo
FAC-2026-15882,Telefónica (Movistar),Telecom,08 - Agosto,2026-08-16,15,2026-08-31,4625.46,61,61-90 días,Riesgo Alto,Cliente Corporativo
FAC-2026-15883,Telefónica (Movistar),Telecom,08 - Agosto,2026-08-12,60,2026-10-11,40740.06,118,+90 días (Crítico),En Mora / Crítico,Cliente Corporativo
FAC-2026-15884,Telefónica (Movistar),Telecom,08 - Agosto,2026-08-28,45,2026-10-12,24812.3,0,Al Día,Al Día / OK,Cliente Corporativo
FAC-2026-15885,Telefónica (Movistar),Telecom,08 - Agosto,2026-08-15,60,2026-10-14,19212.13,0,Al Día,Al Día / OK,Cliente Corporativo
FAC-2026-15886,Telefónica (Movistar),Telecom,08 - Agosto,2026-08-23,15,2026-09-07,64654.34,0,Al Día,Al Día / OK,Cliente Corporativo
FAC-2026-15887,Telefónica (Movistar),Telecom,08 - Agosto,2026-08-26,60,2026-10-25,12263.8,0,Al Día,Al Día / OK,Cliente Corporativo
FAC-2026-15888,Telefónica (Movistar),Telecom,08 - Agosto,2026-08-06,15,2026-08-21,5049.0,0,Al Día,Al Día / OK,Cliente Corporativo
FAC-2026-15889,Telefónica (Movistar),Telecom,08 - Agosto,2026-08-29,15,2026-09-13,5089.26,0,Al Día,Al Día / OK,Cliente Corporativo
FAC-2026-15890,Telefónica (Movistar),Telecom,08 - Agosto,2026-08-17,15,2026-09-01,14390.75,0,Al Día,Al Día / OK,Cliente Corporativo
FAC-2026-15891,Telefónica (Movistar),Telecom,08 - Agosto,2026-08-04,30,2026-09-03,22200.16,12,1-30 días,Atraso Preventivo,Cliente Corporativo
FAC-2026-15892,Telefónica (Movistar),Telecom,08 - Agosto,2026-08-13,45,2026-09-27,1635.52,26,1-30 días,Atraso Preventivo,Cliente Corporativo
FAC-2026-15893,Telefónica (Movistar),Telecom,08 - Agosto,2026-08-21,30,2026-09-20,16810.54,0,Al Día,Al Día / OK,Cliente Corporativo
FAC-2026-15894,Telefónica (Movistar),Telecom,08 - Agosto,2026-08-25,60,2026-10-24,5428.16,54,31-60 días,Riesgo Moderado,Cliente Corporativo
FAC-2026-15895,Telefónica (Movistar),Telecom,08 - Agosto,2026-08-13,30,2026-09-12,4062.56,0,Al Día,Al Día / OK,Cliente Corporativo
FAC-2026-15896,Telefónica (Movistar),Telecom,08 - Agosto,2026-08-28,15,2026-09-12,29793.95,0,Al Día,Al Día / OK,Cliente Corporativo
FAC-2026-15897,Telefónica (Movistar),Telecom,08 - Agosto,2026-08-04,30,2026-09-03,22282.46,0,Al Día,Al Día / OK,Cliente Corporativo
FAC-2026-15898,Millicom (Tigo),Telecom,08 - Agosto,2026-08-03,60,2026-10-02,2599.46,0,Al Día,Al Día / OK,Cliente Corporativo
FAC-2026-15899,Millicom (Tigo),Telecom,08 - Agosto,2026-08-04,15,2026-08-19,4057.51,16,1-30 días,Atraso Preventivo,Cliente Corporativo
FAC-2026-15900,Millicom (Tigo),Telecom,08 - Agosto,2026-08-28,45,2026-10-12,8600.7,59,31-60 días,Riesgo Moderado,Cliente Corporativo
FAC-2026-15901,Millicom (Tigo),Telecom,08 - Agosto,2026-08-07,15,2026-08-22,43265.82,82,61-90 días,Riesgo Alto,Cliente Corporativo
FAC-2026-15902,Millicom (Tigo),Telecom,08 - Agosto,2026-08-18,45,2026-10-02,3159.39,108,+90 días (Crítico),En Mora / Crítico,Cliente Corporativo
FAC-2026-15903,Millicom (Tigo),Telecom,08 - Agosto,2026-08-12,45,2026-09-26,11856.98,0,Al Día,Al Día / OK,Cliente Corporativo
FAC-2026-15904,Millicom (Tigo),Telecom,08 - Agosto,2026-08-28,60,2026-10-27,12405.16,15,1-30 días,Atraso Preventivo,Cliente Corporativo
FAC-2026-15905,Millicom (Tigo),Telecom,08 - Agosto,2026-08-23,45,2026-10-07,4014.15,0,Al Día,Al Día / OK,Cliente Corporativo
FAC-2026-15906,Millicom (Tigo),Telecom,08 - Agosto,2026-08-12,60,2026-10-11,15974.04,9,1-30 días,Atraso Preventivo,Cliente Corporativo
FAC-2026-15907,Millicom (Tigo),Telecom,08 - Agosto,2026-08-29,15,2026-09-13,4683.29,0,Al Día,Al Día / OK,Cliente Corporativo
FAC-2026-15908,Millicom (Tigo),Telecom,08 - Agosto,2026-08-05,30,2026-09-04,16029.02,0,Al Día,Al Día / OK,Cliente Corporativo
FAC-2026-15909,Millicom (Tigo),Telecom,08 - Agosto,2026-08-08,60,2026-10-07,19726.92,70,61-90 días,Riesgo Alto,Cliente Corporativo
FAC-2026-15910,Millicom (Tigo),Telecom,08 - Agosto,2026-08-21,45,2026-10-05,19053.45,0,Al Día,Al Día / OK,Cliente Corporativo
FAC-2026-15911,Millicom (Tigo),Telecom,08 - Agosto,2026-08-22,45,2026-10-06,15395.39,20,1-30 días,Atraso Preventivo,Cliente Corporativo
FAC-2026-15912,Millicom (Tigo),Telecom,08 - Agosto,2026-08-03,45,2026-09-17,25431.26,0,Al Día,Al Día / OK,Cliente Corporativo
FAC-2026-15913,Millicom (Tigo),Telecom,08 - Agosto,2026-08-10,30,2026-09-09,14078.14,0,Al Día,Al Día / OK,Cliente Corporativo
FAC-2026-15914,Millicom (Tigo),Telecom,08 - Agosto,2026-08-14,45,2026-09-28,2894.02,0,Al Día,Al Día / OK,Cliente Corporativo
FAC-2026-15915,Millicom (Tigo),Telecom,08 - Agosto,2026-08-04,15,2026-08-19,32952.84,43,31-60 días,Riesgo Moderado,Cliente Corporativo
FAC-2026-15916,Millicom (Tigo),Telecom,08 - Agosto,2026-08-04,30,2026-09-03,3764.67,81,61-90 días,Riesgo Alto,Cliente Corporativo
FAC-2026-15917,Entel,Telecom,08 - Agosto,2026-08-24,45,2026-10-08,12919.88,0,Al Día,Al Día / OK,Cliente Corporativo
FAC-2026-15918,Entel,Telecom,08 - Agosto,2026-08-24,30,2026-09-23,2477.22,14,1-30 días,Atraso Preventivo,Cliente Corporativo
FAC-2026-15919,Entel,Telecom,08 - Agosto,2026-08-28,45,2026-10-12,17404.08,57,31-60 días,Riesgo Moderado,Cliente Corporativo
FAC-2026-15920,Entel,Telecom,08 - Agosto,2026-08-09,60,2026-10-08,4822.78,62,61-90 días,Riesgo Alto,Cliente Corporativo
FAC-2026-15921,Entel,Telecom,08 - Agosto,2026-08-19,45,2026-10-03,5949.01,96,+90 días (Crítico),En Mora / Crítico,Cliente Corporativo
FAC-2026-15922,Entel,Telecom,08 - Agosto,2026-08-25,30,2026-09-24,24592.43,0,Al Día,Al Día / OK,Cliente Corporativo
FAC-2026-15923,Entel,Telecom,08 - Agosto,2026-08-22,60,2026-10-21,9328.58,0,Al Día,Al Día / OK,Cliente Corporativo
FAC-2026-15924,Entel,Telecom,08 - Agosto,2026-08-17,45,2026-10-01,5521.77,0,Al Día,Al Día / OK,Cliente Corporativo
FAC-2026-15925,Entel,Telecom,08 - Agosto,2026-08-28,60,2026-10-27,20106.02,24,1-30 días,Atraso Preventivo,Cliente Corporativo
FAC-2026-15926,Entel,Telecom,08 - Agosto,2026-08-21,60,2026-10-20,29947.57,0,Al Día,Al Día / OK,Cliente Corporativo
FAC-2026-15927,Entel,Telecom,08 - Agosto,2026-08-03,15,2026-08-18,5728.84,0,Al Día,Al Día / OK,Cliente Corporativo
FAC-2026-15928,Entel,Telecom,08 - Agosto,2026-08-29,15,2026-09-13,17604.28,19,1-30 días,Atraso Preventivo,Cliente Corporativo
FAC-2026-15929,Entel,Telecom,08 - Agosto,2026-08-12,30,2026-09-11,21646.04,0,Al Día,Al Día / OK,Cliente Corporativo
FAC-2026-15930,Entel,Telecom,08 - Agosto,2026-08-21,60,2026-10-20,9341.29,0,Al Día,Al Día / OK,Cliente Corporativo
FAC-2026-15931,Entel,Telecom,08 - Agosto,2026-08-24,15,2026-09-08,59132.97,0,Al Día,Al Día / OK,Cliente Corporativo
FAC-2026-15932,Entel,Telecom,08 - Agosto,2026-08-23,45,2026-10-07,3316.46,0,Al Día,Al Día / OK,Cliente Corporativo
FAC-2026-15933,Entel,Telecom,08 - Agosto,2026-08-29,15,2026-09-13,31105.16,20,1-30 días,Atraso Preventivo,Cliente Corporativo
FAC-2026-15934,Entel,Telecom,08 - Agosto,2026-08-11,15,2026-08-26,35887.69,0,Al Día,Al Día / OK,Cliente Corporativo
FAC-2026-15935,Entel,Telecom,08 - Agosto,2026-08-14,15,2026-08-29,21319.34,16,1-30 días,Atraso Preventivo,Cliente Corporativo
FAC-2026-15936,AT&T,Telecom,08 - Agosto,2026-08-01,45,2026-09-15,6236.88,0,Al Día,Al Día / OK,Cliente Corporativo
FAC-2026-15937,AT&T,Telecom,08 - Agosto,2026-08-19,15,2026-09-03,43277.43,11,1-30 días,Atraso Preventivo,Cliente Corporativo
FAC-2026-15938,AT&T,Telecom,08 - Agosto,2026-08-06,45,2026-09-20,18114.07,36,31-60 días,Riesgo Moderado,Cliente Corporativo
FAC-2026-15939,AT&T,Telecom,08 - Agosto,2026-08-13,45,2026-09-27,4208.85,73,61-90 días,Riesgo Alto,Cliente Corporativo
FAC-2026-15940,AT&T,Telecom,08 - Agosto,2026-08-13,15,2026-08-28,17418.37,130,+90 días (Crítico),En Mora / Crítico,Cliente Corporativo
FAC-2026-15941,AT&T,Telecom,08 - Agosto,2026-08-17,15,2026-09-01,4531.05,29,1-30 días,Atraso Preventivo,Cliente Corporativo
FAC-2026-15942,AT&T,Telecom,08 - Agosto,2026-08-14,45,2026-09-28,8515.12,0,Al Día,Al Día / OK,Cliente Corporativo
FAC-2026-15943,AT&T,Telecom,08 - Agosto,2026-08-25,45,2026-10-09,19377.92,8,1-30 días,Atraso Preventivo,Cliente Corporativo
FAC-2026-15944,AT&T,Telecom,08 - Agosto,2026-08-15,60,2026-10-14,7770.73,0,Al Día,Al Día / OK,Cliente Corporativo
FAC-2026-15945,AT&T,Telecom,08 - Agosto,2026-08-12,30,2026-09-11,24986.7,0,Al Día,Al Día / OK,Cliente Corporativo
FAC-2026-15946,AT&T,Telecom,08 - Agosto,2026-08-11,15,2026-08-26,14299.24,0,Al Día,Al Día / OK,Cliente Corporativo
FAC-2026-15947,AT&T,Telecom,08 - Agosto,2026-08-06,30,2026-09-05,9756.91,30,1-30 días,Atraso Preventivo,Cliente Corporativo
FAC-2026-15948,AT&T,Telecom,08 - Agosto,2026-08-22,30,2026-09-21,1438.5,0,Al Día,Al Día / OK,Cliente Corporativo
FAC-2026-15949,AT&T,Telecom,08 - Agosto,2026-08-05,45,2026-09-19,47009.98,22,1-30 días,Atraso Preventivo,Cliente Corporativo
FAC-2026-15950,AT&T,Telecom,08 - Agosto,2026-08-21,60,2026-10-20,3393.65,20,1-30 días,Atraso Preventivo,Cliente Corporativo
FAC-2026-15951,AT&T,Telecom,08 - Agosto,2026-08-19,60,2026-10-18,9042.19,0,Al Día,Al Día / OK,Cliente Corporativo
FAC-2026-15952,Liberty Latin America,Telecom,08 - Agosto,2026-08-10,30,2026-09-09,1653.72,0,Al Día,Al Día / OK,Cliente Corporativo
FAC-2026-15953,Liberty Latin America,Telecom,08 - Agosto,2026-08-06,60,2026-10-05,4357.72,7,1-30 días,Atraso Preventivo,Cliente Corporativo
FAC-2026-15954,Liberty Latin America,Telecom,08 - Agosto,2026-08-17,60,2026-10-16,2411.55,57,31-60 días,Riesgo Moderado,Cliente Corporativo
FAC-2026-15955,Liberty Latin America,Telecom,08 - Agosto,2026-08-20,60,2026-10-19,7373.2,63,61-90 días,Riesgo Alto,Cliente Corporativo
FAC-2026-15956,Liberty Latin America,Telecom,08 - Agosto,2026-08-11,60,2026-10-10,56159.7,92,+90 días (Crítico),En Mora / Crítico,Cliente Corporativo
FAC-2026-15957,Liberty Latin America,Telecom,08 - Agosto,2026-08-25,60,2026-10-24,27274.82,0,Al Día,Al Día / OK,Cliente Corporativo
FAC-2026-15958,Liberty Latin America,Telecom,08 - Agosto,2026-08-01,30,2026-08-31,4570.92,0,Al Día,Al Día / OK,Cliente Corporativo
FAC-2026-15959,Liberty Latin America,Telecom,08 - Agosto,2026-08-06,15,2026-08-21,18432.16,26,1-30 días,Atraso Preventivo,Cliente Corporativo
FAC-2026-15960,Liberty Latin America,Telecom,08 - Agosto,2026-08-24,60,2026-10-23,10219.12,0,Al Día,Al Día / OK,Cliente Corporativo
FAC-2026-15961,Liberty Latin America,Telecom,08 - Agosto,2026-08-29,15,2026-09-13,9658.56,0,Al Día,Al Día / OK,Cliente Corporativo
FAC-2026-15962,Liberty Latin America,Telecom,08 - Agosto,2026-08-09,15,2026-08-24,4417.61,62,61-90 días,Riesgo Alto,Cliente Corporativo
FAC-2026-15963,Liberty Latin America,Telecom,08 - Agosto,2026-08-20,15,2026-09-04,3102.78,0,Al Día,Al Día / OK,Cliente Corporativo
FAC-2026-15964,Liberty Latin America,Telecom,08 - Agosto,2026-08-16,45,2026-09-30,12450.06,0,Al Día,Al Día / OK,Cliente Corporativo
FAC-2026-15965,Liberty Latin America,Telecom,08 - Agosto,2026-08-18,45,2026-10-02,27256.49,0,Al Día,Al Día / OK,Cliente Corporativo
FAC-2026-15966,Liberty Latin America,Telecom,08 - Agosto,2026-08-25,30,2026-09-24,23965.64,20,1-30 días,Atraso Preventivo,Cliente Corporativo
FAC-2026-15967,Liberty Latin America,Telecom,08 - Agosto,2026-08-11,45,2026-09-25,11702.02,0,Al Día,Al Día / OK,Cliente Corporativo
FAC-2026-15968,Telecom Argentina,Telecom,08 - Agosto,2026-08-21,60,2026-10-20,11064.22,0,Al Día,Al Día / OK,Cliente Corporativo
FAC-2026-15969,Telecom Argentina,Telecom,08 - Agosto,2026-08-06,30,2026-09-05,16153.84,16,1-30 días,Atraso Preventivo,Cliente Corporativo
FAC-2026-15970,Telecom Argentina,Telecom,08 - Agosto,2026-08-23,30,2026-09-22,34283.48,38,31-60 días,Riesgo Moderado,Cliente Corporativo
FAC-2026-15971,Telecom Argentina,Telecom,08 - Agosto,2026-08-28,45,2026-10-12,20927.79,83,61-90 días,Riesgo Alto,Cliente Corporativo
FAC-2026-15972,Telecom Argentina,Telecom,08 - Agosto,2026-08-21,45,2026-10-05,12571.03,140,+90 días (Crítico),En Mora / Crítico,Cliente Corporativo
FAC-2026-15973,Telecom Argentina,Telecom,08 - Agosto,2026-08-20,60,2026-10-19,61471.43,0,Al Día,Al Día / OK,Cliente Corporativo
FAC-2026-15974,Telecom Argentina,Telecom,08 - Agosto,2026-08-19,15,2026-09-03,46737.2,0,Al Día,Al Día / OK,Cliente Corporativo
FAC-2026-15975,Telecom Argentina,Telecom,08 - Agosto,2026-08-09,60,2026-10-08,3839.41,0,Al Día,Al Día / OK,Cliente Corporativo
FAC-2026-15976,Telecom Argentina,Telecom,08 - Agosto,2026-08-09,30,2026-09-08,11517.15,73,61-90 días,Riesgo Alto,Cliente Corporativo
FAC-2026-15977,Telecom Argentina,Telecom,08 - Agosto,2026-08-16,60,2026-10-15,66529.88,45,31-60 días,Riesgo Moderado,Cliente Corporativo
FAC-2026-15978,Telecom Argentina,Telecom,08 - Agosto,2026-08-11,60,2026-10-10,16640.59,24,1-30 días,Atraso Preventivo,Cliente Corporativo
FAC-2026-15979,Telecom Argentina,Telecom,08 - Agosto,2026-08-19,45,2026-10-03,20568.87,149,+90 días (Crítico),En Mora / Crítico,Cliente Corporativo
FAC-2026-15980,Telecom Argentina,Telecom,08 - Agosto,2026-08-28,45,2026-10-12,31133.69,0,Al Día,Al Día / OK,Cliente Corporativo
FAC-2026-15981,Telecom Argentina,Telecom,08 - Agosto,2026-08-05,15,2026-08-20,3365.17,0,Al Día,Al Día / OK,Cliente Corporativo
FAC-2026-15982,Telecom Argentina,Telecom,08 - Agosto,2026-08-12,15,2026-08-27,13979.68,108,+90 días (Crítico),En Mora / Crítico,Cliente Corporativo
FAC-2026-15983,Telecom Argentina,Telecom,08 - Agosto,2026-08-23,30,2026-09-22,40804.88,0,Al Día,Al Día / OK,Cliente Corporativo
FAC-2026-15984,Banco Santander,Banca & Fintech,08 - Agosto,2026-08-18,60,2026-10-17,3469.78,0,Al Día,Al Día / OK,Cliente Corporativo
FAC-2026-15985,Banco Santander,Banca & Fintech,08 - Agosto,2026-08-02,60,2026-10-01,10372.36,12,1-30 días,Atraso Preventivo,Cliente Corporativo
FAC-2026-15986,Banco Santander,Banca & Fintech,08 - Agosto,2026-08-07,45,2026-09-21,22646.97,59,31-60 días,Riesgo Moderado,Cliente Corporativo
FAC-2026-15987,Banco Santander,Banca & Fintech,08 - Agosto,2026-08-07,60,2026-10-06,5367.41,69,61-90 días,Riesgo Alto,Cliente Corporativo
FAC-2026-15988,Banco Santander,Banca & Fintech,08 - Agosto,2026-08-17,45,2026-10-01,13907.2,174,+90 días (Crítico),En Mora / Crítico,Cliente Corporativo
FAC-2026-15989,Banco Santander,Banca & Fintech,08 - Agosto,2026-08-25,15,2026-09-09,13682.37,0,Al Día,Al Día / OK,Cliente Corporativo
FAC-2026-15990,Banco Santander,Banca & Fintech,08 - Agosto,2026-08-15,30,2026-09-14,30670.12,0,Al Día,Al Día / OK,Cliente Corporativo
FAC-2026-15991,Banco Santander,Banca & Fintech,08 - Agosto,2026-08-20,45,2026-10-04,5965.3,162,+90 días (Crítico),En Mora / Crítico,Cliente Corporativo
FAC-2026-15992,Banco Santander,Banca & Fintech,08 - Agosto,2026-08-09,30,2026-09-08,8456.41,0,Al Día,Al Día / OK,Cliente Corporativo
FAC-2026-15993,Banco Santander,Banca & Fintech,08 - Agosto,2026-08-04,45,2026-09-18,31432.29,85,61-90 días,Riesgo Alto,Cliente Corporativo
FAC-2026-15994,Banco Santander,Banca & Fintech,08 - Agosto,2026-08-19,45,2026-10-03,14373.81,31,31-60 días,Riesgo Moderado,Cliente Corporativo
FAC-2026-15995,Banco Santander,Banca & Fintech,08 - Agosto,2026-08-14,45,2026-09-28,5696.92,0,Al Día,Al Día / OK,Cliente Corporativo
FAC-2026-15996,Banco Santander,Banca & Fintech,08 - Agosto,2026-08-31,45,2026-10-15,23645.17,0,Al Día,Al Día / OK,Cliente Corporativo
FAC-2026-15997,Banco Santander,Banca & Fintech,08 - Agosto,2026-08-23,30,2026-09-22,41676.89,0,Al Día,Al Día / OK,Cliente Corporativo
FAC-2026-15998,Banco Santander,Banca & Fintech,08 - Agosto,2026-08-08,60,2026-10-07,60619.96,27,1-30 días,Atraso Preventivo,Cliente Corporativo
FAC-2026-15999,Banco Santander,Banca & Fintech,08 - Agosto,2026-08-02,60,2026-10-01,6911.31,6,1-30 días,Atraso Preventivo,Cliente Corporativo
FAC-2026-16000,Banco Santander,Banca & Fintech,08 - Agosto,2026-08-21,45,2026-10-05,36016.52,26,1-30 días,Atraso Preventivo,Cliente Corporativo
FAC-2026-16001,BBVA,Banca & Fintech,08 - Agosto,2026-08-15,30,2026-09-14,35688.04,0,Al Día,Al Día / OK,Cliente Corporativo
FAC-2026-16002,BBVA,Banca & Fintech,08 - Agosto,2026-08-25,30,2026-09-24,2990.26,7,1-30 días,Atraso Preventivo,Cliente Corporativo
FAC-2026-16003,BBVA,Banca & Fintech,08 - Agosto,2026-08-22,45,2026-10-06,83826.22,31,31-60 días,Riesgo Moderado,Cliente Corporativo
FAC-2026-16004,BBVA,Banca & Fintech,08 - Agosto,2026-08-04,30,2026-09-03,51865.84,62,61-90 días,Riesgo Alto,Cliente Corporativo
FAC-2026-16005,BBVA,Banca & Fintech,08 - Agosto,2026-08-11,60,2026-10-10,25740.85,166,+90 días (Crítico),En Mora / Crítico,Cliente Corporativo
FAC-2026-16006,BBVA,Banca & Fintech,08 - Agosto,2026-08-19,45,2026-10-03,3890.58,24,1-30 días,Atraso Preventivo,Cliente Corporativo
FAC-2026-16007,BBVA,Banca & Fintech,08 - Agosto,2026-08-27,45,2026-10-11,20213.22,17,1-30 días,Atraso Preventivo,Cliente Corporativo
FAC-2026-16008,BBVA,Banca & Fintech,08 - Agosto,2026-08-07,45,2026-09-21,8400.4,0,Al Día,Al Día / OK,Cliente Corporativo
FAC-2026-16009,BBVA,Banca & Fintech,08 - Agosto,2026-08-28,30,2026-09-27,7060.51,26,1-30 días,Atraso Preventivo,Cliente Corporativo
FAC-2026-16010,BBVA,Banca & Fintech,08 - Agosto,2026-08-25,15,2026-09-09,3815.22,17,1-30 días,Atraso Preventivo,Cliente Corporativo
FAC-2026-16011,BBVA,Banca & Fintech,08 - Agosto,2026-08-09,30,2026-09-08,22894.63,0,Al Día,Al Día / OK,Cliente Corporativo
FAC-2026-16012,BBVA,Banca & Fintech,08 - Agosto,2026-08-23,60,2026-10-22,12977.26,52,31-60 días,Riesgo Moderado,Cliente Corporativo
FAC-2026-16013,BBVA,Banca & Fintech,08 - Agosto,2026-08-24,60,2026-10-23,9083.68,0,Al Día,Al Día / OK,Cliente Corporativo
FAC-2026-16014,BBVA,Banca & Fintech,08 - Agosto,2026-08-11,60,2026-10-10,95282.31,0,Al Día,Al Día / OK,Cliente Corporativo
FAC-2026-16015,BBVA,Banca & Fintech,08 - Agosto,2026-08-15,60,2026-10-14,25304.17,19,1-30 días,Atraso Preventivo,Cliente Corporativo
FAC-2026-16016,BBVA,Banca & Fintech,08 - Agosto,2026-08-12,60,2026-10-11,1409.22,0,Al Día,Al Día / OK,Cliente Corporativo
FAC-2026-16017,BBVA,Banca & Fintech,08 - Agosto,2026-08-03,60,2026-10-02,8518.51,0,Al Día,Al Día / OK,Cliente Corporativo
FAC-2026-16018,BBVA,Banca & Fintech,08 - Agosto,2026-08-23,30,2026-09-22,19724.95,0,Al Día,Al Día / OK,Cliente Corporativo
FAC-2026-16019,BBVA,Banca & Fintech,08 - Agosto,2026-08-15,60,2026-10-14,1362.79,21,1-30 días,Atraso Preventivo,Cliente Corporativo
FAC-2026-16020,BBVA,Banca & Fintech,08 - Agosto,2026-08-23,45,2026-10-07,47334.22,15,1-30 días,Atraso Preventivo,Cliente Corporativo
FAC-2026-16021,Banco de Chile,Banca & Fintech,08 - Agosto,2026-08-02,45,2026-09-16,16344.21,0,Al Día,Al Día / OK,Cliente Corporativo
FAC-2026-16022,Banco de Chile,Banca & Fintech,08 - Agosto,2026-08-18,15,2026-09-02,22626.29,25,1-30 días,Atraso Preventivo,Cliente Corporativo
FAC-2026-16023,Banco de Chile,Banca & Fintech,08 - Agosto,2026-08-04,45,2026-09-18,9074.35,53,31-60 días,Riesgo Moderado,Cliente Corporativo
FAC-2026-16024,Banco de Chile,Banca & Fintech,08 - Agosto,2026-08-02,45,2026-09-16,17151.87,64,61-90 días,Riesgo Alto,Cliente Corporativo
FAC-2026-16025,Banco de Chile,Banca & Fintech,08 - Agosto,2026-08-30,45,2026-10-14,12147.57,161,+90 días (Crítico),En Mora / Crítico,Cliente Corporativo
FAC-2026-16026,Banco de Chile,Banca & Fintech,08 - Agosto,2026-08-03,15,2026-08-18,5491.6,0,Al Día,Al Día / OK,Cliente Corporativo
FAC-2026-16027,Banco de Chile,Banca & Fintech,08 - Agosto,2026-08-06,30,2026-09-05,35181.98,27,1-30 días,Atraso Preventivo,Cliente Corporativo
FAC-2026-16028,Banco de Chile,Banca & Fintech,08 - Agosto,2026-08-06,45,2026-09-20,8244.71,0,Al Día,Al Día / OK,Cliente Corporativo
FAC-2026-16029,Banco de Chile,Banca & Fintech,08 - Agosto,2026-08-19,15,2026-09-03,13009.9,8,1-30 días,Atraso Preventivo,Cliente Corporativo
FAC-2026-16030,Banco de Chile,Banca & Fintech,08 - Agosto,2026-08-14,45,2026-09-28,1722.11,38,31-60 días,Riesgo Moderado,Cliente Corporativo
FAC-2026-16031,Banco de Chile,Banca & Fintech,08 - Agosto,2026-08-14,60,2026-10-13,26135.05,0,Al Día,Al Día / OK,Cliente Corporativo
FAC-2026-16032,Banco de Chile,Banca & Fintech,08 - Agosto,2026-08-04,60,2026-10-03,9460.44,0,Al Día,Al Día / OK,Cliente Corporativo
FAC-2026-16033,Banco de Chile,Banca & Fintech,08 - Agosto,2026-08-18,45,2026-10-02,23533.16,52,31-60 días,Riesgo Moderado,Cliente Corporativo
FAC-2026-16034,Banco de Chile,Banca & Fintech,08 - Agosto,2026-08-03,15,2026-08-18,11435.23,0,Al Día,Al Día / OK,Cliente Corporativo
FAC-2026-16035,Banco de Chile,Banca & Fintech,08 - Agosto,2026-08-19,60,2026-10-18,10533.15,0,Al Día,Al Día / OK,Cliente Corporativo
FAC-2026-16036,Banco de Chile,Banca & Fintech,08 - Agosto,2026-08-19,60,2026-10-18,34517.72,0,Al Día,Al Día / OK,Cliente Corporativo
FAC-2026-16037,Bancolombia,Banca & Fintech,08 - Agosto,2026-08-26,60,2026-10-25,2086.35,0,Al Día,Al Día / OK,Cliente Corporativo
FAC-2026-16038,Bancolombia,Banca & Fintech,08 - Agosto,2026-08-25,45,2026-10-09,13928.2,5,1-30 días,Atraso Preventivo,Cliente Corporativo
FAC-2026-16039,Bancolombia,Banca & Fintech,08 - Agosto,2026-08-16,30,2026-09-15,4359.08,47,31-60 días,Riesgo Moderado,Cliente Corporativo
FAC-2026-16040,Bancolombia,Banca & Fintech,08 - Agosto,2026-08-18,45,2026-10-02,8352.9,74,61-90 días,Riesgo Alto,Cliente Corporativo
FAC-2026-16041,Bancolombia,Banca & Fintech,08 - Agosto,2026-08-02,60,2026-10-01,18795.6,166,+90 días (Crítico),En Mora / Crítico,Cliente Corporativo
FAC-2026-16042,Bancolombia,Banca & Fintech,08 - Agosto,2026-08-17,45,2026-10-01,62071.51,0,Al Día,Al Día / OK,Cliente Corporativo
FAC-2026-16043,Bancolombia,Banca & Fintech,08 - Agosto,2026-08-22,45,2026-10-06,25373.46,17,1-30 días,Atraso Preventivo,Cliente Corporativo
FAC-2026-16044,Bancolombia,Banca & Fintech,08 - Agosto,2026-08-01,30,2026-08-31,2928.31,53,31-60 días,Riesgo Moderado,Cliente Corporativo
FAC-2026-16045,Bancolombia,Banca & Fintech,08 - Agosto,2026-08-29,45,2026-10-13,24395.67,0,Al Día,Al Día / OK,Cliente Corporativo
FAC-2026-16046,Bancolombia,Banca & Fintech,08 - Agosto,2026-08-29,45,2026-10-13,9148.48,0,Al Día,Al Día / OK,Cliente Corporativo
FAC-2026-16047,Bancolombia,Banca & Fintech,08 - Agosto,2026-08-24,45,2026-10-08,6528.73,24,1-30 días,Atraso Preventivo,Cliente Corporativo
FAC-2026-16048,Bancolombia,Banca & Fintech,08 - Agosto,2026-08-22,30,2026-09-21,1236.24,17,1-30 días,Atraso Preventivo,Cliente Corporativo
FAC-2026-16049,Bancolombia,Banca & Fintech,08 - Agosto,2026-08-07,60,2026-10-06,25839.89,0,Al Día,Al Día / OK,Cliente Corporativo
FAC-2026-16050,Bancolombia,Banca & Fintech,08 - Agosto,2026-08-26,30,2026-09-25,15012.36,25,1-30 días,Atraso Preventivo,Cliente Corporativo
FAC-2026-16051,Bancolombia,Banca & Fintech,08 - Agosto,2026-08-03,45,2026-09-17,41181.21,29,1-30 días,Atraso Preventivo,Cliente Corporativo
FAC-2026-16052,Bancolombia,Banca & Fintech,08 - Agosto,2026-08-31,30,2026-09-30,22853.2,49,31-60 días,Riesgo Moderado,Cliente Corporativo
FAC-2026-16053,Bancolombia,Banca & Fintech,08 - Agosto,2026-08-27,15,2026-09-11,23686.59,47,31-60 días,Riesgo Moderado,Cliente Corporativo
FAC-2026-16054,Bancolombia,Banca & Fintech,08 - Agosto,2026-08-05,45,2026-09-19,6409.82,0,Al Día,Al Día / OK,Cliente Corporativo
FAC-2026-16055,Itaú Unibanco,Banca & Fintech,08 - Agosto,2026-08-07,15,2026-08-22,43172.32,0,Al Día,Al Día / OK,Cliente Corporativo
FAC-2026-16056,Itaú Unibanco,Banca & Fintech,08 - Agosto,2026-08-30,60,2026-10-29,23598.56,11,1-30 días,Atraso Preventivo,Cliente Corporativo
FAC-2026-16057,Itaú Unibanco,Banca & Fintech,08 - Agosto,2026-08-19,45,2026-10-03,6931.12,32,31-60 días,Riesgo Moderado,Cliente Corporativo
FAC-2026-16058,Itaú Unibanco,Banca & Fintech,08 - Agosto,2026-08-29,15,2026-09-13,23722.38,79,61-90 días,Riesgo Alto,Cliente Corporativo
FAC-2026-16059,Itaú Unibanco,Banca & Fintech,08 - Agosto,2026-08-30,30,2026-09-29,33184.17,152,+90 días (Crítico),En Mora / Crítico,Cliente Corporativo
FAC-2026-16060,Itaú Unibanco,Banca & Fintech,08 - Agosto,2026-08-18,60,2026-10-17,40773.9,8,1-30 días,Atraso Preventivo,Cliente Corporativo
FAC-2026-16061,Itaú Unibanco,Banca & Fintech,08 - Agosto,2026-08-27,30,2026-09-26,45873.59,0,Al Día,Al Día / OK,Cliente Corporativo
FAC-2026-16062,Itaú Unibanco,Banca & Fintech,08 - Agosto,2026-08-09,30,2026-09-08,8378.01,0,Al Día,Al Día / OK,Cliente Corporativo
FAC-2026-16063,Itaú Unibanco,Banca & Fintech,08 - Agosto,2026-08-20,15,2026-09-04,16053.34,175,+90 días (Crítico),En Mora / Crítico,Cliente Corporativo
FAC-2026-16064,Itaú Unibanco,Banca & Fintech,08 - Agosto,2026-08-31,45,2026-10-15,21805.61,0,Al Día,Al Día / OK,Cliente Corporativo
FAC-2026-16065,Itaú Unibanco,Banca & Fintech,08 - Agosto,2026-08-03,15,2026-08-18,2286.92,0,Al Día,Al Día / OK,Cliente Corporativo
FAC-2026-16066,Itaú Unibanco,Banca & Fintech,08 - Agosto,2026-08-18,45,2026-10-02,27797.03,8,1-30 días,Atraso Preventivo,Cliente Corporativo
FAC-2026-16067,Itaú Unibanco,Banca & Fintech,08 - Agosto,2026-08-06,60,2026-10-05,6990.41,0,Al Día,Al Día / OK,Cliente Corporativo
FAC-2026-16068,Itaú Unibanco,Banca & Fintech,08 - Agosto,2026-08-19,15,2026-09-03,25327.31,28,1-30 días,Atraso Preventivo,Cliente Corporativo
FAC-2026-16069,Nubank,Banca & Fintech,08 - Agosto,2026-08-13,15,2026-08-28,7560.51,0,Al Día,Al Día / OK,Cliente Corporativo
FAC-2026-16070,Nubank,Banca & Fintech,08 - Agosto,2026-08-03,15,2026-08-18,26296.74,26,1-30 días,Atraso Preventivo,Cliente Corporativo
FAC-2026-16071,Nubank,Banca & Fintech,08 - Agosto,2026-08-25,30,2026-09-24,2199.11,51,31-60 días,Riesgo Moderado,Cliente Corporativo
FAC-2026-16072,Nubank,Banca & Fintech,08 - Agosto,2026-08-17,45,2026-10-01,15955.19,61,61-90 días,Riesgo Alto,Cliente Corporativo
FAC-2026-16073,Nubank,Banca & Fintech,08 - Agosto,2026-08-30,60,2026-10-29,50286.76,127,+90 días (Crítico),En Mora / Crítico,Cliente Corporativo
FAC-2026-16074,Nubank,Banca & Fintech,08 - Agosto,2026-08-14,15,2026-08-29,11999.52,28,1-30 días,Atraso Preventivo,Cliente Corporativo
FAC-2026-16075,Nubank,Banca & Fintech,08 - Agosto,2026-08-21,45,2026-10-05,32345.43,0,Al Día,Al Día / OK,Cliente Corporativo
FAC-2026-16076,Nubank,Banca & Fintech,08 - Agosto,2026-08-21,45,2026-10-05,1726.91,0,Al Día,Al Día / OK,Cliente Corporativo
FAC-2026-16077,Nubank,Banca & Fintech,08 - Agosto,2026-08-27,30,2026-09-26,31900.97,0,Al Día,Al Día / OK,Cliente Corporativo
FAC-2026-16078,Nubank,Banca & Fintech,08 - Agosto,2026-08-08,15,2026-08-23,4161.17,0,Al Día,Al Día / OK,Cliente Corporativo
FAC-2026-16079,Nubank,Banca & Fintech,08 - Agosto,2026-08-04,30,2026-09-03,25199.11,54,31-60 días,Riesgo Moderado,Cliente Corporativo
FAC-2026-16080,Nubank,Banca & Fintech,08 - Agosto,2026-08-21,30,2026-09-20,16846.1,0,Al Día,Al Día / OK,Cliente Corporativo
FAC-2026-16081,Nubank,Banca & Fintech,08 - Agosto,2026-08-25,30,2026-09-24,6504.87,32,31-60 días,Riesgo Moderado,Cliente Corporativo
FAC-2026-16082,Nubank,Banca & Fintech,08 - Agosto,2026-08-10,60,2026-10-09,11232.5,15,1-30 días,Atraso Preventivo,Cliente Corporativo
FAC-2026-16083,Nubank,Banca & Fintech,08 - Agosto,2026-08-15,30,2026-09-14,31890.96,0,Al Día,Al Día / OK,Cliente Corporativo
FAC-2026-16084,Banco Galicia,Banca & Fintech,08 - Agosto,2026-08-07,45,2026-09-21,6238.78,0,Al Día,Al Día / OK,Cliente Corporativo
FAC-2026-16085,Banco Galicia,Banca & Fintech,08 - Agosto,2026-08-22,45,2026-10-06,2119.21,9,1-30 días,Atraso Preventivo,Cliente Corporativo
FAC-2026-16086,Banco Galicia,Banca & Fintech,08 - Agosto,2026-08-12,15,2026-08-27,6150.75,35,31-60 días,Riesgo Moderado,Cliente Corporativo
FAC-2026-16087,Banco Galicia,Banca & Fintech,08 - Agosto,2026-08-04,30,2026-09-03,10345.41,71,61-90 días,Riesgo Alto,Cliente Corporativo
FAC-2026-16088,Banco Galicia,Banca & Fintech,08 - Agosto,2026-08-04,45,2026-09-18,3654.39,152,+90 días (Crítico),En Mora / Crítico,Cliente Corporativo
FAC-2026-16089,Banco Galicia,Banca & Fintech,08 - Agosto,2026-08-09,30,2026-09-08,63554.21,0,Al Día,Al Día / OK,Cliente Corporativo
FAC-2026-16090,Banco Galicia,Banca & Fintech,08 - Agosto,2026-08-01,60,2026-09-30,4654.81,0,Al Día,Al Día / OK,Cliente Corporativo
FAC-2026-16091,Banco Galicia,Banca & Fintech,08 - Agosto,2026-08-23,15,2026-09-07,9535.59,0,Al Día,Al Día / OK,Cliente Corporativo
FAC-2026-16092,Banco Galicia,Banca & Fintech,08 - Agosto,2026-08-17,45,2026-10-01,14386.27,0,Al Día,Al Día / OK,Cliente Corporativo
FAC-2026-16093,Banco Galicia,Banca & Fintech,08 - Agosto,2026-08-28,15,2026-09-12,8465.29,29,1-30 días,Atraso Preventivo,Cliente Corporativo
FAC-2026-16094,Banco Galicia,Banca & Fintech,08 - Agosto,2026-08-22,15,2026-09-06,24580.56,0,Al Día,Al Día / OK,Cliente Corporativo
FAC-2026-16095,Banco Galicia,Banca & Fintech,08 - Agosto,2026-08-16,45,2026-09-30,6258.88,0,Al Día,Al Día / OK,Cliente Corporativo
FAC-2026-16096,Banco Galicia,Banca & Fintech,08 - Agosto,2026-08-11,60,2026-10-10,4949.86,0,Al Día,Al Día / OK,Cliente Corporativo
FAC-2026-16097,Banco Galicia,Banca & Fintech,08 - Agosto,2026-08-27,15,2026-09-11,27047.87,0,Al Día,Al Día / OK,Cliente Corporativo
FAC-2026-16098,Banco Galicia,Banca & Fintech,08 - Agosto,2026-08-13,60,2026-10-12,22031.99,50,31-60 días,Riesgo Moderado,Cliente Corporativo
FAC-2026-16099,Banco Galicia,Banca & Fintech,08 - Agosto,2026-08-08,60,2026-10-07,3893.07,0,Al Día,Al Día / OK,Cliente Corporativo
FAC-2026-16100,Banorte,Banca & Fintech,08 - Agosto,2026-08-15,60,2026-10-14,9274.99,0,Al Día,Al Día / OK,Cliente Corporativo
FAC-2026-16101,Banorte,Banca & Fintech,08 - Agosto,2026-08-11,30,2026-09-10,21732.5,9,1-30 días,Atraso Preventivo,Cliente Corporativo
FAC-2026-16102,Banorte,Banca & Fintech,08 - Agosto,2026-08-04,30,2026-09-03,10463.72,37,31-60 días,Riesgo Moderado,Cliente Corporativo
FAC-2026-16103,Banorte,Banca & Fintech,08 - Agosto,2026-08-20,15,2026-09-04,9764.96,72,61-90 días,Riesgo Alto,Cliente Corporativo
FAC-2026-16104,Banorte,Banca & Fintech,08 - Agosto,2026-08-02,30,2026-09-01,7217.75,138,+90 días (Crítico),En Mora / Crítico,Cliente Corporativo
FAC-2026-16105,Banorte,Banca & Fintech,08 - Agosto,2026-08-31,60,2026-10-30,4746.53,21,1-30 días,Atraso Preventivo,Cliente Corporativo
FAC-2026-16106,Banorte,Banca & Fintech,08 - Agosto,2026-08-08,30,2026-09-07,4993.82,0,Al Día,Al Día / OK,Cliente Corporativo
FAC-2026-16107,Banorte,Banca & Fintech,08 - Agosto,2026-08-06,60,2026-10-05,7878.45,0,Al Día,Al Día / OK,Cliente Corporativo
FAC-2026-16108,Banorte,Banca & Fintech,08 - Agosto,2026-08-09,45,2026-09-23,7556.74,22,1-30 días,Atraso Preventivo,Cliente Corporativo
FAC-2026-16109,Banorte,Banca & Fintech,08 - Agosto,2026-08-18,45,2026-10-02,10652.38,0,Al Día,Al Día / OK,Cliente Corporativo
FAC-2026-16110,Banorte,Banca & Fintech,08 - Agosto,2026-08-14,15,2026-08-29,33820.91,0,Al Día,Al Día / OK,Cliente Corporativo
FAC-2026-16111,Banorte,Banca & Fintech,08 - Agosto,2026-08-24,30,2026-09-23,25057.63,0,Al Día,Al Día / OK,Cliente Corporativo
FAC-2026-16112,Banorte,Banca & Fintech,08 - Agosto,2026-08-25,30,2026-09-24,7777.8,0,Al Día,Al Día / OK,Cliente Corporativo
FAC-2026-16113,Banorte,Banca & Fintech,08 - Agosto,2026-08-15,30,2026-09-14,15263.64,0,Al Día,Al Día / OK,Cliente Corporativo
FAC-2026-16114,Cemex,Industrial,08 - Agosto,2026-08-01,30,2026-08-31,19106.28,0,Al Día,Al Día / OK,Cliente Corporativo
FAC-2026-16115,Cemex,Industrial,08 - Agosto,2026-08-28,30,2026-09-27,24421.69,7,1-30 días,Atraso Preventivo,Cliente Corporativo
FAC-2026-16116,Cemex,Industrial,08 - Agosto,2026-08-30,45,2026-10-14,8546.54,44,31-60 días,Riesgo Moderado,Cliente Corporativo
FAC-2026-16117,Cemex,Industrial,08 - Agosto,2026-08-29,30,2026-09-28,12408.52,75,61-90 días,Riesgo Alto,Cliente Corporativo
FAC-2026-16118,Cemex,Industrial,08 - Agosto,2026-08-01,15,2026-08-16,10743.89,116,+90 días (Crítico),En Mora / Crítico,Cliente Corporativo
FAC-2026-16119,Cemex,Industrial,08 - Agosto,2026-08-31,60,2026-10-30,6372.73,36,31-60 días,Riesgo Moderado,Cliente Corporativo
FAC-2026-16120,Cemex,Industrial,08 - Agosto,2026-08-26,30,2026-09-25,25257.7,26,1-30 días,Atraso Preventivo,Cliente Corporativo
FAC-2026-16121,Cemex,Industrial,08 - Agosto,2026-08-06,15,2026-08-21,16220.22,0,Al Día,Al Día / OK,Cliente Corporativo
FAC-2026-16122,Cemex,Industrial,08 - Agosto,2026-08-26,15,2026-09-10,2829.9,0,Al Día,Al Día / OK,Cliente Corporativo
FAC-2026-16123,Cemex,Industrial,08 - Agosto,2026-08-19,45,2026-10-03,21855.42,53,31-60 días,Riesgo Moderado,Cliente Corporativo
FAC-2026-16124,Cemex,Industrial,08 - Agosto,2026-08-14,30,2026-09-13,9057.91,0,Al Día,Al Día / OK,Cliente Corporativo
FAC-2026-16125,Cemex,Industrial,08 - Agosto,2026-08-10,15,2026-08-25,1723.16,0,Al Día,Al Día / OK,Cliente Corporativo
FAC-2026-16126,Cemex,Industrial,08 - Agosto,2026-08-09,15,2026-08-24,47080.69,0,Al Día,Al Día / OK,Cliente Corporativo
FAC-2026-16127,Cemex,Industrial,08 - Agosto,2026-08-16,60,2026-10-15,27752.83,15,1-30 días,Atraso Preventivo,Cliente Corporativo
FAC-2026-16128,Cemex,Industrial,08 - Agosto,2026-08-15,30,2026-09-14,1819.32,23,1-30 días,Atraso Preventivo,Cliente Corporativo
FAC-2026-16129,Cemex,Industrial,08 - Agosto,2026-08-02,45,2026-09-16,12171.27,29,1-30 días,Atraso Preventivo,Cliente Corporativo
FAC-2026-16130,Cemex,Industrial,08 - Agosto,2026-08-17,60,2026-10-16,47644.26,0,Al Día,Al Día / OK,Cliente Corporativo
FAC-2026-16131,Cemex,Industrial,08 - Agosto,2026-08-09,60,2026-10-08,16858.62,15,1-30 días,Atraso Preventivo,Cliente Corporativo
FAC-2026-16132,Cemex,Industrial,08 - Agosto,2026-08-23,30,2026-09-22,4953.23,162,+90 días (Crítico),En Mora / Crítico,Cliente Corporativo
FAC-2026-16133,Grupo Bimbo,Industrial,08 - Agosto,2026-08-29,45,2026-10-13,12103.18,0,Al Día,Al Día / OK,Cliente Corporativo
FAC-2026-16134,Grupo Bimbo,Industrial,08 - Agosto,2026-08-02,60,2026-10-01,10474.12,5,1-30 días,Atraso Preventivo,Cliente Corporativo
FAC-2026-16135,Grupo Bimbo,Industrial,08 - Agosto,2026-08-24,30,2026-09-23,35630.24,48,31-60 días,Riesgo Moderado,Cliente Corporativo
FAC-2026-16136,Grupo Bimbo,Industrial,08 - Agosto,2026-08-05,45,2026-09-19,3932.65,84,61-90 días,Riesgo Alto,Cliente Corporativo
FAC-2026-16137,Grupo Bimbo,Industrial,08 - Agosto,2026-08-31,15,2026-09-15,4486.97,169,+90 días (Crítico),En Mora / Crítico,Cliente Corporativo
FAC-2026-16138,Grupo Bimbo,Industrial,08 - Agosto,2026-08-14,45,2026-09-28,13024.79,42,31-60 días,Riesgo Moderado,Cliente Corporativo
FAC-2026-16139,Grupo Bimbo,Industrial,08 - Agosto,2026-08-03,60,2026-10-02,22002.5,0,Al Día,Al Día / OK,Cliente Corporativo
FAC-2026-16140,Grupo Bimbo,Industrial,08 - Agosto,2026-08-27,45,2026-10-11,39541.12,0,Al Día,Al Día / OK,Cliente Corporativo
FAC-2026-16141,Grupo Bimbo,Industrial,08 - Agosto,2026-08-08,60,2026-10-07,1211.01,10,1-30 días,Atraso Preventivo,Cliente Corporativo
FAC-2026-16142,Grupo Bimbo,Industrial,08 - Agosto,2026-08-28,45,2026-10-12,8172.1,53,31-60 días,Riesgo Moderado,Cliente Corporativo
FAC-2026-16143,Grupo Bimbo,Industrial,08 - Agosto,2026-08-05,60,2026-10-04,20620.17,0,Al Día,Al Día / OK,Cliente Corporativo
FAC-2026-16144,Grupo Bimbo,Industrial,08 - Agosto,2026-08-15,30,2026-09-14,3041.06,97,+90 días (Crítico),En Mora / Crítico,Cliente Corporativo
FAC-2026-16145,Grupo Bimbo,Industrial,08 - Agosto,2026-08-17,60,2026-10-16,42338.34,0,Al Día,Al Día / OK,Cliente Corporativo
FAC-2026-16146,Grupo Bimbo,Industrial,08 - Agosto,2026-08-02,60,2026-10-01,37270.11,53,31-60 días,Riesgo Moderado,Cliente Corporativo
FAC-2026-16147,Grupo Bimbo,Industrial,08 - Agosto,2026-08-31,60,2026-10-30,30429.72,12,1-30 días,Atraso Preventivo,Cliente Corporativo
FAC-2026-16148,Grupo Bimbo,Industrial,08 - Agosto,2026-08-24,15,2026-09-08,2409.57,0,Al Día,Al Día / OK,Cliente Corporativo
FAC-2026-16149,Grupo Bimbo,Industrial,08 - Agosto,2026-08-17,45,2026-10-01,24515.19,12,1-30 días,Atraso Preventivo,Cliente Corporativo
FAC-2026-16150,Ternium,Industrial,08 - Agosto,2026-08-13,15,2026-08-28,3827.12,0,Al Día,Al Día / OK,Cliente Corporativo
FAC-2026-16151,Ternium,Industrial,08 - Agosto,2026-08-16,45,2026-09-30,4568.46,9,1-30 días,Atraso Preventivo,Cliente Corporativo
FAC-2026-16152,Ternium,Industrial,08 - Agosto,2026-08-17,30,2026-09-16,2789.34,34,31-60 días,Riesgo Moderado,Cliente Corporativo
FAC-2026-16153,Ternium,Industrial,08 - Agosto,2026-08-05,30,2026-09-04,2561.08,74,61-90 días,Riesgo Alto,Cliente Corporativo
FAC-2026-16154,Ternium,Industrial,08 - Agosto,2026-08-27,60,2026-10-26,10201.87,119,+90 días (Crítico),En Mora / Crítico,Cliente Corporativo
FAC-2026-16155,Ternium,Industrial,08 - Agosto,2026-08-27,60,2026-10-26,17050.98,8,1-30 días,Atraso Preventivo,Cliente Corporativo
FAC-2026-16156,Ternium,Industrial,08 - Agosto,2026-08-12,60,2026-10-11,21549.93,0,Al Día,Al Día / OK,Cliente Corporativo
FAC-2026-16157,Ternium,Industrial,08 - Agosto,2026-08-29,60,2026-10-28,6696.96,7,1-30 días,Atraso Preventivo,Cliente Corporativo
FAC-2026-16158,Ternium,Industrial,08 - Agosto,2026-08-30,30,2026-09-29,48296.7,76,61-90 días,Riesgo Alto,Cliente Corporativo
FAC-2026-16159,Ternium,Industrial,08 - Agosto,2026-08-06,45,2026-09-20,10414.52,0,Al Día,Al Día / OK,Cliente Corporativo
FAC-2026-16160,Ternium,Industrial,08 - Agosto,2026-08-04,15,2026-08-19,5776.33,16,1-30 días,Atraso Preventivo,Cliente Corporativo
FAC-2026-16161,Ternium,Industrial,08 - Agosto,2026-08-24,30,2026-09-23,4777.25,23,1-30 días,Atraso Preventivo,Cliente Corporativo
FAC-2026-16162,Ternium,Industrial,08 - Agosto,2026-08-12,45,2026-09-26,5259.3,21,1-30 días,Atraso Preventivo,Cliente Corporativo
FAC-2026-16163,Ternium,Industrial,08 - Agosto,2026-08-13,15,2026-08-28,8077.4,0,Al Día,Al Día / OK,Cliente Corporativo
FAC-2026-16164,Arcor,Industrial,08 - Agosto,2026-08-23,15,2026-09-07,1570.13,0,Al Día,Al Día / OK,Cliente Corporativo
FAC-2026-16165,Arcor,Industrial,08 - Agosto,2026-08-27,30,2026-09-26,64588.96,22,1-30 días,Atraso Preventivo,Cliente Corporativo
FAC-2026-16166,Arcor,Industrial,08 - Agosto,2026-08-29,60,2026-10-28,19416.77,31,31-60 días,Riesgo Moderado,Cliente Corporativo
FAC-2026-16167,Arcor,Industrial,08 - Agosto,2026-08-17,45,2026-10-01,5580.79,70,61-90 días,Riesgo Alto,Cliente Corporativo
FAC-2026-16168,Arcor,Industrial,08 - Agosto,2026-08-28,60,2026-10-27,31142.88,144,+90 días (Crítico),En Mora / Crítico,Cliente Corporativo
FAC-2026-16169,Arcor,Industrial,08 - Agosto,2026-08-21,60,2026-10-20,64116.23,0,Al Día,Al Día / OK,Cliente Corporativo
FAC-2026-16170,Arcor,Industrial,08 - Agosto,2026-08-30,45,2026-10-14,6932.09,0,Al Día,Al Día / OK,Cliente Corporativo
FAC-2026-16171,Arcor,Industrial,08 - Agosto,2026-08-04,45,2026-09-18,23021.79,0,Al Día,Al Día / OK,Cliente Corporativo
FAC-2026-16172,Arcor,Industrial,08 - Agosto,2026-08-08,45,2026-09-22,44395.77,0,Al Día,Al Día / OK,Cliente Corporativo
FAC-2026-16173,Arcor,Industrial,08 - Agosto,2026-08-27,30,2026-09-26,57205.48,0,Al Día,Al Día / OK,Cliente Corporativo
FAC-2026-16174,Arcor,Industrial,08 - Agosto,2026-08-17,15,2026-09-01,13908.42,18,1-30 días,Atraso Preventivo,Cliente Corporativo
FAC-2026-16175,Arcor,Industrial,08 - Agosto,2026-08-19,30,2026-09-18,10239.02,0,Al Día,Al Día / OK,Cliente Corporativo
FAC-2026-16176,Arcor,Industrial,08 - Agosto,2026-08-29,15,2026-09-13,23178.74,0,Al Día,Al Día / OK,Cliente Corporativo
FAC-2026-16177,Arcor,Industrial,08 - Agosto,2026-08-14,60,2026-10-13,4542.37,0,Al Día,Al Día / OK,Cliente Corporativo
FAC-2026-16178,Arcor,Industrial,08 - Agosto,2026-08-11,45,2026-09-25,5727.45,55,31-60 días,Riesgo Moderado,Cliente Corporativo
FAC-2026-16179,Arcor,Industrial,08 - Agosto,2026-08-21,15,2026-09-05,20690.09,0,Al Día,Al Día / OK,Cliente Corporativo
FAC-2026-16180,Arcor,Industrial,08 - Agosto,2026-08-12,45,2026-09-26,20408.81,0,Al Día,Al Día / OK,Cliente Corporativo
FAC-2026-16181,Arcor,Industrial,08 - Agosto,2026-08-20,30,2026-09-19,17561.51,0,Al Día,Al Día / OK,Cliente Corporativo
FAC-2026-16182,Arcor,Industrial,08 - Agosto,2026-08-28,60,2026-10-27,7288.93,0,Al Día,Al Día / OK,Cliente Corporativo
FAC-2026-16183,Alpek,Industrial,08 - Agosto,2026-08-02,15,2026-08-17,1969.41,0,Al Día,Al Día / OK,Cliente Corporativo
FAC-2026-16184,Alpek,Industrial,08 - Agosto,2026-08-12,45,2026-09-26,86864.1,8,1-30 días,Atraso Preventivo,Cliente Corporativo
FAC-2026-16185,Alpek,Industrial,08 - Agosto,2026-08-07,15,2026-08-22,13902.72,41,31-60 días,Riesgo Moderado,Cliente Corporativo
FAC-2026-16186,Alpek,Industrial,08 - Agosto,2026-08-19,45,2026-10-03,7609.3,62,61-90 días,Riesgo Alto,Cliente Corporativo
FAC-2026-16187,Alpek,Industrial,08 - Agosto,2026-08-26,15,2026-09-10,4676.19,132,+90 días (Crítico),En Mora / Crítico,Cliente Corporativo
FAC-2026-16188,Alpek,Industrial,08 - Agosto,2026-08-24,30,2026-09-23,29184.79,0,Al Día,Al Día / OK,Cliente Corporativo
FAC-2026-16189,Alpek,Industrial,08 - Agosto,2026-08-14,30,2026-09-13,32964.2,22,1-30 días,Atraso Preventivo,Cliente Corporativo
FAC-2026-16190,Alpek,Industrial,08 - Agosto,2026-08-05,15,2026-08-20,10030.81,86,61-90 días,Riesgo Alto,Cliente Corporativo
FAC-2026-16191,Alpek,Industrial,08 - Agosto,2026-08-14,30,2026-09-13,24461.72,0,Al Día,Al Día / OK,Cliente Corporativo
FAC-2026-16192,Alpek,Industrial,08 - Agosto,2026-08-08,15,2026-08-23,52310.03,0,Al Día,Al Día / OK,Cliente Corporativo
FAC-2026-16193,Alpek,Industrial,08 - Agosto,2026-08-09,45,2026-09-23,17703.12,0,Al Día,Al Día / OK,Cliente Corporativo
FAC-2026-16194,Alpek,Industrial,08 - Agosto,2026-08-26,15,2026-09-10,15703.1,0,Al Día,Al Día / OK,Cliente Corporativo
FAC-2026-16195,Alpek,Industrial,08 - Agosto,2026-08-17,60,2026-10-16,15936.91,11,1-30 días,Atraso Preventivo,Cliente Corporativo
FAC-2026-16196,Alpek,Industrial,08 - Agosto,2026-08-18,45,2026-10-02,7351.39,0,Al Día,Al Día / OK,Cliente Corporativo
FAC-2026-16197,Alpek,Industrial,08 - Agosto,2026-08-15,15,2026-08-30,47321.47,0,Al Día,Al Día / OK,Cliente Corporativo
FAC-2026-16198,Alpek,Industrial,08 - Agosto,2026-08-30,60,2026-10-29,14667.96,19,1-30 días,Atraso Preventivo,Cliente Corporativo
FAC-2026-16199,Alpek,Industrial,08 - Agosto,2026-08-23,45,2026-10-07,18313.59,46,31-60 días,Riesgo Moderado,Cliente Corporativo
FAC-2026-16200,Alpek,Industrial,08 - Agosto,2026-08-29,45,2026-10-13,21408.28,0,Al Día,Al Día / OK,Cliente Corporativo
FAC-2026-16201,Grupo México,Industrial,08 - Agosto,2026-08-09,30,2026-09-08,15976.03,0,Al Día,Al Día / OK,Cliente Corporativo
FAC-2026-16202,Grupo México,Industrial,08 - Agosto,2026-08-01,30,2026-08-31,27421.22,15,1-30 días,Atraso Preventivo,Cliente Corporativo
FAC-2026-16203,Grupo México,Industrial,08 - Agosto,2026-08-19,15,2026-09-03,29052.01,34,31-60 días,Riesgo Moderado,Cliente Corporativo
FAC-2026-16204,Grupo México,Industrial,08 - Agosto,2026-08-24,15,2026-09-08,26631.61,77,61-90 días,Riesgo Alto,Cliente Corporativo
FAC-2026-16205,Grupo México,Industrial,08 - Agosto,2026-08-14,60,2026-10-13,20714.42,100,+90 días (Crítico),En Mora / Crítico,Cliente Corporativo
FAC-2026-16206,Grupo México,Industrial,08 - Agosto,2026-08-12,30,2026-09-11,9551.96,0,Al Día,Al Día / OK,Cliente Corporativo
FAC-2026-16207,Grupo México,Industrial,08 - Agosto,2026-08-11,60,2026-10-10,23786.61,0,Al Día,Al Día / OK,Cliente Corporativo
FAC-2026-16208,Grupo México,Industrial,08 - Agosto,2026-08-08,45,2026-09-22,9938.22,56,31-60 días,Riesgo Moderado,Cliente Corporativo
FAC-2026-16209,Grupo México,Industrial,08 - Agosto,2026-08-14,30,2026-09-13,28282.69,12,1-30 días,Atraso Preventivo,Cliente Corporativo
FAC-2026-16210,Grupo México,Industrial,08 - Agosto,2026-08-02,15,2026-08-17,11979.21,10,1-30 días,Atraso Preventivo,Cliente Corporativo
FAC-2026-16211,Grupo México,Industrial,08 - Agosto,2026-08-19,15,2026-09-03,15228.51,18,1-30 días,Atraso Preventivo,Cliente Corporativo
FAC-2026-16212,Grupo México,Industrial,08 - Agosto,2026-08-13,45,2026-09-27,9624.65,11,1-30 días,Atraso Preventivo,Cliente Corporativo
FAC-2026-16213,Grupo México,Industrial,08 - Agosto,2026-08-11,45,2026-09-25,4558.59,62,61-90 días,Riesgo Alto,Cliente Corporativo
FAC-2026-16214,Grupo México,Industrial,08 - Agosto,2026-08-15,60,2026-10-14,37294.16,0,Al Día,Al Día / OK,Cliente Corporativo
FAC-2026-16215,Grupo México,Industrial,08 - Agosto,2026-08-15,30,2026-09-14,27053.91,0,Al Día,Al Día / OK,Cliente Corporativo
FAC-2026-16216,Grupo México,Industrial,08 - Agosto,2026-08-05,60,2026-10-04,55262.06,134,+90 días (Crítico),En Mora / Crítico,Cliente Corporativo
FAC-2026-16217,Grupo México,Industrial,08 - Agosto,2026-08-30,30,2026-09-29,31240.89,10,1-30 días,Atraso Preventivo,Cliente Corporativo
FAC-2026-16218,Grupo México,Industrial,08 - Agosto,2026-08-03,60,2026-10-02,8462.18,0,Al Día,Al Día / OK,Cliente Corporativo
FAC-2026-16219,Grupo México,Industrial,08 - Agosto,2026-08-22,60,2026-10-21,10568.31,0,Al Día,Al Día / OK,Cliente Corporativo
FAC-2026-16220,Gerdau,Industrial,08 - Agosto,2026-08-25,30,2026-09-24,8749.08,0,Al Día,Al Día / OK,Cliente Corporativo
FAC-2026-16221,Gerdau,Industrial,08 - Agosto,2026-08-06,60,2026-10-05,7112.25,29,1-30 días,Atraso Preventivo,Cliente Corporativo
FAC-2026-16222,Gerdau,Industrial,08 - Agosto,2026-08-05,30,2026-09-04,5002.04,49,31-60 días,Riesgo Moderado,Cliente Corporativo
FAC-2026-16223,Gerdau,Industrial,08 - Agosto,2026-08-12,30,2026-09-11,22641.27,72,61-90 días,Riesgo Alto,Cliente Corporativo
FAC-2026-16224,Gerdau,Industrial,08 - Agosto,2026-08-02,15,2026-08-17,34604.18,148,+90 días (Crítico),En Mora / Crítico,Cliente Corporativo
FAC-2026-16225,Gerdau,Industrial,08 - Agosto,2026-08-06,15,2026-08-21,37999.24,11,1-30 días,Atraso Preventivo,Cliente Corporativo
FAC-2026-16226,Gerdau,Industrial,08 - Agosto,2026-08-20,60,2026-10-19,48741.57,46,31-60 días,Riesgo Moderado,Cliente Corporativo
FAC-2026-16227,Gerdau,Industrial,08 - Agosto,2026-08-19,15,2026-09-03,15063.39,0,Al Día,Al Día / OK,Cliente Corporativo
FAC-2026-16228,Gerdau,Industrial,08 - Agosto,2026-08-07,30,2026-09-06,2387.27,105,+90 días (Crítico),En Mora / Crítico,Cliente Corporativo
FAC-2026-16229,Gerdau,Industrial,08 - Agosto,2026-08-21,15,2026-09-05,24047.48,13,1-30 días,Atraso Preventivo,Cliente Corporativo
FAC-2026-16230,Gerdau,Industrial,08 - Agosto,2026-08-30,15,2026-09-14,23866.82,0,Al Día,Al Día / OK,Cliente Corporativo
FAC-2026-16231,Gerdau,Industrial,08 - Agosto,2026-08-26,45,2026-10-10,1896.41,43,31-60 días,Riesgo Moderado,Cliente Corporativo
FAC-2026-16232,Gerdau,Industrial,08 - Agosto,2026-08-09,45,2026-09-23,10487.36,0,Al Día,Al Día / OK,Cliente Corporativo
FAC-2026-16233,Gerdau,Industrial,08 - Agosto,2026-08-25,15,2026-09-09,4029.93,0,Al Día,Al Día / OK,Cliente Corporativo
FAC-2026-16234,Gerdau,Industrial,08 - Agosto,2026-08-04,15,2026-08-19,5461.62,52,31-60 días,Riesgo Moderado,Cliente Corporativo
FAC-2026-16235,Gerdau,Industrial,08 - Agosto,2026-08-19,60,2026-10-18,5022.13,0,Al Día,Al Día / OK,Cliente Corporativo
FAC-2026-16236,Arca Continental,Industrial,08 - Agosto,2026-08-25,60,2026-10-24,6902.2,0,Al Día,Al Día / OK,Cliente Corporativo
FAC-2026-16237,Arca Continental,Industrial,08 - Agosto,2026-08-19,15,2026-09-03,9581.37,28,1-30 días,Atraso Preventivo,Cliente Corporativo
FAC-2026-16238,Arca Continental,Industrial,08 - Agosto,2026-08-24,30,2026-09-23,10880.01,35,31-60 días,Riesgo Moderado,Cliente Corporativo
FAC-2026-16239,Arca Continental,Industrial,08 - Agosto,2026-08-17,60,2026-10-16,9884.28,62,61-90 días,Riesgo Alto,Cliente Corporativo
FAC-2026-16240,Arca Continental,Industrial,08 - Agosto,2026-08-11,60,2026-10-10,4322.21,96,+90 días (Crítico),En Mora / Crítico,Cliente Corporativo
FAC-2026-16241,Arca Continental,Industrial,08 - Agosto,2026-08-08,60,2026-10-07,11052.61,0,Al Día,Al Día / OK,Cliente Corporativo
FAC-2026-16242,Arca Continental,Industrial,08 - Agosto,2026-08-12,45,2026-09-26,24909.88,60,31-60 días,Riesgo Moderado,Cliente Corporativo
FAC-2026-16243,Arca Continental,Industrial,08 - Agosto,2026-08-29,15,2026-09-13,4533.71,92,+90 días (Crítico),En Mora / Crítico,Cliente Corporativo
FAC-2026-16244,Arca Continental,Industrial,08 - Agosto,2026-08-27,45,2026-10-11,13595.02,17,1-30 días,Atraso Preventivo,Cliente Corporativo
FAC-2026-16245,Arca Continental,Industrial,08 - Agosto,2026-08-11,45,2026-09-25,34119.47,0,Al Día,Al Día / OK,Cliente Corporativo
FAC-2026-16246,Arca Continental,Industrial,08 - Agosto,2026-08-05,30,2026-09-04,7133.44,11,1-30 días,Atraso Preventivo,Cliente Corporativo
FAC-2026-16247,Arca Continental,Industrial,08 - Agosto,2026-08-07,15,2026-08-22,33191.09,0,Al Día,Al Día / OK,Cliente Corporativo
FAC-2026-16248,Arca Continental,Industrial,08 - Agosto,2026-08-20,30,2026-09-19,17489.88,69,61-90 días,Riesgo Alto,Cliente Corporativo
FAC-2026-16249,Mapfre,Seguros,08 - Agosto,2026-08-21,30,2026-09-20,14111.46,0,Al Día,Al Día / OK,Cliente Corporativo
FAC-2026-16250,Mapfre,Seguros,08 - Agosto,2026-08-27,15,2026-09-11,9188.33,18,1-30 días,Atraso Preventivo,Cliente Corporativo
FAC-2026-16251,Mapfre,Seguros,08 - Agosto,2026-08-24,15,2026-09-08,29437.02,40,31-60 días,Riesgo Moderado,Cliente Corporativo
FAC-2026-16252,Mapfre,Seguros,08 - Agosto,2026-08-10,45,2026-09-24,31892.24,86,61-90 días,Riesgo Alto,Cliente Corporativo
FAC-2026-16253,Mapfre,Seguros,08 - Agosto,2026-08-06,30,2026-09-05,1926.34,157,+90 días (Crítico),En Mora / Crítico,Cliente Corporativo
FAC-2026-16254,Mapfre,Seguros,08 - Agosto,2026-08-07,15,2026-08-22,37391.13,0,Al Día,Al Día / OK,Cliente Corporativo
FAC-2026-16255,Mapfre,Seguros,08 - Agosto,2026-08-09,15,2026-08-24,2381.35,0,Al Día,Al Día / OK,Cliente Corporativo
FAC-2026-16256,Mapfre,Seguros,08 - Agosto,2026-08-09,15,2026-08-24,43029.75,24,1-30 días,Atraso Preventivo,Cliente Corporativo
FAC-2026-16257,Mapfre,Seguros,08 - Agosto,2026-08-07,15,2026-08-22,9802.04,95,+90 días (Crítico),En Mora / Crítico,Cliente Corporativo
FAC-2026-16258,Mapfre,Seguros,08 - Agosto,2026-08-26,15,2026-09-10,17721.55,0,Al Día,Al Día / OK,Cliente Corporativo
FAC-2026-16259,Mapfre,Seguros,08 - Agosto,2026-08-03,15,2026-08-18,18030.99,0,Al Día,Al Día / OK,Cliente Corporativo
FAC-2026-16260,Mapfre,Seguros,08 - Agosto,2026-08-31,45,2026-10-15,4402.17,0,Al Día,Al Día / OK,Cliente Corporativo
FAC-2026-16261,Mapfre,Seguros,08 - Agosto,2026-08-24,60,2026-10-23,5552.23,0,Al Día,Al Día / OK,Cliente Corporativo
FAC-2026-16262,Mapfre,Seguros,08 - Agosto,2026-08-05,45,2026-09-19,2642.79,45,31-60 días,Riesgo Moderado,Cliente Corporativo
FAC-2026-16263,Seguros SURA,Seguros,08 - Agosto,2026-08-21,45,2026-10-05,29078.59,0,Al Día,Al Día / OK,Cliente Corporativo
FAC-2026-16264,Seguros SURA,Seguros,08 - Agosto,2026-08-28,45,2026-10-12,41921.96,18,1-30 días,Atraso Preventivo,Cliente Corporativo
FAC-2026-16265,Seguros SURA,Seguros,08 - Agosto,2026-08-05,30,2026-09-04,2976.56,59,31-60 días,Riesgo Moderado,Cliente Corporativo
FAC-2026-16266,Seguros SURA,Seguros,08 - Agosto,2026-08-23,60,2026-10-22,15447.77,83,61-90 días,Riesgo Alto,Cliente Corporativo
FAC-2026-16267,Seguros SURA,Seguros,08 - Agosto,2026-08-09,30,2026-09-08,8140.4,94,+90 días (Crítico),En Mora / Crítico,Cliente Corporativo
FAC-2026-16268,Seguros SURA,Seguros,08 - Agosto,2026-08-27,15,2026-09-11,29158.97,0,Al Día,Al Día / OK,Cliente Corporativo
FAC-2026-16269,Seguros SURA,Seguros,08 - Agosto,2026-08-14,15,2026-08-29,4151.62,0,Al Día,Al Día / OK,Cliente Corporativo
FAC-2026-16270,Seguros SURA,Seguros,08 - Agosto,2026-08-27,60,2026-10-26,6294.37,0,Al Día,Al Día / OK,Cliente Corporativo
FAC-2026-16271,Seguros SURA,Seguros,08 - Agosto,2026-08-08,60,2026-10-07,5463.3,0,Al Día,Al Día / OK,Cliente Corporativo
FAC-2026-16272,Seguros SURA,Seguros,08 - Agosto,2026-08-21,15,2026-09-05,30071.36,0,Al Día,Al Día / OK,Cliente Corporativo
FAC-2026-16273,Seguros SURA,Seguros,08 - Agosto,2026-08-22,30,2026-09-21,15399.72,44,31-60 días,Riesgo Moderado,Cliente Corporativo
FAC-2026-16274,Seguros SURA,Seguros,08 - Agosto,2026-08-01,60,2026-09-30,23036.63,39,31-60 días,Riesgo Moderado,Cliente Corporativo
FAC-2026-16275,Seguros SURA,Seguros,08 - Agosto,2026-08-28,30,2026-09-27,36782.94,0,Al Día,Al Día / OK,Cliente Corporativo
FAC-2026-16276,Seguros SURA,Seguros,08 - Agosto,2026-08-07,15,2026-08-22,18163.16,37,31-60 días,Riesgo Moderado,Cliente Corporativo
FAC-2026-16277,Seguros SURA,Seguros,08 - Agosto,2026-08-24,15,2026-09-08,27580.87,16,1-30 días,Atraso Preventivo,Cliente Corporativo
FAC-2026-16278,Seguros SURA,Seguros,08 - Agosto,2026-08-02,60,2026-10-01,24377.36,0,Al Día,Al Día / OK,Cliente Corporativo
FAC-2026-16279,GNP Seguros,Seguros,08 - Agosto,2026-08-26,30,2026-09-25,15024.77,0,Al Día,Al Día / OK,Cliente Corporativo
FAC-2026-16280,GNP Seguros,Seguros,08 - Agosto,2026-08-04,15,2026-08-19,11923.48,21,1-30 días,Atraso Preventivo,Cliente Corporativo
FAC-2026-16281,GNP Seguros,Seguros,08 - Agosto,2026-08-31,15,2026-09-15,7020.34,38,31-60 días,Riesgo Moderado,Cliente Corporativo
FAC-2026-16282,GNP Seguros,Seguros,08 - Agosto,2026-08-10,30,2026-09-09,6372.6,82,61-90 días,Riesgo Alto,Cliente Corporativo
FAC-2026-16283,GNP Seguros,Seguros,08 - Agosto,2026-08-29,15,2026-09-13,12905.45,136,+90 días (Crítico),En Mora / Crítico,Cliente Corporativo
FAC-2026-16284,GNP Seguros,Seguros,08 - Agosto,2026-08-27,15,2026-09-11,42093.39,0,Al Día,Al Día / OK,Cliente Corporativo
FAC-2026-16285,GNP Seguros,Seguros,08 - Agosto,2026-08-22,15,2026-09-06,21786.8,81,61-90 días,Riesgo Alto,Cliente Corporativo
FAC-2026-16286,GNP Seguros,Seguros,08 - Agosto,2026-08-12,60,2026-10-11,38833.92,0,Al Día,Al Día / OK,Cliente Corporativo
FAC-2026-16287,GNP Seguros,Seguros,08 - Agosto,2026-08-21,60,2026-10-20,12192.47,0,Al Día,Al Día / OK,Cliente Corporativo
FAC-2026-16288,GNP Seguros,Seguros,08 - Agosto,2026-08-09,15,2026-08-24,9488.94,0,Al Día,Al Día / OK,Cliente Corporativo
FAC-2026-16289,GNP Seguros,Seguros,08 - Agosto,2026-08-10,45,2026-09-24,54829.67,73,61-90 días,Riesgo Alto,Cliente Corporativo
FAC-2026-16290,GNP Seguros,Seguros,08 - Agosto,2026-08-31,45,2026-10-15,6585.77,0,Al Día,Al Día / OK,Cliente Corporativo
FAC-2026-16291,GNP Seguros,Seguros,08 - Agosto,2026-08-25,45,2026-10-09,23488.2,35,31-60 días,Riesgo Moderado,Cliente Corporativo
FAC-2026-16292,GNP Seguros,Seguros,08 - Agosto,2026-08-29,45,2026-10-13,16862.58,0,Al Día,Al Día / OK,Cliente Corporativo
FAC-2026-16293,GNP Seguros,Seguros,08 - Agosto,2026-08-22,30,2026-09-21,6025.84,0,Al Día,Al Día / OK,Cliente Corporativo
FAC-2026-16294,GNP Seguros,Seguros,08 - Agosto,2026-08-24,45,2026-10-08,41509.95,68,61-90 días,Riesgo Alto,Cliente Corporativo
FAC-2026-16295,GNP Seguros,Seguros,08 - Agosto,2026-08-28,45,2026-10-12,30889.23,0,Al Día,Al Día / OK,Cliente Corporativo
FAC-2026-16296,MetLife,Seguros,08 - Agosto,2026-08-26,15,2026-09-10,2167.72,0,Al Día,Al Día / OK,Cliente Corporativo
FAC-2026-16297,MetLife,Seguros,08 - Agosto,2026-08-10,15,2026-08-25,15141.03,16,1-30 días,Atraso Preventivo,Cliente Corporativo
FAC-2026-16298,MetLife,Seguros,08 - Agosto,2026-08-09,15,2026-08-24,6129.8,43,31-60 días,Riesgo Moderado,Cliente Corporativo
FAC-2026-16299,MetLife,Seguros,08 - Agosto,2026-08-07,30,2026-09-06,8059.44,76,61-90 días,Riesgo Alto,Cliente Corporativo
FAC-2026-16300,MetLife,Seguros,08 - Agosto,2026-08-26,45,2026-10-10,16603.84,129,+90 días (Crítico),En Mora / Crítico,Cliente Corporativo
FAC-2026-16301,MetLife,Seguros,08 - Agosto,2026-08-10,15,2026-08-25,10372.05,25,1-30 días,Atraso Preventivo,Cliente Corporativo
FAC-2026-16302,MetLife,Seguros,08 - Agosto,2026-08-26,15,2026-09-10,3058.42,0,Al Día,Al Día / OK,Cliente Corporativo
FAC-2026-16303,MetLife,Seguros,08 - Agosto,2026-08-02,45,2026-09-16,8703.45,0,Al Día,Al Día / OK,Cliente Corporativo
FAC-2026-16304,MetLife,Seguros,08 - Agosto,2026-08-09,15,2026-08-24,4173.27,0,Al Día,Al Día / OK,Cliente Corporativo
FAC-2026-16305,MetLife,Seguros,08 - Agosto,2026-08-07,15,2026-08-22,37466.94,0,Al Día,Al Día / OK,Cliente Corporativo
FAC-2026-16306,MetLife,Seguros,08 - Agosto,2026-08-15,15,2026-08-30,19876.69,0,Al Día,Al Día / OK,Cliente Corporativo
FAC-2026-16307,MetLife,Seguros,08 - Agosto,2026-08-20,45,2026-10-04,4242.48,0,Al Día,Al Día / OK,Cliente Corporativo
FAC-2026-16308,MetLife,Seguros,08 - Agosto,2026-08-05,15,2026-08-20,20408.45,0,Al Día,Al Día / OK,Cliente Corporativo
FAC-2026-16309,MetLife,Seguros,08 - Agosto,2026-08-16,45,2026-09-30,16005.7,0,Al Día,Al Día / OK,Cliente Corporativo
FAC-2026-16310,MetLife,Seguros,08 - Agosto,2026-08-01,60,2026-09-30,6194.55,6,1-30 días,Atraso Preventivo,Cliente Corporativo
FAC-2026-16311,MetLife,Seguros,08 - Agosto,2026-08-26,45,2026-10-10,18265.63,59,31-60 días,Riesgo Moderado,Cliente Corporativo
FAC-2026-16312,Chubb Seguros,Seguros,08 - Agosto,2026-08-07,60,2026-10-06,18413.46,0,Al Día,Al Día / OK,Cliente Corporativo
FAC-2026-16313,Chubb Seguros,Seguros,08 - Agosto,2026-08-27,30,2026-09-26,9288.62,16,1-30 días,Atraso Preventivo,Cliente Corporativo
FAC-2026-16314,Chubb Seguros,Seguros,08 - Agosto,2026-08-26,60,2026-10-25,11729.41,31,31-60 días,Riesgo Moderado,Cliente Corporativo
FAC-2026-16315,Chubb Seguros,Seguros,08 - Agosto,2026-08-29,60,2026-10-28,7541.77,67,61-90 días,Riesgo Alto,Cliente Corporativo
FAC-2026-16316,Chubb Seguros,Seguros,08 - Agosto,2026-08-02,60,2026-10-01,6519.7,144,+90 días (Crítico),En Mora / Crítico,Cliente Corporativo
FAC-2026-16317,Chubb Seguros,Seguros,08 - Agosto,2026-08-30,45,2026-10-14,1310.86,0,Al Día,Al Día / OK,Cliente Corporativo
FAC-2026-16318,Chubb Seguros,Seguros,08 - Agosto,2026-08-22,60,2026-10-21,5678.0,21,1-30 días,Atraso Preventivo,Cliente Corporativo
FAC-2026-16319,Chubb Seguros,Seguros,08 - Agosto,2026-08-29,30,2026-09-28,5667.04,52,31-60 días,Riesgo Moderado,Cliente Corporativo
FAC-2026-16320,Chubb Seguros,Seguros,08 - Agosto,2026-08-03,60,2026-10-02,2197.56,0,Al Día,Al Día / OK,Cliente Corporativo
FAC-2026-16321,Chubb Seguros,Seguros,08 - Agosto,2026-08-12,15,2026-08-27,26983.28,0,Al Día,Al Día / OK,Cliente Corporativo
FAC-2026-16322,Chubb Seguros,Seguros,08 - Agosto,2026-08-21,60,2026-10-20,5541.43,72,61-90 días,Riesgo Alto,Cliente Corporativo
FAC-2026-16323,Chubb Seguros,Seguros,08 - Agosto,2026-08-30,30,2026-09-29,14125.55,46,31-60 días,Riesgo Moderado,Cliente Corporativo
FAC-2026-16324,Chubb Seguros,Seguros,08 - Agosto,2026-08-27,15,2026-09-11,11229.8,23,1-30 días,Atraso Preventivo,Cliente Corporativo
FAC-2026-16325,Chubb Seguros,Seguros,08 - Agosto,2026-08-10,60,2026-10-09,16040.59,0,Al Día,Al Día / OK,Cliente Corporativo
FAC-2026-16326,Chubb Seguros,Seguros,08 - Agosto,2026-08-19,45,2026-10-03,9665.69,0,Al Día,Al Día / OK,Cliente Corporativo
FAC-2026-16327,Chubb Seguros,Seguros,08 - Agosto,2026-08-26,45,2026-10-10,5946.61,0,Al Día,Al Día / OK,Cliente Corporativo
FAC-2026-16328,AXA,Seguros,08 - Agosto,2026-08-07,30,2026-09-06,21575.12,0,Al Día,Al Día / OK,Cliente Corporativo
FAC-2026-16329,AXA,Seguros,08 - Agosto,2026-08-03,30,2026-09-02,35396.93,11,1-30 días,Atraso Preventivo,Cliente Corporativo
FAC-2026-16330,AXA,Seguros,08 - Agosto,2026-08-29,60,2026-10-28,2215.37,38,31-60 días,Riesgo Moderado,Cliente Corporativo
FAC-2026-16331,AXA,Seguros,08 - Agosto,2026-08-12,45,2026-09-26,2648.97,66,61-90 días,Riesgo Alto,Cliente Corporativo
FAC-2026-16332,AXA,Seguros,08 - Agosto,2026-08-11,60,2026-10-10,8426.01,156,+90 días (Crítico),En Mora / Crítico,Cliente Corporativo
FAC-2026-16333,AXA,Seguros,08 - Agosto,2026-08-07,30,2026-09-06,8360.47,46,31-60 días,Riesgo Moderado,Cliente Corporativo
FAC-2026-16334,AXA,Seguros,08 - Agosto,2026-08-02,45,2026-09-16,24396.05,0,Al Día,Al Día / OK,Cliente Corporativo
FAC-2026-16335,AXA,Seguros,08 - Agosto,2026-08-10,30,2026-09-09,5312.26,9,1-30 días,Atraso Preventivo,Cliente Corporativo
FAC-2026-16336,AXA,Seguros,08 - Agosto,2026-08-04,15,2026-08-19,21906.22,0,Al Día,Al Día / OK,Cliente Corporativo
FAC-2026-16337,AXA,Seguros,08 - Agosto,2026-08-20,30,2026-09-19,6007.45,0,Al Día,Al Día / OK,Cliente Corporativo
FAC-2026-16338,AXA,Seguros,08 - Agosto,2026-08-18,60,2026-10-17,36391.98,0,Al Día,Al Día / OK,Cliente Corporativo
FAC-2026-16339,AXA,Seguros,08 - Agosto,2026-08-24,15,2026-09-08,6112.7,0,Al Día,Al Día / OK,Cliente Corporativo
FAC-2026-16340,AXA,Seguros,08 - Agosto,2026-08-08,45,2026-09-22,5033.01,0,Al Día,Al Día / OK,Cliente Corporativo
FAC-2026-16341,AXA,Seguros,08 - Agosto,2026-08-16,60,2026-10-15,8499.27,0,Al Día,Al Día / OK,Cliente Corporativo
FAC-2026-16342,Seguros Bolívar,Seguros,08 - Agosto,2026-08-21,60,2026-10-20,6138.21,0,Al Día,Al Día / OK,Cliente Corporativo
FAC-2026-16343,Seguros Bolívar,Seguros,08 - Agosto,2026-08-19,30,2026-09-18,2676.37,9,1-30 días,Atraso Preventivo,Cliente Corporativo
FAC-2026-16344,Seguros Bolívar,Seguros,08 - Agosto,2026-08-31,15,2026-09-15,30338.11,43,31-60 días,Riesgo Moderado,Cliente Corporativo
FAC-2026-16345,Seguros Bolívar,Seguros,08 - Agosto,2026-08-09,30,2026-09-08,22228.21,65,61-90 días,Riesgo Alto,Cliente Corporativo
FAC-2026-16346,Seguros Bolívar,Seguros,08 - Agosto,2026-08-16,45,2026-09-30,25700.02,165,+90 días (Crítico),En Mora / Crítico,Cliente Corporativo
FAC-2026-16347,Seguros Bolívar,Seguros,08 - Agosto,2026-08-13,60,2026-10-12,6395.85,20,1-30 días,Atraso Preventivo,Cliente Corporativo
FAC-2026-16348,Seguros Bolívar,Seguros,08 - Agosto,2026-08-01,15,2026-08-16,22247.17,158,+90 días (Crítico),En Mora / Crítico,Cliente Corporativo
FAC-2026-16349,Seguros Bolívar,Seguros,08 - Agosto,2026-08-27,45,2026-10-11,2669.37,0,Al Día,Al Día / OK,Cliente Corporativo
FAC-2026-16350,Seguros Bolívar,Seguros,08 - Agosto,2026-08-02,30,2026-09-01,25853.48,0,Al Día,Al Día / OK,Cliente Corporativo
FAC-2026-16351,Seguros Bolívar,Seguros,08 - Agosto,2026-08-17,15,2026-09-01,10975.79,16,1-30 días,Atraso Preventivo,Cliente Corporativo
FAC-2026-16352,Seguros Bolívar,Seguros,08 - Agosto,2026-08-28,15,2026-09-12,12192.14,0,Al Día,Al Día / OK,Cliente Corporativo
FAC-2026-16353,Seguros Bolívar,Seguros,08 - Agosto,2026-08-06,60,2026-10-05,14133.21,0,Al Día,Al Día / OK,Cliente Corporativo
FAC-2026-16354,Seguros Bolívar,Seguros,08 - Agosto,2026-08-28,45,2026-10-12,5030.58,0,Al Día,Al Día / OK,Cliente Corporativo
FAC-2026-16355,Seguros Bolívar,Seguros,08 - Agosto,2026-08-26,60,2026-10-25,19392.95,11,1-30 días,Atraso Preventivo,Cliente Corporativo
FAC-2026-16356,Seguros Bolívar,Seguros,08 - Agosto,2026-08-07,45,2026-09-21,11160.07,0,Al Día,Al Día / OK,Cliente Corporativo
FAC-2026-16357,Seguros Bolívar,Seguros,08 - Agosto,2026-08-25,45,2026-10-09,7007.64,0,Al Día,Al Día / OK,Cliente Corporativo
FAC-2026-16358,DHL Supply Chain,Logística,08 - Agosto,2026-08-02,15,2026-08-17,34240.07,0,Al Día,Al Día / OK,Cliente Corporativo
FAC-2026-16359,DHL Supply Chain,Logística,08 - Agosto,2026-08-24,30,2026-09-23,37185.94,18,1-30 días,Atraso Preventivo,Cliente Corporativo
FAC-2026-16360,DHL Supply Chain,Logística,08 - Agosto,2026-08-05,30,2026-09-04,8937.48,53,31-60 días,Riesgo Moderado,Cliente Corporativo
FAC-2026-16361,DHL Supply Chain,Logística,08 - Agosto,2026-08-30,15,2026-09-14,3404.11,71,61-90 días,Riesgo Alto,Cliente Corporativo
FAC-2026-16362,DHL Supply Chain,Logística,08 - Agosto,2026-08-18,60,2026-10-17,20813.83,139,+90 días (Crítico),En Mora / Crítico,Cliente Corporativo
FAC-2026-16363,DHL Supply Chain,Logística,08 - Agosto,2026-08-15,45,2026-09-29,18257.74,11,1-30 días,Atraso Preventivo,Cliente Corporativo
FAC-2026-16364,DHL Supply Chain,Logística,08 - Agosto,2026-08-22,30,2026-09-21,1930.42,0,Al Día,Al Día / OK,Cliente Corporativo
FAC-2026-16365,DHL Supply Chain,Logística,08 - Agosto,2026-08-10,15,2026-08-25,32192.23,0,Al Día,Al Día / OK,Cliente Corporativo
FAC-2026-16366,DHL Supply Chain,Logística,08 - Agosto,2026-08-29,30,2026-09-28,28387.42,0,Al Día,Al Día / OK,Cliente Corporativo
FAC-2026-16367,DHL Supply Chain,Logística,08 - Agosto,2026-08-20,30,2026-09-19,6155.14,12,1-30 días,Atraso Preventivo,Cliente Corporativo
FAC-2026-16368,DHL Supply Chain,Logística,08 - Agosto,2026-08-30,30,2026-09-29,7941.8,0,Al Día,Al Día / OK,Cliente Corporativo
FAC-2026-16369,DHL Supply Chain,Logística,08 - Agosto,2026-08-06,30,2026-09-05,17589.23,9,1-30 días,Atraso Preventivo,Cliente Corporativo
FAC-2026-16370,DHL Supply Chain,Logística,08 - Agosto,2026-08-06,60,2026-10-05,22626.86,0,Al Día,Al Día / OK,Cliente Corporativo
FAC-2026-16371,DHL Supply Chain,Logística,08 - Agosto,2026-08-22,30,2026-09-21,56451.46,0,Al Día,Al Día / OK,Cliente Corporativo
FAC-2026-16372,DHL Supply Chain,Logística,08 - Agosto,2026-08-28,60,2026-10-27,18449.55,0,Al Día,Al Día / OK,Cliente Corporativo
FAC-2026-16373,DHL Supply Chain,Logística,08 - Agosto,2026-08-17,60,2026-10-16,13786.04,0,Al Día,Al Día / OK,Cliente Corporativo
FAC-2026-16374,DHL Supply Chain,Logística,08 - Agosto,2026-08-22,60,2026-10-21,33696.9,0,Al Día,Al Día / OK,Cliente Corporativo
FAC-2026-16375,DHL Supply Chain,Logística,08 - Agosto,2026-08-27,60,2026-10-26,2425.89,0,Al Día,Al Día / OK,Cliente Corporativo
FAC-2026-16376,DHL Supply Chain,Logística,08 - Agosto,2026-08-22,15,2026-09-06,24011.22,0,Al Día,Al Día / OK,Cliente Corporativo
FAC-2026-16377,DHL Supply Chain,Logística,08 - Agosto,2026-08-15,15,2026-08-30,20658.35,17,1-30 días,Atraso Preventivo,Cliente Corporativo
FAC-2026-16378,FedEx Express,Logística,08 - Agosto,2026-08-23,30,2026-09-22,3718.32,0,Al Día,Al Día / OK,Cliente Corporativo
FAC-2026-16379,FedEx Express,Logística,08 - Agosto,2026-08-24,45,2026-10-08,8068.85,26,1-30 días,Atraso Preventivo,Cliente Corporativo
FAC-2026-16380,FedEx Express,Logística,08 - Agosto,2026-08-28,30,2026-09-27,9476.8,35,31-60 días,Riesgo Moderado,Cliente Corporativo
FAC-2026-16381,FedEx Express,Logística,08 - Agosto,2026-08-25,30,2026-09-24,11485.91,76,61-90 días,Riesgo Alto,Cliente Corporativo
FAC-2026-16382,FedEx Express,Logística,08 - Agosto,2026-08-20,30,2026-09-19,7876.56,159,+90 días (Crítico),En Mora / Crítico,Cliente Corporativo
FAC-2026-16383,FedEx Express,Logística,08 - Agosto,2026-08-12,30,2026-09-11,83286.57,0,Al Día,Al Día / OK,Cliente Corporativo
FAC-2026-16384,FedEx Express,Logística,08 - Agosto,2026-08-28,15,2026-09-12,12201.46,0,Al Día,Al Día / OK,Cliente Corporativo
FAC-2026-16385,FedEx Express,Logística,08 - Agosto,2026-08-07,45,2026-09-21,15150.08,30,1-30 días,Atraso Preventivo,Cliente Corporativo
FAC-2026-16386,FedEx Express,Logística,08 - Agosto,2026-08-21,60,2026-10-20,11528.78,0,Al Día,Al Día / OK,Cliente Corporativo
FAC-2026-16387,FedEx Express,Logística,08 - Agosto,2026-08-15,15,2026-08-30,4608.34,13,1-30 días,Atraso Preventivo,Cliente Corporativo
FAC-2026-16388,FedEx Express,Logística,08 - Agosto,2026-08-14,60,2026-10-13,24873.34,15,1-30 días,Atraso Preventivo,Cliente Corporativo
FAC-2026-16389,FedEx Express,Logística,08 - Agosto,2026-08-25,60,2026-10-24,16613.13,0,Al Día,Al Día / OK,Cliente Corporativo
FAC-2026-16390,FedEx Express,Logística,08 - Agosto,2026-08-16,45,2026-09-30,13200.4,0,Al Día,Al Día / OK,Cliente Corporativo
FAC-2026-16391,FedEx Express,Logística,08 - Agosto,2026-08-01,15,2026-08-16,4405.78,0,Al Día,Al Día / OK,Cliente Corporativo
FAC-2026-16392,FedEx Express,Logística,08 - Agosto,2026-08-13,45,2026-09-27,14666.94,0,Al Día,Al Día / OK,Cliente Corporativo
FAC-2026-16393,Maersk Logistics,Logística,08 - Agosto,2026-08-31,60,2026-10-30,3526.72,0,Al Día,Al Día / OK,Cliente Corporativo
FAC-2026-16394,Maersk Logistics,Logística,08 - Agosto,2026-08-02,45,2026-09-16,21258.45,14,1-30 días,Atraso Preventivo,Cliente Corporativo
FAC-2026-16395,Maersk Logistics,Logística,08 - Agosto,2026-08-25,45,2026-10-09,67133.55,31,31-60 días,Riesgo Moderado,Cliente Corporativo
FAC-2026-16396,Maersk Logistics,Logística,08 - Agosto,2026-08-07,15,2026-08-22,2362.48,62,61-90 días,Riesgo Alto,Cliente Corporativo
FAC-2026-16397,Maersk Logistics,Logística,08 - Agosto,2026-08-05,60,2026-10-04,5313.0,107,+90 días (Crítico),En Mora / Crítico,Cliente Corporativo
FAC-2026-16398,Maersk Logistics,Logística,08 - Agosto,2026-08-30,45,2026-10-14,11196.86,0,Al Día,Al Día / OK,Cliente Corporativo
FAC-2026-16399,Maersk Logistics,Logística,08 - Agosto,2026-08-02,15,2026-08-17,7405.06,19,1-30 días,Atraso Preventivo,Cliente Corporativo
FAC-2026-16400,Maersk Logistics,Logística,08 - Agosto,2026-08-18,45,2026-10-02,10232.18,0,Al Día,Al Día / OK,Cliente Corporativo
FAC-2026-16401,Maersk Logistics,Logística,08 - Agosto,2026-08-24,30,2026-09-23,44748.45,11,1-30 días,Atraso Preventivo,Cliente Corporativo
FAC-2026-16402,Maersk Logistics,Logística,08 - Agosto,2026-08-07,60,2026-10-06,32816.09,0,Al Día,Al Día / OK,Cliente Corporativo
FAC-2026-16403,Maersk Logistics,Logística,08 - Agosto,2026-08-25,60,2026-10-24,10083.4,32,31-60 días,Riesgo Moderado,Cliente Corporativo
FAC-2026-16404,Maersk Logistics,Logística,08 - Agosto,2026-08-15,45,2026-09-29,18744.28,0,Al Día,Al Día / OK,Cliente Corporativo
FAC-2026-16405,Maersk Logistics,Logística,08 - Agosto,2026-08-17,15,2026-09-01,5263.5,19,1-30 días,Atraso Preventivo,Cliente Corporativo
FAC-2026-16406,Maersk Logistics,Logística,08 - Agosto,2026-08-19,15,2026-09-03,15865.4,0,Al Día,Al Día / OK,Cliente Corporativo
FAC-2026-16407,Maersk Logistics,Logística,08 - Agosto,2026-08-16,60,2026-10-15,18215.11,57,31-60 días,Riesgo Moderado,Cliente Corporativo
FAC-2026-16408,Maersk Logistics,Logística,08 - Agosto,2026-08-12,15,2026-08-27,13578.08,0,Al Día,Al Día / OK,Cliente Corporativo
FAC-2026-16409,Kuehne+Nagel,Logística,08 - Agosto,2026-08-16,30,2026-09-15,16437.42,0,Al Día,Al Día / OK,Cliente Corporativo
FAC-2026-16410,Kuehne+Nagel,Logística,08 - Agosto,2026-08-03,15,2026-08-18,7091.36,7,1-30 días,Atraso Preventivo,Cliente Corporativo
FAC-2026-16411,Kuehne+Nagel,Logística,08 - Agosto,2026-08-19,45,2026-10-03,8209.99,35,31-60 días,Riesgo Moderado,Cliente Corporativo
FAC-2026-16412,Kuehne+Nagel,Logística,08 - Agosto,2026-08-16,60,2026-10-15,23489.89,85,61-90 días,Riesgo Alto,Cliente Corporativo
FAC-2026-16413,Kuehne+Nagel,Logística,08 - Agosto,2026-08-17,45,2026-10-01,6052.86,120,+90 días (Crítico),En Mora / Crítico,Cliente Corporativo
FAC-2026-16414,Kuehne+Nagel,Logística,08 - Agosto,2026-08-02,60,2026-10-01,1744.75,55,31-60 días,Riesgo Moderado,Cliente Corporativo
FAC-2026-16415,Kuehne+Nagel,Logística,08 - Agosto,2026-08-23,15,2026-09-07,22630.62,0,Al Día,Al Día / OK,Cliente Corporativo
FAC-2026-16416,Kuehne+Nagel,Logística,08 - Agosto,2026-08-13,45,2026-09-27,21511.69,0,Al Día,Al Día / OK,Cliente Corporativo
FAC-2026-16417,Kuehne+Nagel,Logística,08 - Agosto,2026-08-23,45,2026-10-07,9200.25,48,31-60 días,Riesgo Moderado,Cliente Corporativo
FAC-2026-16418,Kuehne+Nagel,Logística,08 - Agosto,2026-08-24,15,2026-09-08,10292.51,0,Al Día,Al Día / OK,Cliente Corporativo
FAC-2026-16419,Kuehne+Nagel,Logística,08 - Agosto,2026-08-28,15,2026-09-12,12540.08,0,Al Día,Al Día / OK,Cliente Corporativo
FAC-2026-16420,Kuehne+Nagel,Logística,08 - Agosto,2026-08-20,30,2026-09-19,8269.24,0,Al Día,Al Día / OK,Cliente Corporativo
FAC-2026-16421,Kuehne+Nagel,Logística,08 - Agosto,2026-08-30,60,2026-10-29,35862.39,10,1-30 días,Atraso Preventivo,Cliente Corporativo
FAC-2026-16422,Kuehne+Nagel,Logística,08 - Agosto,2026-08-14,60,2026-10-13,8107.65,41,31-60 días,Riesgo Moderado,Cliente Corporativo
FAC-2026-16423,Kuehne+Nagel,Logística,08 - Agosto,2026-08-19,60,2026-10-18,10033.15,0,Al Día,Al Día / OK,Cliente Corporativo
FAC-2026-16424,Kuehne+Nagel,Logística,08 - Agosto,2026-08-31,45,2026-10-15,8948.65,33,31-60 días,Riesgo Moderado,Cliente Corporativo
FAC-2026-16425,Mercado Envíos,Logística,08 - Agosto,2026-08-13,15,2026-08-28,26128.69,0,Al Día,Al Día / OK,Cliente Corporativo
FAC-2026-16426,Mercado Envíos,Logística,08 - Agosto,2026-08-04,60,2026-10-03,2222.57,19,1-30 días,Atraso Preventivo,Cliente Corporativo
FAC-2026-16427,Mercado Envíos,Logística,08 - Agosto,2026-08-18,15,2026-09-02,49082.53,44,31-60 días,Riesgo Moderado,Cliente Corporativo
FAC-2026-16428,Mercado Envíos,Logística,08 - Agosto,2026-08-29,30,2026-09-28,9470.66,73,61-90 días,Riesgo Alto,Cliente Corporativo
FAC-2026-16429,Mercado Envíos,Logística,08 - Agosto,2026-08-15,15,2026-08-30,2910.56,145,+90 días (Crítico),En Mora / Crítico,Cliente Corporativo
FAC-2026-16430,Mercado Envíos,Logística,08 - Agosto,2026-08-19,30,2026-09-18,16771.73,15,1-30 días,Atraso Preventivo,Cliente Corporativo
FAC-2026-16431,Mercado Envíos,Logística,08 - Agosto,2026-08-15,60,2026-10-14,25012.59,14,1-30 días,Atraso Preventivo,Cliente Corporativo
FAC-2026-16432,Mercado Envíos,Logística,08 - Agosto,2026-08-10,60,2026-10-09,95070.01,0,Al Día,Al Día / OK,Cliente Corporativo
FAC-2026-16433,Mercado Envíos,Logística,08 - Agosto,2026-08-29,45,2026-10-13,3398.06,22,1-30 días,Atraso Preventivo,Cliente Corporativo
FAC-2026-16434,Mercado Envíos,Logística,08 - Agosto,2026-08-11,60,2026-10-10,23173.1,40,31-60 días,Riesgo Moderado,Cliente Corporativo
FAC-2026-16435,Mercado Envíos,Logística,08 - Agosto,2026-08-15,15,2026-08-30,11444.9,0,Al Día,Al Día / OK,Cliente Corporativo
FAC-2026-16436,Mercado Envíos,Logística,08 - Agosto,2026-08-17,45,2026-10-01,3892.38,0,Al Día,Al Día / OK,Cliente Corporativo
FAC-2026-16437,Mercado Envíos,Logística,08 - Agosto,2026-08-19,30,2026-09-18,2370.84,0,Al Día,Al Día / OK,Cliente Corporativo
FAC-2026-16438,Mercado Envíos,Logística,08 - Agosto,2026-08-09,45,2026-09-23,13738.84,22,1-30 días,Atraso Preventivo,Cliente Corporativo
FAC-2026-16439,Mercado Envíos,Logística,08 - Agosto,2026-08-22,30,2026-09-21,32633.22,0,Al Día,Al Día / OK,Cliente Corporativo
FAC-2026-16440,Estafeta,Logística,08 - Agosto,2026-08-18,45,2026-10-02,6533.12,0,Al Día,Al Día / OK,Cliente Corporativo
FAC-2026-16441,Estafeta,Logística,08 - Agosto,2026-08-18,45,2026-10-02,4196.48,7,1-30 días,Atraso Preventivo,Cliente Corporativo
FAC-2026-16442,Estafeta,Logística,08 - Agosto,2026-08-14,45,2026-09-28,27312.23,34,31-60 días,Riesgo Moderado,Cliente Corporativo
FAC-2026-16443,Estafeta,Logística,08 - Agosto,2026-08-14,15,2026-08-29,23343.85,72,61-90 días,Riesgo Alto,Cliente Corporativo
FAC-2026-16444,Estafeta,Logística,08 - Agosto,2026-08-12,60,2026-10-11,12703.88,151,+90 días (Crítico),En Mora / Crítico,Cliente Corporativo
FAC-2026-16445,Estafeta,Logística,08 - Agosto,2026-08-28,45,2026-10-12,3228.23,0,Al Día,Al Día / OK,Cliente Corporativo
FAC-2026-16446,Estafeta,Logística,08 - Agosto,2026-08-18,45,2026-10-02,2851.02,0,Al Día,Al Día / OK,Cliente Corporativo
FAC-2026-16447,Estafeta,Logística,08 - Agosto,2026-08-10,30,2026-09-09,23269.53,0,Al Día,Al Día / OK,Cliente Corporativo
FAC-2026-16448,Estafeta,Logística,08 - Agosto,2026-08-19,60,2026-10-18,73330.53,7,1-30 días,Atraso Preventivo,Cliente Corporativo
FAC-2026-16449,Estafeta,Logística,08 - Agosto,2026-08-29,45,2026-10-13,2818.22,0,Al Día,Al Día / OK,Cliente Corporativo
FAC-2026-16450,Estafeta,Logística,08 - Agosto,2026-08-17,15,2026-09-01,5631.94,0,Al Día,Al Día / OK,Cliente Corporativo
FAC-2026-16451,Estafeta,Logística,08 - Agosto,2026-08-11,30,2026-09-10,18908.24,50,31-60 días,Riesgo Moderado,Cliente Corporativo
FAC-2026-16452,Estafeta,Logística,08 - Agosto,2026-08-25,30,2026-09-24,46706.5,0,Al Día,Al Día / OK,Cliente Corporativo
FAC-2026-16453,Estafeta,Logística,08 - Agosto,2026-08-29,60,2026-10-28,6670.9,8,1-30 días,Atraso Preventivo,Cliente Corporativo
FAC-2026-16454,Estafeta,Logística,08 - Agosto,2026-08-15,15,2026-08-30,4642.36,87,61-90 días,Riesgo Alto,Cliente Corporativo
FAC-2026-16455,Estafeta,Logística,08 - Agosto,2026-08-23,15,2026-09-07,6991.67,0,Al Día,Al Día / OK,Cliente Corporativo
FAC-2026-16456,Estafeta,Logística,08 - Agosto,2026-08-06,45,2026-09-20,31293.65,56,31-60 días,Riesgo Moderado,Cliente Corporativo
FAC-2026-16457,Pfizer,Salud & Farma,08 - Agosto,2026-08-14,30,2026-09-13,4437.05,0,Al Día,Al Día / OK,Cliente Corporativo
FAC-2026-16458,Pfizer,Salud & Farma,08 - Agosto,2026-08-18,45,2026-10-02,77403.21,24,1-30 días,Atraso Preventivo,Cliente Corporativo
FAC-2026-16459,Pfizer,Salud & Farma,08 - Agosto,2026-08-03,60,2026-10-02,10658.67,46,31-60 días,Riesgo Moderado,Cliente Corporativo
FAC-2026-16460,Pfizer,Salud & Farma,08 - Agosto,2026-08-04,15,2026-08-19,20374.66,80,61-90 días,Riesgo Alto,Cliente Corporativo
FAC-2026-16461,Pfizer,Salud & Farma,08 - Agosto,2026-08-04,45,2026-09-18,11463.07,111,+90 días (Crítico),En Mora / Crítico,Cliente Corporativo
FAC-2026-16462,Pfizer,Salud & Farma,08 - Agosto,2026-08-07,45,2026-09-21,17954.86,13,1-30 días,Atraso Preventivo,Cliente Corporativo
FAC-2026-16463,Pfizer,Salud & Farma,08 - Agosto,2026-08-17,45,2026-10-01,14094.16,102,+90 días (Crítico),En Mora / Crítico,Cliente Corporativo
FAC-2026-16464,Pfizer,Salud & Farma,08 - Agosto,2026-08-13,60,2026-10-12,14489.76,121,+90 días (Crítico),En Mora / Crítico,Cliente Corporativo
FAC-2026-16465,Pfizer,Salud & Farma,08 - Agosto,2026-08-26,45,2026-10-10,7133.56,10,1-30 días,Atraso Preventivo,Cliente Corporativo
FAC-2026-16466,Pfizer,Salud & Farma,08 - Agosto,2026-08-10,45,2026-09-24,6943.92,11,1-30 días,Atraso Preventivo,Cliente Corporativo
FAC-2026-16467,Pfizer,Salud & Farma,08 - Agosto,2026-08-05,60,2026-10-04,7793.19,23,1-30 días,Atraso Preventivo,Cliente Corporativo
FAC-2026-16468,Pfizer,Salud & Farma,08 - Agosto,2026-08-03,45,2026-09-17,27136.82,25,1-30 días,Atraso Preventivo,Cliente Corporativo
FAC-2026-16469,Pfizer,Salud & Farma,08 - Agosto,2026-08-19,60,2026-10-18,6223.1,0,Al Día,Al Día / OK,Cliente Corporativo
FAC-2026-16470,Pfizer,Salud & Farma,08 - Agosto,2026-08-12,60,2026-10-11,40924.42,0,Al Día,Al Día / OK,Cliente Corporativo
FAC-2026-16471,Pfizer,Salud & Farma,08 - Agosto,2026-08-12,30,2026-09-11,26738.42,50,31-60 días,Riesgo Moderado,Cliente Corporativo
FAC-2026-16472,Pfizer,Salud & Farma,08 - Agosto,2026-08-29,15,2026-09-13,29271.57,8,1-30 días,Atraso Preventivo,Cliente Corporativo
FAC-2026-16473,Pfizer,Salud & Farma,08 - Agosto,2026-08-24,15,2026-09-08,30863.21,77,61-90 días,Riesgo Alto,Cliente Corporativo
FAC-2026-16474,Pfizer,Salud & Farma,08 - Agosto,2026-08-17,45,2026-10-01,42834.44,31,31-60 días,Riesgo Moderado,Cliente Corporativo
FAC-2026-16475,Pfizer,Salud & Farma,08 - Agosto,2026-08-22,15,2026-09-06,7715.5,0,Al Día,Al Día / OK,Cliente Corporativo
FAC-2026-16476,Pfizer,Salud & Farma,08 - Agosto,2026-08-12,45,2026-09-26,24767.89,0,Al Día,Al Día / OK,Cliente Corporativo
FAC-2026-16477,Genomma Lab,Salud & Farma,08 - Agosto,2026-08-04,15,2026-08-19,8310.02,0,Al Día,Al Día / OK,Cliente Corporativo
FAC-2026-16478,Genomma Lab,Salud & Farma,08 - Agosto,2026-08-27,30,2026-09-26,22965.48,29,1-30 días,Atraso Preventivo,Cliente Corporativo
FAC-2026-16479,Genomma Lab,Salud & Farma,08 - Agosto,2026-08-17,30,2026-09-16,17453.91,41,31-60 días,Riesgo Moderado,Cliente Corporativo
FAC-2026-16480,Genomma Lab,Salud & Farma,08 - Agosto,2026-08-08,15,2026-08-23,10063.99,61,61-90 días,Riesgo Alto,Cliente Corporativo
FAC-2026-16481,Genomma Lab,Salud & Farma,08 - Agosto,2026-08-19,60,2026-10-18,2656.89,104,+90 días (Crítico),En Mora / Crítico,Cliente Corporativo
FAC-2026-16482,Genomma Lab,Salud & Farma,08 - Agosto,2026-08-24,45,2026-10-08,7183.76,38,31-60 días,Riesgo Moderado,Cliente Corporativo
FAC-2026-16483,Genomma Lab,Salud & Farma,08 - Agosto,2026-08-06,30,2026-09-05,54312.76,0,Al Día,Al Día / OK,Cliente Corporativo
FAC-2026-16484,Genomma Lab,Salud & Farma,08 - Agosto,2026-08-29,45,2026-10-13,21318.34,77,61-90 días,Riesgo Alto,Cliente Corporativo
FAC-2026-16485,Genomma Lab,Salud & Farma,08 - Agosto,2026-08-19,60,2026-10-18,4106.08,0,Al Día,Al Día / OK,Cliente Corporativo
FAC-2026-16486,Genomma Lab,Salud & Farma,08 - Agosto,2026-08-08,30,2026-09-07,3246.54,0,Al Día,Al Día / OK,Cliente Corporativo
FAC-2026-16487,Genomma Lab,Salud & Farma,08 - Agosto,2026-08-07,30,2026-09-06,24387.27,0,Al Día,Al Día / OK,Cliente Corporativo
FAC-2026-16488,Genomma Lab,Salud & Farma,08 - Agosto,2026-08-09,15,2026-08-24,31353.67,0,Al Día,Al Día / OK,Cliente Corporativo
FAC-2026-16489,Genomma Lab,Salud & Farma,08 - Agosto,2026-08-30,45,2026-10-14,2033.66,26,1-30 días,Atraso Preventivo,Cliente Corporativo
FAC-2026-16490,Genomma Lab,Salud & Farma,08 - Agosto,2026-08-24,15,2026-09-08,3087.2,6,1-30 días,Atraso Preventivo,Cliente Corporativo
FAC-2026-16491,Genomma Lab,Salud & Farma,08 - Agosto,2026-08-01,45,2026-09-15,6637.14,52,31-60 días,Riesgo Moderado,Cliente Corporativo
FAC-2026-16492,Genomma Lab,Salud & Farma,08 - Agosto,2026-08-09,15,2026-08-24,20173.76,0,Al Día,Al Día / OK,Cliente Corporativo
FAC-2026-16493,Genomma Lab,Salud & Farma,08 - Agosto,2026-08-07,60,2026-10-06,25732.06,21,1-30 días,Atraso Preventivo,Cliente Corporativo
FAC-2026-16494,Bayer,Salud & Farma,08 - Agosto,2026-08-29,30,2026-09-28,5665.35,0,Al Día,Al Día / OK,Cliente Corporativo
FAC-2026-16495,Bayer,Salud & Farma,08 - Agosto,2026-08-09,15,2026-08-24,25471.02,24,1-30 días,Atraso Preventivo,Cliente Corporativo
FAC-2026-16496,Bayer,Salud & Farma,08 - Agosto,2026-08-31,15,2026-09-15,15125.27,46,31-60 días,Riesgo Moderado,Cliente Corporativo
FAC-2026-16497,Bayer,Salud & Farma,08 - Agosto,2026-08-18,45,2026-10-02,3469.29,84,61-90 días,Riesgo Alto,Cliente Corporativo
FAC-2026-16498,Bayer,Salud & Farma,08 - Agosto,2026-08-14,60,2026-10-13,21484.4,127,+90 días (Crítico),En Mora / Crítico,Cliente Corporativo
FAC-2026-16499,Bayer,Salud & Farma,08 - Agosto,2026-08-01,60,2026-09-30,4188.89,15,1-30 días,Atraso Preventivo,Cliente Corporativo
FAC-2026-16500,Bayer,Salud & Farma,08 - Agosto,2026-08-22,45,2026-10-06,22417.74,0,Al Día,Al Día / OK,Cliente Corporativo
FAC-2026-16501,Bayer,Salud & Farma,08 - Agosto,2026-08-26,45,2026-10-10,5641.65,0,Al Día,Al Día / OK,Cliente Corporativo
FAC-2026-16502,Bayer,Salud & Farma,08 - Agosto,2026-08-13,45,2026-09-27,17675.05,0,Al Día,Al Día / OK,Cliente Corporativo
FAC-2026-16503,Bayer,Salud & Farma,08 - Agosto,2026-08-05,15,2026-08-20,2783.5,10,1-30 días,Atraso Preventivo,Cliente Corporativo
FAC-2026-16504,Bayer,Salud & Farma,08 - Agosto,2026-08-08,30,2026-09-07,2449.57,0,Al Día,Al Día / OK,Cliente Corporativo
FAC-2026-16505,Bayer,Salud & Farma,08 - Agosto,2026-08-23,30,2026-09-22,23290.4,0,Al Día,Al Día / OK,Cliente Corporativo
FAC-2026-16506,Bayer,Salud & Farma,08 - Agosto,2026-08-10,30,2026-09-09,1978.96,10,1-30 días,Atraso Preventivo,Cliente Corporativo
FAC-2026-16507,Bayer,Salud & Farma,08 - Agosto,2026-08-03,45,2026-09-17,53872.66,0,Al Día,Al Día / OK,Cliente Corporativo
FAC-2026-16508,Bayer,Salud & Farma,08 - Agosto,2026-08-01,15,2026-08-16,28629.56,0,Al Día,Al Día / OK,Cliente Corporativo
FAC-2026-16509,Bayer,Salud & Farma,08 - Agosto,2026-08-23,30,2026-09-22,17812.18,0,Al Día,Al Día / OK,Cliente Corporativo
FAC-2026-16510,Bayer,Salud & Farma,08 - Agosto,2026-08-20,30,2026-09-19,32942.49,55,31-60 días,Riesgo Moderado,Cliente Corporativo
FAC-2026-16511,Farmacias Benavides,Salud & Farma,08 - Agosto,2026-08-25,30,2026-09-24,11312.05,0,Al Día,Al Día / OK,Cliente Corporativo
FAC-2026-16512,Farmacias Benavides,Salud & Farma,08 - Agosto,2026-08-27,45,2026-10-11,3516.65,9,1-30 días,Atraso Preventivo,Cliente Corporativo
FAC-2026-16513,Farmacias Benavides,Salud & Farma,08 - Agosto,2026-08-30,60,2026-10-29,14889.69,60,31-60 días,Riesgo Moderado,Cliente Corporativo
FAC-2026-16514,Farmacias Benavides,Salud & Farma,08 - Agosto,2026-08-29,60,2026-10-28,2528.65,75,61-90 días,Riesgo Alto,Cliente Corporativo
FAC-2026-16515,Farmacias Benavides,Salud & Farma,08 - Agosto,2026-08-07,60,2026-10-06,8574.45,98,+90 días (Crítico),En Mora / Crítico,Cliente Corporativo
FAC-2026-16516,Farmacias Benavides,Salud & Farma,08 - Agosto,2026-08-09,45,2026-09-23,15803.52,54,31-60 días,Riesgo Moderado,Cliente Corporativo
FAC-2026-16517,Farmacias Benavides,Salud & Farma,08 - Agosto,2026-08-15,60,2026-10-14,22592.18,0,Al Día,Al Día / OK,Cliente Corporativo
FAC-2026-16518,Farmacias Benavides,Salud & Farma,08 - Agosto,2026-08-27,15,2026-09-11,21066.88,0,Al Día,Al Día / OK,Cliente Corporativo
FAC-2026-16519,Farmacias Benavides,Salud & Farma,08 - Agosto,2026-08-29,45,2026-10-13,33294.36,0,Al Día,Al Día / OK,Cliente Corporativo
FAC-2026-16520,Farmacias Benavides,Salud & Farma,08 - Agosto,2026-08-10,30,2026-09-09,2599.19,0,Al Día,Al Día / OK,Cliente Corporativo
FAC-2026-16521,Farmacias Benavides,Salud & Farma,08 - Agosto,2026-08-24,60,2026-10-23,27993.88,0,Al Día,Al Día / OK,Cliente Corporativo
FAC-2026-16522,Farmacias Benavides,Salud & Farma,08 - Agosto,2026-08-23,15,2026-09-07,35314.17,47,31-60 días,Riesgo Moderado,Cliente Corporativo
FAC-2026-16523,Farmacias Benavides,Salud & Farma,08 - Agosto,2026-08-18,60,2026-10-17,17744.13,44,31-60 días,Riesgo Moderado,Cliente Corporativo
FAC-2026-16524,Farmacias Benavides,Salud & Farma,08 - Agosto,2026-08-10,45,2026-09-24,13451.95,0,Al Día,Al Día / OK,Cliente Corporativo
FAC-2026-16525,Farmacias Benavides,Salud & Farma,08 - Agosto,2026-08-02,15,2026-08-17,2235.19,0,Al Día,Al Día / OK,Cliente Corporativo
FAC-2026-16526,Farmacias Benavides,Salud & Farma,08 - Agosto,2026-08-21,45,2026-10-05,4998.31,16,1-30 días,Atraso Preventivo,Cliente Corporativo
FAC-2026-16527,Eurofarma,Salud & Farma,08 - Agosto,2026-08-11,30,2026-09-10,16714.03,0,Al Día,Al Día / OK,Cliente Corporativo
FAC-2026-16528,Eurofarma,Salud & Farma,08 - Agosto,2026-08-18,30,2026-09-17,40329.42,14,1-30 días,Atraso Preventivo,Cliente Corporativo
FAC-2026-16529,Eurofarma,Salud & Farma,08 - Agosto,2026-08-06,30,2026-09-05,18004.33,49,31-60 días,Riesgo Moderado,Cliente Corporativo
FAC-2026-16530,Eurofarma,Salud & Farma,08 - Agosto,2026-08-13,15,2026-08-28,6584.86,81,61-90 días,Riesgo Alto,Cliente Corporativo
FAC-2026-16531,Eurofarma,Salud & Farma,08 - Agosto,2026-08-02,15,2026-08-17,11474.77,156,+90 días (Crítico),En Mora / Crítico,Cliente Corporativo
FAC-2026-16532,Eurofarma,Salud & Farma,08 - Agosto,2026-08-31,30,2026-09-30,2036.52,119,+90 días (Crítico),En Mora / Crítico,Cliente Corporativo
FAC-2026-16533,Eurofarma,Salud & Farma,08 - Agosto,2026-08-14,30,2026-09-13,3728.29,0,Al Día,Al Día / OK,Cliente Corporativo
FAC-2026-16534,Eurofarma,Salud & Farma,08 - Agosto,2026-08-03,30,2026-09-02,8030.9,0,Al Día,Al Día / OK,Cliente Corporativo
FAC-2026-16535,Eurofarma,Salud & Farma,08 - Agosto,2026-08-11,60,2026-10-10,10865.86,88,61-90 días,Riesgo Alto,Cliente Corporativo
FAC-2026-16536,Eurofarma,Salud & Farma,08 - Agosto,2026-08-20,60,2026-10-19,36483.23,0,Al Día,Al Día / OK,Cliente Corporativo
FAC-2026-16537,Eurofarma,Salud & Farma,08 - Agosto,2026-08-03,15,2026-08-18,3994.94,0,Al Día,Al Día / OK,Cliente Corporativo
FAC-2026-16538,Eurofarma,Salud & Farma,08 - Agosto,2026-08-21,15,2026-09-05,18063.45,11,1-30 días,Atraso Preventivo,Cliente Corporativo
FAC-2026-16539,Eurofarma,Salud & Farma,08 - Agosto,2026-08-15,30,2026-09-14,10800.63,0,Al Día,Al Día / OK,Cliente Corporativo
FAC-2026-16540,Eurofarma,Salud & Farma,08 - Agosto,2026-08-02,30,2026-09-01,29910.7,14,1-30 días,Atraso Preventivo,Cliente Corporativo
FAC-2026-16541,Eurofarma,Salud & Farma,08 - Agosto,2026-08-27,30,2026-09-26,10137.25,0,Al Día,Al Día / OK,Cliente Corporativo
FAC-2026-16542,Eurofarma,Salud & Farma,08 - Agosto,2026-08-06,60,2026-10-05,37609.52,0,Al Día,Al Día / OK,Cliente Corporativo
FAC-2026-16543,Eurofarma,Salud & Farma,08 - Agosto,2026-08-03,15,2026-08-18,39122.99,23,1-30 días,Atraso Preventivo,Cliente Corporativo
FAC-2026-16544,Sanofi,Salud & Farma,08 - Agosto,2026-08-19,45,2026-10-03,16301.24,0,Al Día,Al Día / OK,Cliente Corporativo
FAC-2026-16545,Sanofi,Salud & Farma,08 - Agosto,2026-08-21,60,2026-10-20,5906.0,6,1-30 días,Atraso Preventivo,Cliente Corporativo
FAC-2026-16546,Sanofi,Salud & Farma,08 - Agosto,2026-08-07,30,2026-09-06,25601.75,42,31-60 días,Riesgo Moderado,Cliente Corporativo
FAC-2026-16547,Sanofi,Salud & Farma,08 - Agosto,2026-08-27,60,2026-10-26,10761.17,78,61-90 días,Riesgo Alto,Cliente Corporativo
FAC-2026-16548,Sanofi,Salud & Farma,08 - Agosto,2026-08-26,60,2026-10-25,3574.15,117,+90 días (Crítico),En Mora / Crítico,Cliente Corporativo
FAC-2026-16549,Sanofi,Salud & Farma,08 - Agosto,2026-08-05,45,2026-09-19,42266.62,10,1-30 días,Atraso Preventivo,Cliente Corporativo
FAC-2026-16550,Sanofi,Salud & Farma,08 - Agosto,2026-08-04,60,2026-10-03,2506.95,21,1-30 días,Atraso Preventivo,Cliente Corporativo
FAC-2026-16551,Sanofi,Salud & Farma,08 - Agosto,2026-08-19,15,2026-09-03,32801.67,171,+90 días (Crítico),En Mora / Crítico,Cliente Corporativo
FAC-2026-16552,Sanofi,Salud & Farma,08 - Agosto,2026-08-31,30,2026-09-30,1459.39,0,Al Día,Al Día / OK,Cliente Corporativo
FAC-2026-16553,Sanofi,Salud & Farma,08 - Agosto,2026-08-11,60,2026-10-10,48411.14,43,31-60 días,Riesgo Moderado,Cliente Corporativo
FAC-2026-16554,Sanofi,Salud & Farma,08 - Agosto,2026-08-12,15,2026-08-27,4764.28,0,Al Día,Al Día / OK,Cliente Corporativo
FAC-2026-16555,Sanofi,Salud & Farma,08 - Agosto,2026-08-07,60,2026-10-06,4259.56,0,Al Día,Al Día / OK,Cliente Corporativo
FAC-2026-16556,Sanofi,Salud & Farma,08 - Agosto,2026-08-07,60,2026-10-06,3530.59,0,Al Día,Al Día / OK,Cliente Corporativo
FAC-2026-16557,Sanofi,Salud & Farma,08 - Agosto,2026-08-21,60,2026-10-20,9851.42,58,31-60 días,Riesgo Moderado,Cliente Corporativo
FAC-2026-16558,Sanofi,Salud & Farma,08 - Agosto,2026-08-31,60,2026-10-30,11641.0,0,Al Día,Al Día / OK,Cliente Corporativo
FAC-2026-16559,Sanofi,Salud & Farma,08 - Agosto,2026-08-09,15,2026-08-24,54489.03,0,Al Día,Al Día / OK,Cliente Corporativo
FAC-2026-16560,Sanofi,Salud & Farma,08 - Agosto,2026-08-05,15,2026-08-20,34118.42,0,Al Día,Al Día / OK,Cliente Corporativo
FAC-2026-16561,Sanofi,Salud & Farma,08 - Agosto,2026-08-26,30,2026-09-25,48376.12,0,Al Día,Al Día / OK,Cliente Corporativo
FAC-2026-16562,Sanofi,Salud & Farma,08 - Agosto,2026-08-14,60,2026-10-13,17549.28,0,Al Día,Al Día / OK,Cliente Corporativo
FAC-2026-16563,Sanofi,Salud & Farma,08 - Agosto,2026-08-25,45,2026-10-09,8357.07,0,Al Día,Al Día / OK,Cliente Corporativo
FAC-2026-16564,Walmart,Retail,09 - Septiembre,2026-09-04,45,2026-10-19,29173.75,0,Al Día,Al Día / OK,Cliente Corporativo
FAC-2026-16565,Walmart,Retail,09 - Septiembre,2026-09-13,30,2026-10-13,3950.27,14,1-30 días,Atraso Preventivo,Cliente Corporativo
FAC-2026-16566,Walmart,Retail,09 - Septiembre,2026-09-15,15,2026-09-30,8049.12,41,31-60 días,Riesgo Moderado,Cliente Corporativo
FAC-2026-16567,Walmart,Retail,09 - Septiembre,2026-09-24,45,2026-11-08,11742.1,75,61-90 días,Riesgo Alto,Cliente Corporativo
FAC-2026-16568,Walmart,Retail,09 - Septiembre,2026-09-29,15,2026-10-14,27770.66,139,+90 días (Crítico),En Mora / Crítico,Cliente Corporativo
FAC-2026-16569,Walmart,Retail,09 - Septiembre,2026-09-29,45,2026-11-13,3996.34,57,31-60 días,Riesgo Moderado,Cliente Corporativo
FAC-2026-16570,Walmart,Retail,09 - Septiembre,2026-09-21,30,2026-10-21,27733.18,50,31-60 días,Riesgo Moderado,Cliente Corporativo
FAC-2026-16571,Walmart,Retail,09 - Septiembre,2026-09-23,45,2026-11-07,44855.53,0,Al Día,Al Día / OK,Cliente Corporativo
FAC-2026-16572,Walmart,Retail,09 - Septiembre,2026-09-23,15,2026-10-08,23403.23,0,Al Día,Al Día / OK,Cliente Corporativo
FAC-2026-16573,Walmart,Retail,09 - Septiembre,2026-09-24,45,2026-11-08,34606.73,41,31-60 días,Riesgo Moderado,Cliente Corporativo
FAC-2026-16574,Walmart,Retail,09 - Septiembre,2026-09-21,30,2026-10-21,42197.63,12,1-30 días,Atraso Preventivo,Cliente Corporativo
FAC-2026-16575,Walmart,Retail,09 - Septiembre,2026-09-03,15,2026-09-18,84935.07,0,Al Día,Al Día / OK,Cliente Corporativo
FAC-2026-16576,Walmart,Retail,09 - Septiembre,2026-09-28,45,2026-11-12,8236.07,50,31-60 días,Riesgo Moderado,Cliente Corporativo
FAC-2026-16577,Falabella,Retail,09 - Septiembre,2026-09-29,45,2026-11-13,6732.42,0,Al Día,Al Día / OK,Cliente Corporativo
FAC-2026-16578,Falabella,Retail,09 - Septiembre,2026-09-28,45,2026-11-12,8559.96,23,1-30 días,Atraso Preventivo,Cliente Corporativo
FAC-2026-16579,Falabella,Retail,09 - Septiembre,2026-09-22,30,2026-10-22,20724.93,47,31-60 días,Riesgo Moderado,Cliente Corporativo
FAC-2026-16580,Falabella,Retail,09 - Septiembre,2026-09-01,45,2026-10-16,16486.44,66,61-90 días,Riesgo Alto,Cliente Corporativo
FAC-2026-16581,Falabella,Retail,09 - Septiembre,2026-09-20,60,2026-11-19,20666.18,152,+90 días (Crítico),En Mora / Crítico,Cliente Corporativo
FAC-2026-16582,Falabella,Retail,09 - Septiembre,2026-09-19,15,2026-10-04,3550.38,0,Al Día,Al Día / OK,Cliente Corporativo
FAC-2026-16583,Falabella,Retail,09 - Septiembre,2026-09-09,30,2026-10-09,11604.69,9,1-30 días,Atraso Preventivo,Cliente Corporativo
FAC-2026-16584,Falabella,Retail,09 - Septiembre,2026-09-27,45,2026-11-11,9173.88,6,1-30 días,Atraso Preventivo,Cliente Corporativo
FAC-2026-16585,Falabella,Retail,09 - Septiembre,2026-09-11,30,2026-10-11,26749.02,0,Al Día,Al Día / OK,Cliente Corporativo
FAC-2026-16586,Falabella,Retail,09 - Septiembre,2026-09-27,60,2026-11-26,5323.55,13,1-30 días,Atraso Preventivo,Cliente Corporativo
FAC-2026-16587,Falabella,Retail,09 - Septiembre,2026-09-24,30,2026-10-24,2370.87,69,61-90 días,Riesgo Alto,Cliente Corporativo
FAC-2026-16588,Falabella,Retail,09 - Septiembre,2026-09-08,45,2026-10-23,4742.59,29,1-30 días,Atraso Preventivo,Cliente Corporativo
FAC-2026-16589,Falabella,Retail,09 - Septiembre,2026-09-14,30,2026-10-14,52100.39,0,Al Día,Al Día / OK,Cliente Corporativo
FAC-2026-16590,Falabella,Retail,09 - Septiembre,2026-09-20,15,2026-10-05,17774.86,0,Al Día,Al Día / OK,Cliente Corporativo
FAC-2026-16591,Falabella,Retail,09 - Septiembre,2026-09-08,30,2026-10-08,3385.31,35,31-60 días,Riesgo Moderado,Cliente Corporativo
FAC-2026-16592,Falabella,Retail,09 - Septiembre,2026-09-04,30,2026-10-04,5010.78,0,Al Día,Al Día / OK,Cliente Corporativo
FAC-2026-16593,Cencosud,Retail,09 - Septiembre,2026-09-08,45,2026-10-23,46645.58,0,Al Día,Al Día / OK,Cliente Corporativo
FAC-2026-16594,Cencosud,Retail,09 - Septiembre,2026-09-09,45,2026-10-24,3800.59,24,1-30 días,Atraso Preventivo,Cliente Corporativo
FAC-2026-16595,Cencosud,Retail,09 - Septiembre,2026-09-07,30,2026-10-07,6688.75,44,31-60 días,Riesgo Moderado,Cliente Corporativo
FAC-2026-16596,Cencosud,Retail,09 - Septiembre,2026-09-30,60,2026-11-29,9021.57,66,61-90 días,Riesgo Alto,Cliente Corporativo
FAC-2026-16597,Cencosud,Retail,09 - Septiembre,2026-09-06,45,2026-10-21,6582.67,155,+90 días (Crítico),En Mora / Crítico,Cliente Corporativo
FAC-2026-16598,Cencosud,Retail,09 - Septiembre,2026-09-21,30,2026-10-21,15846.79,0,Al Día,Al Día / OK,Cliente Corporativo
FAC-2026-16599,Cencosud,Retail,09 - Septiembre,2026-09-23,60,2026-11-22,12619.39,47,31-60 días,Riesgo Moderado,Cliente Corporativo
FAC-2026-16600,Cencosud,Retail,09 - Septiembre,2026-09-06,30,2026-10-06,7495.25,87,61-90 días,Riesgo Alto,Cliente Corporativo
FAC-2026-16601,Cencosud,Retail,09 - Septiembre,2026-09-20,30,2026-10-20,4747.52,14,1-30 días,Atraso Preventivo,Cliente Corporativo
FAC-2026-16602,Cencosud,Retail,09 - Septiembre,2026-09-07,60,2026-11-06,2055.28,41,31-60 días,Riesgo Moderado,Cliente Corporativo
FAC-2026-16603,Cencosud,Retail,09 - Septiembre,2026-09-19,30,2026-10-19,2435.3,0,Al Día,Al Día / OK,Cliente Corporativo
FAC-2026-16604,Cencosud,Retail,09 - Septiembre,2026-09-24,30,2026-10-24,10907.31,45,31-60 días,Riesgo Moderado,Cliente Corporativo
FAC-2026-16605,Cencosud,Retail,09 - Septiembre,2026-09-20,45,2026-11-04,8929.3,9,1-30 días,Atraso Preventivo,Cliente Corporativo
FAC-2026-16606,Cencosud,Retail,09 - Septiembre,2026-09-17,45,2026-11-01,5159.35,12,1-30 días,Atraso Preventivo,Cliente Corporativo
FAC-2026-16607,El Puerto de Liverpool,Retail,09 - Septiembre,2026-09-20,15,2026-10-05,3420.32,0,Al Día,Al Día / OK,Cliente Corporativo
FAC-2026-16608,El Puerto de Liverpool,Retail,09 - Septiembre,2026-09-09,60,2026-11-08,10134.06,14,1-30 días,Atraso Preventivo,Cliente Corporativo
FAC-2026-16609,El Puerto de Liverpool,Retail,09 - Septiembre,2026-09-22,15,2026-10-07,5991.93,58,31-60 días,Riesgo Moderado,Cliente Corporativo
FAC-2026-16610,El Puerto de Liverpool,Retail,09 - Septiembre,2026-09-04,60,2026-11-03,17151.55,66,61-90 días,Riesgo Alto,Cliente Corporativo
FAC-2026-16611,El Puerto de Liverpool,Retail,09 - Septiembre,2026-09-11,60,2026-11-10,8690.12,136,+90 días (Crítico),En Mora / Crítico,Cliente Corporativo
FAC-2026-16612,El Puerto de Liverpool,Retail,09 - Septiembre,2026-09-23,45,2026-11-07,10575.94,0,Al Día,Al Día / OK,Cliente Corporativo
FAC-2026-16613,El Puerto de Liverpool,Retail,09 - Septiembre,2026-09-15,30,2026-10-15,27549.9,14,1-30 días,Atraso Preventivo,Cliente Corporativo
FAC-2026-16614,El Puerto de Liverpool,Retail,09 - Septiembre,2026-09-27,30,2026-10-27,19269.03,0,Al Día,Al Día / OK,Cliente Corporativo
FAC-2026-16615,El Puerto de Liverpool,Retail,09 - Septiembre,2026-09-22,60,2026-11-21,37218.18,0,Al Día,Al Día / OK,Cliente Corporativo
FAC-2026-16616,El Puerto de Liverpool,Retail,09 - Septiembre,2026-09-05,15,2026-09-20,34802.93,12,1-30 días,Atraso Preventivo,Cliente Corporativo
FAC-2026-16617,El Puerto de Liverpool,Retail,09 - Septiembre,2026-09-25,60,2026-11-24,9856.38,30,1-30 días,Atraso Preventivo,Cliente Corporativo
FAC-2026-16618,El Puerto de Liverpool,Retail,09 - Septiembre,2026-09-13,30,2026-10-13,5028.64,27,1-30 días,Atraso Preventivo,Cliente Corporativo
FAC-2026-16619,El Puerto de Liverpool,Retail,09 - Septiembre,2026-09-08,60,2026-11-07,21183.96,0,Al Día,Al Día / OK,Cliente Corporativo
FAC-2026-16620,El Puerto de Liverpool,Retail,09 - Septiembre,2026-09-04,60,2026-11-03,40063.6,18,1-30 días,Atraso Preventivo,Cliente Corporativo
FAC-2026-16621,El Puerto de Liverpool,Retail,09 - Septiembre,2026-09-18,60,2026-11-17,33379.74,0,Al Día,Al Día / OK,Cliente Corporativo
FAC-2026-16622,El Puerto de Liverpool,Retail,09 - Septiembre,2026-09-03,45,2026-10-18,46437.6,0,Al Día,Al Día / OK,Cliente Corporativo
FAC-2026-16623,El Puerto de Liverpool,Retail,09 - Septiembre,2026-09-09,30,2026-10-09,15324.42,23,1-30 días,Atraso Preventivo,Cliente Corporativo
FAC-2026-16624,El Puerto de Liverpool,Retail,09 - Septiembre,2026-09-14,30,2026-10-14,14546.98,0,Al Día,Al Día / OK,Cliente Corporativo
FAC-2026-16625,Coppel,Retail,09 - Septiembre,2026-09-02,30,2026-10-02,8627.79,0,Al Día,Al Día / OK,Cliente Corporativo
FAC-2026-16626,Coppel,Retail,09 - Septiembre,2026-09-21,15,2026-10-06,18728.15,24,1-30 días,Atraso Preventivo,Cliente Corporativo
FAC-2026-16627,Coppel,Retail,09 - Septiembre,2026-09-27,15,2026-10-12,37005.57,47,31-60 días,Riesgo Moderado,Cliente Corporativo
FAC-2026-16628,Coppel,Retail,09 - Septiembre,2026-09-30,15,2026-10-15,1829.4,77,61-90 días,Riesgo Alto,Cliente Corporativo
FAC-2026-16629,Coppel,Retail,09 - Septiembre,2026-09-22,30,2026-10-22,5074.62,123,+90 días (Crítico),En Mora / Crítico,Cliente Corporativo
FAC-2026-16630,Coppel,Retail,09 - Septiembre,2026-09-04,30,2026-10-04,17072.67,21,1-30 días,Atraso Preventivo,Cliente Corporativo
FAC-2026-16631,Coppel,Retail,09 - Septiembre,2026-09-03,45,2026-10-18,8785.79,0,Al Día,Al Día / OK,Cliente Corporativo
FAC-2026-16632,Coppel,Retail,09 - Septiembre,2026-09-05,45,2026-10-20,36325.92,0,Al Día,Al Día / OK,Cliente Corporativo
FAC-2026-16633,Coppel,Retail,09 - Septiembre,2026-09-16,60,2026-11-15,3107.12,0,Al Día,Al Día / OK,Cliente Corporativo
FAC-2026-16634,Coppel,Retail,09 - Septiembre,2026-09-12,60,2026-11-11,48343.19,25,1-30 días,Atraso Preventivo,Cliente Corporativo
FAC-2026-16635,Coppel,Retail,09 - Septiembre,2026-09-22,60,2026-11-21,17492.05,54,31-60 días,Riesgo Moderado,Cliente Corporativo
FAC-2026-16636,Coppel,Retail,09 - Septiembre,2026-09-11,15,2026-09-26,17824.04,171,+90 días (Crítico),En Mora / Crítico,Cliente Corporativo
FAC-2026-16637,Coppel,Retail,09 - Septiembre,2026-09-12,60,2026-11-11,13266.26,0,Al Día,Al Día / OK,Cliente Corporativo
FAC-2026-16638,Coppel,Retail,09 - Septiembre,2026-09-02,45,2026-10-17,23640.36,138,+90 días (Crítico),En Mora / Crítico,Cliente Corporativo
FAC-2026-16639,Coppel,Retail,09 - Septiembre,2026-09-18,45,2026-11-02,5355.24,0,Al Día,Al Día / OK,Cliente Corporativo
FAC-2026-16640,Coppel,Retail,09 - Septiembre,2026-09-09,30,2026-10-09,20471.64,0,Al Día,Al Día / OK,Cliente Corporativo
FAC-2026-16641,Coppel,Retail,09 - Septiembre,2026-09-16,60,2026-11-15,26104.56,20,1-30 días,Atraso Preventivo,Cliente Corporativo
FAC-2026-16642,Coppel,Retail,09 - Septiembre,2026-09-25,30,2026-10-25,22421.89,0,Al Día,Al Día / OK,Cliente Corporativo
FAC-2026-16643,Grupo Éxito,Retail,09 - Septiembre,2026-09-19,45,2026-11-03,16644.45,0,Al Día,Al Día / OK,Cliente Corporativo
FAC-2026-16644,Grupo Éxito,Retail,09 - Septiembre,2026-09-11,30,2026-10-11,13523.39,19,1-30 días,Atraso Preventivo,Cliente Corporativo
FAC-2026-16645,Grupo Éxito,Retail,09 - Septiembre,2026-09-07,45,2026-10-22,3634.75,60,31-60 días,Riesgo Moderado,Cliente Corporativo
FAC-2026-16646,Grupo Éxito,Retail,09 - Septiembre,2026-09-24,45,2026-11-08,13649.2,85,61-90 días,Riesgo Alto,Cliente Corporativo
FAC-2026-16647,Grupo Éxito,Retail,09 - Septiembre,2026-09-04,30,2026-10-04,6019.38,104,+90 días (Crítico),En Mora / Crítico,Cliente Corporativo
FAC-2026-16648,Grupo Éxito,Retail,09 - Septiembre,2026-09-18,60,2026-11-17,11119.55,0,Al Día,Al Día / OK,Cliente Corporativo
FAC-2026-16649,Grupo Éxito,Retail,09 - Septiembre,2026-09-06,45,2026-10-21,8500.66,0,Al Día,Al Día / OK,Cliente Corporativo
FAC-2026-16650,Grupo Éxito,Retail,09 - Septiembre,2026-09-18,30,2026-10-18,7338.32,15,1-30 días,Atraso Preventivo,Cliente Corporativo
FAC-2026-16651,Grupo Éxito,Retail,09 - Septiembre,2026-09-19,30,2026-10-19,1225.61,0,Al Día,Al Día / OK,Cliente Corporativo
FAC-2026-16652,Grupo Éxito,Retail,09 - Septiembre,2026-09-16,30,2026-10-16,1827.96,57,31-60 días,Riesgo Moderado,Cliente Corporativo
FAC-2026-16653,Grupo Éxito,Retail,09 - Septiembre,2026-09-11,45,2026-10-26,10571.29,44,31-60 días,Riesgo Moderado,Cliente Corporativo
FAC-2026-16654,Grupo Éxito,Retail,09 - Septiembre,2026-09-07,30,2026-10-07,10678.46,78,61-90 días,Riesgo Alto,Cliente Corporativo
FAC-2026-16655,Grupo Éxito,Retail,09 - Septiembre,2026-09-07,60,2026-11-06,21912.37,0,Al Día,Al Día / OK,Cliente Corporativo
FAC-2026-16656,Grupo Éxito,Retail,09 - Septiembre,2026-09-14,30,2026-10-14,3908.75,0,Al Día,Al Día / OK,Cliente Corporativo
FAC-2026-16657,Grupo Éxito,Retail,09 - Septiembre,2026-09-26,45,2026-11-10,29635.0,0,Al Día,Al Día / OK,Cliente Corporativo
FAC-2026-16658,Grupo Éxito,Retail,09 - Septiembre,2026-09-19,60,2026-11-18,8669.61,16,1-30 días,Atraso Preventivo,Cliente Corporativo
FAC-2026-16659,Grupo Éxito,Retail,09 - Septiembre,2026-09-27,60,2026-11-26,23613.12,0,Al Día,Al Día / OK,Cliente Corporativo
FAC-2026-16660,FEMSA Comercio (OXXO),Retail,09 - Septiembre,2026-09-01,15,2026-09-16,1709.77,0,Al Día,Al Día / OK,Cliente Corporativo
FAC-2026-16661,FEMSA Comercio (OXXO),Retail,09 - Septiembre,2026-09-12,15,2026-09-27,19940.53,27,1-30 días,Atraso Preventivo,Cliente Corporativo
FAC-2026-16662,FEMSA Comercio (OXXO),Retail,09 - Septiembre,2026-09-09,60,2026-11-08,19374.48,32,31-60 días,Riesgo Moderado,Cliente Corporativo
FAC-2026-16663,FEMSA Comercio (OXXO),Retail,09 - Septiembre,2026-09-09,45,2026-10-24,64005.38,80,61-90 días,Riesgo Alto,Cliente Corporativo
FAC-2026-16664,FEMSA Comercio (OXXO),Retail,09 - Septiembre,2026-09-14,15,2026-09-29,8054.71,125,+90 días (Crítico),En Mora / Crítico,Cliente Corporativo
FAC-2026-16665,FEMSA Comercio (OXXO),Retail,09 - Septiembre,2026-09-22,60,2026-11-21,27159.01,14,1-30 días,Atraso Preventivo,Cliente Corporativo
FAC-2026-16666,FEMSA Comercio (OXXO),Retail,09 - Septiembre,2026-09-13,15,2026-09-28,25591.27,0,Al Día,Al Día / OK,Cliente Corporativo
FAC-2026-16667,FEMSA Comercio (OXXO),Retail,09 - Septiembre,2026-09-07,30,2026-10-07,21797.64,22,1-30 días,Atraso Preventivo,Cliente Corporativo
FAC-2026-16668,FEMSA Comercio (OXXO),Retail,09 - Septiembre,2026-09-05,60,2026-11-04,10526.63,0,Al Día,Al Día / OK,Cliente Corporativo
FAC-2026-16669,FEMSA Comercio (OXXO),Retail,09 - Septiembre,2026-09-05,45,2026-10-20,37535.53,94,+90 días (Crítico),En Mora / Crítico,Cliente Corporativo
FAC-2026-16670,FEMSA Comercio (OXXO),Retail,09 - Septiembre,2026-09-17,15,2026-10-02,22243.06,30,1-30 días,Atraso Preventivo,Cliente Corporativo
FAC-2026-16671,FEMSA Comercio (OXXO),Retail,09 - Septiembre,2026-09-11,45,2026-10-26,6433.7,20,1-30 días,Atraso Preventivo,Cliente Corporativo
FAC-2026-16672,FEMSA Comercio (OXXO),Retail,09 - Septiembre,2026-09-22,60,2026-11-21,29974.22,0,Al Día,Al Día / OK,Cliente Corporativo
FAC-2026-16673,FEMSA Comercio (OXXO),Retail,09 - Septiembre,2026-09-06,30,2026-10-06,19173.48,79,61-90 días,Riesgo Alto,Cliente Corporativo
FAC-2026-16674,FEMSA Comercio (OXXO),Retail,09 - Septiembre,2026-09-17,60,2026-11-16,7460.07,0,Al Día,Al Día / OK,Cliente Corporativo
FAC-2026-16675,FEMSA Comercio (OXXO),Retail,09 - Septiembre,2026-09-05,30,2026-10-05,12690.39,0,Al Día,Al Día / OK,Cliente Corporativo
FAC-2026-16676,FEMSA Comercio (OXXO),Retail,09 - Septiembre,2026-09-18,60,2026-11-17,5332.48,55,31-60 días,Riesgo Moderado,Cliente Corporativo
FAC-2026-16677,FEMSA Comercio (OXXO),Retail,09 - Septiembre,2026-09-26,30,2026-10-26,49318.61,77,61-90 días,Riesgo Alto,Cliente Corporativo
FAC-2026-16678,FEMSA Comercio (OXXO),Retail,09 - Septiembre,2026-09-23,45,2026-11-07,23647.69,69,61-90 días,Riesgo Alto,Cliente Corporativo
FAC-2026-16679,Chedraui,Retail,09 - Septiembre,2026-09-05,15,2026-09-20,10902.95,0,Al Día,Al Día / OK,Cliente Corporativo
FAC-2026-16680,Chedraui,Retail,09 - Septiembre,2026-09-09,45,2026-10-24,3808.76,22,1-30 días,Atraso Preventivo,Cliente Corporativo
FAC-2026-16681,Chedraui,Retail,09 - Septiembre,2026-09-25,60,2026-11-24,7274.78,42,31-60 días,Riesgo Moderado,Cliente Corporativo
FAC-2026-16682,Chedraui,Retail,09 - Septiembre,2026-09-28,15,2026-10-13,3065.54,80,61-90 días,Riesgo Alto,Cliente Corporativo
FAC-2026-16683,Chedraui,Retail,09 - Septiembre,2026-09-27,30,2026-10-27,35285.5,153,+90 días (Crítico),En Mora / Crítico,Cliente Corporativo
FAC-2026-16684,Chedraui,Retail,09 - Septiembre,2026-09-09,60,2026-11-08,33942.38,0,Al Día,Al Día / OK,Cliente Corporativo
FAC-2026-16685,Chedraui,Retail,09 - Septiembre,2026-09-29,45,2026-11-13,1384.09,0,Al Día,Al Día / OK,Cliente Corporativo
FAC-2026-16686,Chedraui,Retail,09 - Septiembre,2026-09-19,30,2026-10-19,31386.7,18,1-30 días,Atraso Preventivo,Cliente Corporativo
FAC-2026-16687,Chedraui,Retail,09 - Septiembre,2026-09-25,60,2026-11-24,31199.38,7,1-30 días,Atraso Preventivo,Cliente Corporativo
FAC-2026-16688,Chedraui,Retail,09 - Septiembre,2026-09-14,15,2026-09-29,6347.48,0,Al Día,Al Día / OK,Cliente Corporativo
FAC-2026-16689,Chedraui,Retail,09 - Septiembre,2026-09-19,45,2026-11-03,5584.49,20,1-30 días,Atraso Preventivo,Cliente Corporativo
FAC-2026-16690,Chedraui,Retail,09 - Septiembre,2026-09-08,15,2026-09-23,67752.73,159,+90 días (Crítico),En Mora / Crítico,Cliente Corporativo
FAC-2026-16691,Chedraui,Retail,09 - Septiembre,2026-09-25,15,2026-10-10,21339.93,0,Al Día,Al Día / OK,Cliente Corporativo
FAC-2026-16692,Chedraui,Retail,09 - Septiembre,2026-09-26,60,2026-11-25,17424.38,44,31-60 días,Riesgo Moderado,Cliente Corporativo
FAC-2026-16693,Chedraui,Retail,09 - Septiembre,2026-09-10,45,2026-10-25,2406.93,34,31-60 días,Riesgo Moderado,Cliente Corporativo
FAC-2026-16694,Chedraui,Retail,09 - Septiembre,2026-09-01,15,2026-09-16,6256.02,0,Al Día,Al Día / OK,Cliente Corporativo
FAC-2026-16695,Chedraui,Retail,09 - Septiembre,2026-09-25,60,2026-11-24,12907.28,0,Al Día,Al Día / OK,Cliente Corporativo
FAC-2026-16696,Chedraui,Retail,09 - Septiembre,2026-09-26,45,2026-11-10,14525.86,0,Al Día,Al Día / OK,Cliente Corporativo
FAC-2026-16697,América Móvil (Claro),Telecom,09 - Septiembre,2026-09-21,60,2026-11-20,7580.92,0,Al Día,Al Día / OK,Cliente Corporativo
FAC-2026-16698,América Móvil (Claro),Telecom,09 - Septiembre,2026-09-01,30,2026-10-01,7547.51,8,1-30 días,Atraso Preventivo,Cliente Corporativo
FAC-2026-16699,América Móvil (Claro),Telecom,09 - Septiembre,2026-09-25,60,2026-11-24,31340.89,50,31-60 días,Riesgo Moderado,Cliente Corporativo
FAC-2026-16700,América Móvil (Claro),Telecom,09 - Septiembre,2026-09-04,60,2026-11-03,38268.76,71,61-90 días,Riesgo Alto,Cliente Corporativo
FAC-2026-16701,América Móvil (Claro),Telecom,09 - Septiembre,2026-09-14,60,2026-11-13,18917.86,103,+90 días (Crítico),En Mora / Crítico,Cliente Corporativo
FAC-2026-16702,América Móvil (Claro),Telecom,09 - Septiembre,2026-09-25,45,2026-11-09,8968.23,0,Al Día,Al Día / OK,Cliente Corporativo
FAC-2026-16703,América Móvil (Claro),Telecom,09 - Septiembre,2026-09-11,30,2026-10-11,17708.48,0,Al Día,Al Día / OK,Cliente Corporativo
FAC-2026-16704,América Móvil (Claro),Telecom,09 - Septiembre,2026-09-14,15,2026-09-29,62052.93,0,Al Día,Al Día / OK,Cliente Corporativo
FAC-2026-16705,América Móvil (Claro),Telecom,09 - Septiembre,2026-09-03,30,2026-10-03,16716.52,60,31-60 días,Riesgo Moderado,Cliente Corporativo
FAC-2026-16706,América Móvil (Claro),Telecom,09 - Septiembre,2026-09-13,30,2026-10-13,56391.54,0,Al Día,Al Día / OK,Cliente Corporativo
FAC-2026-16707,América Móvil (Claro),Telecom,09 - Septiembre,2026-09-08,60,2026-11-07,13066.74,0,Al Día,Al Día / OK,Cliente Corporativo
FAC-2026-16708,América Móvil (Claro),Telecom,09 - Septiembre,2026-09-07,45,2026-10-22,18422.18,0,Al Día,Al Día / OK,Cliente Corporativo
FAC-2026-16709,América Móvil (Claro),Telecom,09 - Septiembre,2026-09-13,60,2026-11-12,19135.99,0,Al Día,Al Día / OK,Cliente Corporativo
FAC-2026-16710,América Móvil (Claro),Telecom,09 - Septiembre,2026-09-05,45,2026-10-20,26312.6,26,1-30 días,Atraso Preventivo,Cliente Corporativo
FAC-2026-16711,América Móvil (Claro),Telecom,09 - Septiembre,2026-09-02,15,2026-09-17,27651.67,150,+90 días (Crítico),En Mora / Crítico,Cliente Corporativo
FAC-2026-16712,América Móvil (Claro),Telecom,09 - Septiembre,2026-09-07,30,2026-10-07,51072.51,0,Al Día,Al Día / OK,Cliente Corporativo
FAC-2026-16713,América Móvil (Claro),Telecom,09 - Septiembre,2026-09-22,60,2026-11-21,12044.87,10,1-30 días,Atraso Preventivo,Cliente Corporativo
FAC-2026-16714,Telefónica (Movistar),Telecom,09 - Septiembre,2026-09-13,45,2026-10-28,6327.09,0,Al Día,Al Día / OK,Cliente Corporativo
FAC-2026-16715,Telefónica (Movistar),Telecom,09 - Septiembre,2026-09-14,30,2026-10-14,16115.51,9,1-30 días,Atraso Preventivo,Cliente Corporativo
FAC-2026-16716,Telefónica (Movistar),Telecom,09 - Septiembre,2026-09-24,60,2026-11-23,35153.28,45,31-60 días,Riesgo Moderado,Cliente Corporativo
FAC-2026-16717,Telefónica (Movistar),Telecom,09 - Septiembre,2026-09-06,45,2026-10-21,7477.98,85,61-90 días,Riesgo Alto,Cliente Corporativo
FAC-2026-16718,Telefónica (Movistar),Telecom,09 - Septiembre,2026-09-29,45,2026-11-13,31468.53,100,+90 días (Crítico),En Mora / Crítico,Cliente Corporativo
FAC-2026-16719,Telefónica (Movistar),Telecom,09 - Septiembre,2026-09-17,45,2026-11-01,43886.26,0,Al Día,Al Día / OK,Cliente Corporativo
FAC-2026-16720,Telefónica (Movistar),Telecom,09 - Septiembre,2026-09-05,60,2026-11-04,8436.93,0,Al Día,Al Día / OK,Cliente Corporativo
FAC-2026-16721,Telefónica (Movistar),Telecom,09 - Septiembre,2026-09-01,45,2026-10-16,7488.37,55,31-60 días,Riesgo Moderado,Cliente Corporativo
FAC-2026-16722,Telefónica (Movistar),Telecom,09 - Septiembre,2026-09-24,60,2026-11-23,11870.21,0,Al Día,Al Día / OK,Cliente Corporativo
FAC-2026-16723,Telefónica (Movistar),Telecom,09 - Septiembre,2026-09-15,45,2026-10-30,84746.96,0,Al Día,Al Día / OK,Cliente Corporativo
FAC-2026-16724,Telefónica (Movistar),Telecom,09 - Septiembre,2026-09-01,60,2026-10-31,20058.51,30,1-30 días,Atraso Preventivo,Cliente Corporativo
FAC-2026-16725,Telefónica (Movistar),Telecom,09 - Septiembre,2026-09-29,60,2026-11-28,10524.83,0,Al Día,Al Día / OK,Cliente Corporativo
FAC-2026-16726,Telefónica (Movistar),Telecom,09 - Septiembre,2026-09-26,60,2026-11-25,14702.74,0,Al Día,Al Día / OK,Cliente Corporativo
FAC-2026-16727,Telefónica (Movistar),Telecom,09 - Septiembre,2026-09-28,45,2026-11-12,17125.9,0,Al Día,Al Día / OK,Cliente Corporativo
FAC-2026-16728,Telefónica (Movistar),Telecom,09 - Septiembre,2026-09-04,60,2026-11-03,4533.81,53,31-60 días,Riesgo Moderado,Cliente Corporativo
FAC-2026-16729,Telefónica (Movistar),Telecom,09 - Septiembre,2026-09-14,15,2026-09-29,13751.13,29,1-30 días,Atraso Preventivo,Cliente Corporativo
FAC-2026-16730,Telefónica (Movistar),Telecom,09 - Septiembre,2026-09-12,45,2026-10-27,38103.15,0,Al Día,Al Día / OK,Cliente Corporativo
FAC-2026-16731,Millicom (Tigo),Telecom,09 - Septiembre,2026-09-05,45,2026-10-20,25886.49,0,Al Día,Al Día / OK,Cliente Corporativo
FAC-2026-16732,Millicom (Tigo),Telecom,09 - Septiembre,2026-09-25,60,2026-11-24,4578.55,19,1-30 días,Atraso Preventivo,Cliente Corporativo
FAC-2026-16733,Millicom (Tigo),Telecom,09 - Septiembre,2026-09-25,60,2026-11-24,44965.14,36,31-60 días,Riesgo Moderado,Cliente Corporativo
FAC-2026-16734,Millicom (Tigo),Telecom,09 - Septiembre,2026-09-25,30,2026-10-25,19394.78,84,61-90 días,Riesgo Alto,Cliente Corporativo
FAC-2026-16735,Millicom (Tigo),Telecom,09 - Septiembre,2026-09-05,30,2026-10-05,3817.82,106,+90 días (Crítico),En Mora / Crítico,Cliente Corporativo
FAC-2026-16736,Millicom (Tigo),Telecom,09 - Septiembre,2026-09-18,30,2026-10-18,4734.69,0,Al Día,Al Día / OK,Cliente Corporativo
FAC-2026-16737,Millicom (Tigo),Telecom,09 - Septiembre,2026-09-16,60,2026-11-15,29235.34,20,1-30 días,Atraso Preventivo,Cliente Corporativo
FAC-2026-16738,Millicom (Tigo),Telecom,09 - Septiembre,2026-09-11,30,2026-10-11,1228.87,0,Al Día,Al Día / OK,Cliente Corporativo
FAC-2026-16739,Millicom (Tigo),Telecom,09 - Septiembre,2026-09-14,60,2026-11-13,37512.5,0,Al Día,Al Día / OK,Cliente Corporativo
FAC-2026-16740,Millicom (Tigo),Telecom,09 - Septiembre,2026-09-04,30,2026-10-04,25513.63,0,Al Día,Al Día / OK,Cliente Corporativo
FAC-2026-16741,Millicom (Tigo),Telecom,09 - Septiembre,2026-09-03,60,2026-11-02,1480.47,0,Al Día,Al Día / OK,Cliente Corporativo
FAC-2026-16742,Millicom (Tigo),Telecom,09 - Septiembre,2026-09-04,15,2026-09-19,31731.74,0,Al Día,Al Día / OK,Cliente Corporativo
FAC-2026-16743,Millicom (Tigo),Telecom,09 - Septiembre,2026-09-10,60,2026-11-09,7159.41,46,31-60 días,Riesgo Moderado,Cliente Corporativo
FAC-2026-16744,Millicom (Tigo),Telecom,09 - Septiembre,2026-09-09,60,2026-11-08,1862.15,107,+90 días (Crítico),En Mora / Crítico,Cliente Corporativo
FAC-2026-16745,Millicom (Tigo),Telecom,09 - Septiembre,2026-09-08,45,2026-10-23,8393.17,0,Al Día,Al Día / OK,Cliente Corporativo
FAC-2026-16746,Millicom (Tigo),Telecom,09 - Septiembre,2026-09-17,45,2026-11-01,8789.08,60,31-60 días,Riesgo Moderado,Cliente Corporativo
FAC-2026-16747,Millicom (Tigo),Telecom,09 - Septiembre,2026-09-22,30,2026-10-22,5282.08,22,1-30 días,Atraso Preventivo,Cliente Corporativo
FAC-2026-16748,Millicom (Tigo),Telecom,09 - Septiembre,2026-09-21,15,2026-10-06,56698.84,22,1-30 días,Atraso Preventivo,Cliente Corporativo
FAC-2026-16749,Millicom (Tigo),Telecom,09 - Septiembre,2026-09-04,45,2026-10-19,14891.52,32,31-60 días,Riesgo Moderado,Cliente Corporativo
FAC-2026-16750,Entel,Telecom,09 - Septiembre,2026-09-01,60,2026-10-31,6310.67,0,Al Día,Al Día / OK,Cliente Corporativo
FAC-2026-16751,Entel,Telecom,09 - Septiembre,2026-09-01,60,2026-10-31,19905.55,19,1-30 días,Atraso Preventivo,Cliente Corporativo
FAC-2026-16752,Entel,Telecom,09 - Septiembre,2026-09-18,15,2026-10-03,9168.39,40,31-60 días,Riesgo Moderado,Cliente Corporativo
FAC-2026-16753,Entel,Telecom,09 - Septiembre,2026-09-24,45,2026-11-08,10516.32,85,61-90 días,Riesgo Alto,Cliente Corporativo
FAC-2026-16754,Entel,Telecom,09 - Septiembre,2026-09-28,30,2026-10-28,6714.15,134,+90 días (Crítico),En Mora / Crítico,Cliente Corporativo
FAC-2026-16755,Entel,Telecom,09 - Septiembre,2026-09-12,60,2026-11-11,4669.48,6,1-30 días,Atraso Preventivo,Cliente Corporativo
FAC-2026-16756,Entel,Telecom,09 - Septiembre,2026-09-29,15,2026-10-14,6161.42,47,31-60 días,Riesgo Moderado,Cliente Corporativo
FAC-2026-16757,Entel,Telecom,09 - Septiembre,2026-09-09,45,2026-10-24,16115.76,9,1-30 días,Atraso Preventivo,Cliente Corporativo
FAC-2026-16758,Entel,Telecom,09 - Septiembre,2026-09-23,60,2026-11-22,45230.23,6,1-30 días,Atraso Preventivo,Cliente Corporativo
FAC-2026-16759,Entel,Telecom,09 - Septiembre,2026-09-05,30,2026-10-05,7611.55,0,Al Día,Al Día / OK,Cliente Corporativo
FAC-2026-16760,Entel,Telecom,09 - Septiembre,2026-09-13,60,2026-11-12,5889.06,0,Al Día,Al Día / OK,Cliente Corporativo
FAC-2026-16761,Entel,Telecom,09 - Septiembre,2026-09-14,30,2026-10-14,39684.93,31,31-60 días,Riesgo Moderado,Cliente Corporativo
FAC-2026-16762,Entel,Telecom,09 - Septiembre,2026-09-26,60,2026-11-25,41036.03,69,61-90 días,Riesgo Alto,Cliente Corporativo
FAC-2026-16763,Entel,Telecom,09 - Septiembre,2026-09-19,30,2026-10-19,1471.68,0,Al Día,Al Día / OK,Cliente Corporativo
FAC-2026-16764,Entel,Telecom,09 - Septiembre,2026-09-30,60,2026-11-29,1663.28,0,Al Día,Al Día / OK,Cliente Corporativo
FAC-2026-16765,Entel,Telecom,09 - Septiembre,2026-09-01,30,2026-10-01,22410.43,0,Al Día,Al Día / OK,Cliente Corporativo
FAC-2026-16766,Entel,Telecom,09 - Septiembre,2026-09-26,45,2026-11-10,33145.8,46,31-60 días,Riesgo Moderado,Cliente Corporativo
FAC-2026-16767,Entel,Telecom,09 - Septiembre,2026-09-29,15,2026-10-14,7445.27,0,Al Día,Al Día / OK,Cliente Corporativo
FAC-2026-16768,Entel,Telecom,09 - Septiembre,2026-09-09,30,2026-10-09,20242.85,60,31-60 días,Riesgo Moderado,Cliente Corporativo
FAC-2026-16769,Entel,Telecom,09 - Septiembre,2026-09-07,60,2026-11-06,23465.43,0,Al Día,Al Día / OK,Cliente Corporativo
FAC-2026-16770,AT&T,Telecom,09 - Septiembre,2026-09-11,15,2026-09-26,22855.06,0,Al Día,Al Día / OK,Cliente Corporativo
FAC-2026-16771,AT&T,Telecom,09 - Septiembre,2026-09-28,30,2026-10-28,23687.46,11,1-30 días,Atraso Preventivo,Cliente Corporativo
FAC-2026-16772,AT&T,Telecom,09 - Septiembre,2026-09-08,15,2026-09-23,10698.11,43,31-60 días,Riesgo Moderado,Cliente Corporativo
FAC-2026-16773,AT&T,Telecom,09 - Septiembre,2026-09-20,30,2026-10-20,47112.45,65,61-90 días,Riesgo Alto,Cliente Corporativo
FAC-2026-16774,AT&T,Telecom,09 - Septiembre,2026-09-14,60,2026-11-13,7725.32,119,+90 días (Crítico),En Mora / Crítico,Cliente Corporativo
FAC-2026-16775,AT&T,Telecom,09 - Septiembre,2026-09-20,30,2026-10-20,12415.61,0,Al Día,Al Día / OK,Cliente Corporativo
FAC-2026-16776,AT&T,Telecom,09 - Septiembre,2026-09-20,60,2026-11-19,19053.89,12,1-30 días,Atraso Preventivo,Cliente Corporativo
FAC-2026-16777,AT&T,Telecom,09 - Septiembre,2026-09-05,30,2026-10-05,32657.48,6,1-30 días,Atraso Preventivo,Cliente Corporativo
FAC-2026-16778,AT&T,Telecom,09 - Septiembre,2026-09-16,30,2026-10-16,4228.55,58,31-60 días,Riesgo Moderado,Cliente Corporativo
FAC-2026-16779,AT&T,Telecom,09 - Septiembre,2026-09-23,45,2026-11-07,16157.67,7,1-30 días,Atraso Preventivo,Cliente Corporativo
FAC-2026-16780,AT&T,Telecom,09 - Septiembre,2026-09-23,15,2026-10-08,25127.93,10,1-30 días,Atraso Preventivo,Cliente Corporativo
FAC-2026-16781,AT&T,Telecom,09 - Septiembre,2026-09-24,30,2026-10-24,92705.04,128,+90 días (Crítico),En Mora / Crítico,Cliente Corporativo
FAC-2026-16782,AT&T,Telecom,09 - Septiembre,2026-09-14,15,2026-09-29,81249.45,40,31-60 días,Riesgo Moderado,Cliente Corporativo
FAC-2026-16783,AT&T,Telecom,09 - Septiembre,2026-09-12,30,2026-10-12,6598.21,28,1-30 días,Atraso Preventivo,Cliente Corporativo
FAC-2026-16784,AT&T,Telecom,09 - Septiembre,2026-09-02,15,2026-09-17,10307.12,0,Al Día,Al Día / OK,Cliente Corporativo
FAC-2026-16785,Liberty Latin America,Telecom,09 - Septiembre,2026-09-22,60,2026-11-21,6802.65,0,Al Día,Al Día / OK,Cliente Corporativo
FAC-2026-16786,Liberty Latin America,Telecom,09 - Septiembre,2026-09-21,60,2026-11-20,48178.98,8,1-30 días,Atraso Preventivo,Cliente Corporativo
FAC-2026-16787,Liberty Latin America,Telecom,09 - Septiembre,2026-09-01,30,2026-10-01,8070.68,44,31-60 días,Riesgo Moderado,Cliente Corporativo
FAC-2026-16788,Liberty Latin America,Telecom,09 - Septiembre,2026-09-10,45,2026-10-25,25646.05,83,61-90 días,Riesgo Alto,Cliente Corporativo
FAC-2026-16789,Liberty Latin America,Telecom,09 - Septiembre,2026-09-22,60,2026-11-21,56136.12,153,+90 días (Crítico),En Mora / Crítico,Cliente Corporativo
FAC-2026-16790,Liberty Latin America,Telecom,09 - Septiembre,2026-09-03,60,2026-11-02,9562.56,160,+90 días (Crítico),En Mora / Crítico,Cliente Corporativo
FAC-2026-16791,Liberty Latin America,Telecom,09 - Septiembre,2026-09-28,60,2026-11-27,23551.83,40,31-60 días,Riesgo Moderado,Cliente Corporativo
FAC-2026-16792,Liberty Latin America,Telecom,09 - Septiembre,2026-09-05,15,2026-09-20,8009.33,0,Al Día,Al Día / OK,Cliente Corporativo
FAC-2026-16793,Liberty Latin America,Telecom,09 - Septiembre,2026-09-09,45,2026-10-24,1373.29,0,Al Día,Al Día / OK,Cliente Corporativo
FAC-2026-16794,Liberty Latin America,Telecom,09 - Septiembre,2026-09-30,30,2026-10-30,6116.61,6,1-30 días,Atraso Preventivo,Cliente Corporativo
FAC-2026-16795,Liberty Latin America,Telecom,09 - Septiembre,2026-09-10,30,2026-10-10,27092.25,26,1-30 días,Atraso Preventivo,Cliente Corporativo
FAC-2026-16796,Liberty Latin America,Telecom,09 - Septiembre,2026-09-04,15,2026-09-19,4145.79,0,Al Día,Al Día / OK,Cliente Corporativo
FAC-2026-16797,Liberty Latin America,Telecom,09 - Septiembre,2026-09-17,60,2026-11-16,12095.54,0,Al Día,Al Día / OK,Cliente Corporativo
FAC-2026-16798,Telecom Argentina,Telecom,09 - Septiembre,2026-09-04,45,2026-10-19,25189.82,0,Al Día,Al Día / OK,Cliente Corporativo
FAC-2026-16799,Telecom Argentina,Telecom,09 - Septiembre,2026-09-23,60,2026-11-22,5307.07,8,1-30 días,Atraso Preventivo,Cliente Corporativo
FAC-2026-16800,Telecom Argentina,Telecom,09 - Septiembre,2026-09-05,15,2026-09-20,14330.77,41,31-60 días,Riesgo Moderado,Cliente Corporativo
FAC-2026-16801,Telecom Argentina,Telecom,09 - Septiembre,2026-09-05,15,2026-09-20,8079.78,68,61-90 días,Riesgo Alto,Cliente Corporativo
FAC-2026-16802,Telecom Argentina,Telecom,09 - Septiembre,2026-09-13,15,2026-09-28,6225.01,117,+90 días (Crítico),En Mora / Crítico,Cliente Corporativo
FAC-2026-16803,Telecom Argentina,Telecom,09 - Septiembre,2026-09-02,60,2026-11-01,5136.08,0,Al Día,Al Día / OK,Cliente Corporativo
FAC-2026-16804,Telecom Argentina,Telecom,09 - Septiembre,2026-09-06,45,2026-10-21,28447.86,10,1-30 días,Atraso Preventivo,Cliente Corporativo
FAC-2026-16805,Telecom Argentina,Telecom,09 - Septiembre,2026-09-25,15,2026-10-10,23679.5,0,Al Día,Al Día / OK,Cliente Corporativo
FAC-2026-16806,Telecom Argentina,Telecom,09 - Septiembre,2026-09-17,15,2026-10-02,34901.16,0,Al Día,Al Día / OK,Cliente Corporativo
FAC-2026-16807,Telecom Argentina,Telecom,09 - Septiembre,2026-09-29,45,2026-11-13,33675.67,0,Al Día,Al Día / OK,Cliente Corporativo
FAC-2026-16808,Telecom Argentina,Telecom,09 - Septiembre,2026-09-09,60,2026-11-08,21765.93,0,Al Día,Al Día / OK,Cliente Corporativo
FAC-2026-16809,Telecom Argentina,Telecom,09 - Septiembre,2026-09-04,15,2026-09-19,6828.04,8,1-30 días,Atraso Preventivo,Cliente Corporativo
FAC-2026-16810,Telecom Argentina,Telecom,09 - Septiembre,2026-09-28,30,2026-10-28,5300.1,0,Al Día,Al Día / OK,Cliente Corporativo
FAC-2026-16811,Banco Santander,Banca & Fintech,09 - Septiembre,2026-09-22,15,2026-10-07,5919.87,0,Al Día,Al Día / OK,Cliente Corporativo
FAC-2026-16812,Banco Santander,Banca & Fintech,09 - Septiembre,2026-09-08,15,2026-09-23,1515.45,14,1-30 días,Atraso Preventivo,Cliente Corporativo
FAC-2026-16813,Banco Santander,Banca & Fintech,09 - Septiembre,2026-09-15,60,2026-11-14,34085.31,49,31-60 días,Riesgo Moderado,Cliente Corporativo
FAC-2026-16814,Banco Santander,Banca & Fintech,09 - Septiembre,2026-09-10,60,2026-11-09,32751.64,65,61-90 días,Riesgo Alto,Cliente Corporativo
FAC-2026-16815,Banco Santander,Banca & Fintech,09 - Septiembre,2026-09-07,45,2026-10-22,2417.41,144,+90 días (Crítico),En Mora / Crítico,Cliente Corporativo
FAC-2026-16816,Banco Santander,Banca & Fintech,09 - Septiembre,2026-09-15,30,2026-10-15,18599.96,19,1-30 días,Atraso Preventivo,Cliente Corporativo
FAC-2026-16817,Banco Santander,Banca & Fintech,09 - Septiembre,2026-09-29,60,2026-11-28,15660.8,15,1-30 días,Atraso Preventivo,Cliente Corporativo
FAC-2026-16818,Banco Santander,Banca & Fintech,09 - Septiembre,2026-09-27,15,2026-10-12,11575.79,0,Al Día,Al Día / OK,Cliente Corporativo
FAC-2026-16819,Banco Santander,Banca & Fintech,09 - Septiembre,2026-09-26,15,2026-10-11,9798.56,0,Al Día,Al Día / OK,Cliente Corporativo
FAC-2026-16820,Banco Santander,Banca & Fintech,09 - Septiembre,2026-09-25,15,2026-10-10,62904.82,0,Al Día,Al Día / OK,Cliente Corporativo
FAC-2026-16821,Banco Santander,Banca & Fintech,09 - Septiembre,2026-09-17,60,2026-11-16,3766.02,9,1-30 días,Atraso Preventivo,Cliente Corporativo
FAC-2026-16822,Banco Santander,Banca & Fintech,09 - Septiembre,2026-09-16,60,2026-11-15,2556.88,0,Al Día,Al Día / OK,Cliente Corporativo
FAC-2026-16823,Banco Santander,Banca & Fintech,09 - Septiembre,2026-09-04,30,2026-10-04,6268.47,0,Al Día,Al Día / OK,Cliente Corporativo
FAC-2026-16824,BBVA,Banca & Fintech,09 - Septiembre,2026-09-13,15,2026-09-28,2508.86,0,Al Día,Al Día / OK,Cliente Corporativo
FAC-2026-16825,BBVA,Banca & Fintech,09 - Septiembre,2026-09-09,30,2026-10-09,26568.56,14,1-30 días,Atraso Preventivo,Cliente Corporativo
FAC-2026-16826,BBVA,Banca & Fintech,09 - Septiembre,2026-09-11,60,2026-11-10,6297.24,39,31-60 días,Riesgo Moderado,Cliente Corporativo
FAC-2026-16827,BBVA,Banca & Fintech,09 - Septiembre,2026-09-11,45,2026-10-26,83505.85,89,61-90 días,Riesgo Alto,Cliente Corporativo
FAC-2026-16828,BBVA,Banca & Fintech,09 - Septiembre,2026-09-07,60,2026-11-06,19063.88,169,+90 días (Crítico),En Mora / Crítico,Cliente Corporativo
FAC-2026-16829,BBVA,Banca & Fintech,09 - Septiembre,2026-09-18,30,2026-10-18,1774.0,0,Al Día,Al Día / OK,Cliente Corporativo
FAC-2026-16830,BBVA,Banca & Fintech,09 - Septiembre,2026-09-11,45,2026-10-26,28660.48,27,1-30 días,Atraso Preventivo,Cliente Corporativo
FAC-2026-16831,BBVA,Banca & Fintech,09 - Septiembre,2026-09-03,45,2026-10-18,19483.68,0,Al Día,Al Día / OK,Cliente Corporativo
FAC-2026-16832,BBVA,Banca & Fintech,09 - Septiembre,2026-09-20,15,2026-10-05,10961.81,0,Al Día,Al Día / OK,Cliente Corporativo
FAC-2026-16833,BBVA,Banca & Fintech,09 - Septiembre,2026-09-26,45,2026-11-10,3812.43,0,Al Día,Al Día / OK,Cliente Corporativo
FAC-2026-16834,BBVA,Banca & Fintech,09 - Septiembre,2026-09-11,60,2026-11-10,4377.59,0,Al Día,Al Día / OK,Cliente Corporativo
FAC-2026-16835,BBVA,Banca & Fintech,09 - Septiembre,2026-09-27,15,2026-10-12,5524.22,39,31-60 días,Riesgo Moderado,Cliente Corporativo
FAC-2026-16836,BBVA,Banca & Fintech,09 - Septiembre,2026-09-26,15,2026-10-11,4139.21,94,+90 días (Crítico),En Mora / Crítico,Cliente Corporativo
FAC-2026-16837,BBVA,Banca & Fintech,09 - Septiembre,2026-09-04,60,2026-11-03,3864.97,58,31-60 días,Riesgo Moderado,Cliente Corporativo
FAC-2026-16838,BBVA,Banca & Fintech,09 - Septiembre,2026-09-07,45,2026-10-22,14196.99,21,1-30 días,Atraso Preventivo,Cliente Corporativo
FAC-2026-16839,BBVA,Banca & Fintech,09 - Septiembre,2026-09-07,30,2026-10-07,7017.98,40,31-60 días,Riesgo Moderado,Cliente Corporativo
FAC-2026-16840,BBVA,Banca & Fintech,09 - Septiembre,2026-09-02,30,2026-10-02,4668.53,0,Al Día,Al Día / OK,Cliente Corporativo
FAC-2026-16841,Banco de Chile,Banca & Fintech,09 - Septiembre,2026-09-11,15,2026-09-26,55090.19,0,Al Día,Al Día / OK,Cliente Corporativo
FAC-2026-16842,Banco de Chile,Banca & Fintech,09 - Septiembre,2026-09-03,15,2026-09-18,18195.58,7,1-30 días,Atraso Preventivo,Cliente Corporativo
FAC-2026-16843,Banco de Chile,Banca & Fintech,09 - Septiembre,2026-09-04,45,2026-10-19,31175.75,59,31-60 días,Riesgo Moderado,Cliente Corporativo
FAC-2026-16844,Banco de Chile,Banca & Fintech,09 - Septiembre,2026-09-18,60,2026-11-17,4372.55,64,61-90 días,Riesgo Alto,Cliente Corporativo
FAC-2026-16845,Banco de Chile,Banca & Fintech,09 - Septiembre,2026-09-06,30,2026-10-06,4779.05,141,+90 días (Crítico),En Mora / Crítico,Cliente Corporativo
FAC-2026-16846,Banco de Chile,Banca & Fintech,09 - Septiembre,2026-09-15,45,2026-10-30,13985.43,6,1-30 días,Atraso Preventivo,Cliente Corporativo
FAC-2026-16847,Banco de Chile,Banca & Fintech,09 - Septiembre,2026-09-29,15,2026-10-14,8475.11,19,1-30 días,Atraso Preventivo,Cliente Corporativo
FAC-2026-16848,Banco de Chile,Banca & Fintech,09 - Septiembre,2026-09-07,15,2026-09-22,1840.07,0,Al Día,Al Día / OK,Cliente Corporativo
FAC-2026-16849,Banco de Chile,Banca & Fintech,09 - Septiembre,2026-09-12,15,2026-09-27,16081.15,49,31-60 días,Riesgo Moderado,Cliente Corporativo
FAC-2026-16850,Banco de Chile,Banca & Fintech,09 - Septiembre,2026-09-24,15,2026-10-09,11100.27,144,+90 días (Crítico),En Mora / Crítico,Cliente Corporativo
FAC-2026-16851,Banco de Chile,Banca & Fintech,09 - Septiembre,2026-09-28,45,2026-11-12,9877.79,0,Al Día,Al Día / OK,Cliente Corporativo
FAC-2026-16852,Banco de Chile,Banca & Fintech,09 - Septiembre,2026-09-25,45,2026-11-09,3981.27,0,Al Día,Al Día / OK,Cliente Corporativo
FAC-2026-16853,Banco de Chile,Banca & Fintech,09 - Septiembre,2026-09-04,30,2026-10-04,37136.75,0,Al Día,Al Día / OK,Cliente Corporativo
FAC-2026-16854,Banco de Chile,Banca & Fintech,09 - Septiembre,2026-09-17,15,2026-10-02,4181.24,0,Al Día,Al Día / OK,Cliente Corporativo
FAC-2026-16855,Bancolombia,Banca & Fintech,09 - Septiembre,2026-09-12,15,2026-09-27,73765.73,0,Al Día,Al Día / OK,Cliente Corporativo
FAC-2026-16856,Bancolombia,Banca & Fintech,09 - Septiembre,2026-09-16,30,2026-10-16,33848.95,24,1-30 días,Atraso Preventivo,Cliente Corporativo
FAC-2026-16857,Bancolombia,Banca & Fintech,09 - Septiembre,2026-09-08,15,2026-09-23,7372.42,34,31-60 días,Riesgo Moderado,Cliente Corporativo
FAC-2026-16858,Bancolombia,Banca & Fintech,09 - Septiembre,2026-09-09,60,2026-11-08,2555.53,86,61-90 días,Riesgo Alto,Cliente Corporativo
FAC-2026-16859,Bancolombia,Banca & Fintech,09 - Septiembre,2026-09-19,60,2026-11-18,17703.76,138,+90 días (Crítico),En Mora / Crítico,Cliente Corporativo
FAC-2026-16860,Bancolombia,Banca & Fintech,09 - Septiembre,2026-09-03,15,2026-09-18,50025.03,0,Al Día,Al Día / OK,Cliente Corporativo
FAC-2026-16861,Bancolombia,Banca & Fintech,09 - Septiembre,2026-09-15,60,2026-11-14,12735.62,0,Al Día,Al Día / OK,Cliente Corporativo
FAC-2026-16862,Bancolombia,Banca & Fintech,09 - Septiembre,2026-09-22,15,2026-10-07,4385.17,37,31-60 días,Riesgo Moderado,Cliente Corporativo
FAC-2026-16863,Bancolombia,Banca & Fintech,09 - Septiembre,2026-09-09,60,2026-11-08,2834.5,16,1-30 días,Atraso Preventivo,Cliente Corporativo
FAC-2026-16864,Bancolombia,Banca & Fintech,09 - Septiembre,2026-09-18,15,2026-10-03,10682.02,10,1-30 días,Atraso Preventivo,Cliente Corporativo
FAC-2026-16865,Bancolombia,Banca & Fintech,09 - Septiembre,2026-09-13,15,2026-09-28,1963.61,0,Al Día,Al Día / OK,Cliente Corporativo
FAC-2026-16866,Bancolombia,Banca & Fintech,09 - Septiembre,2026-09-01,45,2026-10-16,10645.1,12,1-30 días,Atraso Preventivo,Cliente Corporativo
FAC-2026-16867,Bancolombia,Banca & Fintech,09 - Septiembre,2026-09-14,60,2026-11-13,49974.22,8,1-30 días,Atraso Preventivo,Cliente Corporativo
FAC-2026-16868,Bancolombia,Banca & Fintech,09 - Septiembre,2026-09-14,30,2026-10-14,5429.24,0,Al Día,Al Día / OK,Cliente Corporativo
FAC-2026-16869,Bancolombia,Banca & Fintech,09 - Septiembre,2026-09-30,45,2026-11-14,16407.88,0,Al Día,Al Día / OK,Cliente Corporativo
FAC-2026-16870,Bancolombia,Banca & Fintech,09 - Septiembre,2026-09-15,60,2026-11-14,31132.29,0,Al Día,Al Día / OK,Cliente Corporativo
FAC-2026-16871,Itaú Unibanco,Banca & Fintech,09 - Septiembre,2026-09-21,15,2026-10-06,20251.5,0,Al Día,Al Día / OK,Cliente Corporativo
FAC-2026-16872,Itaú Unibanco,Banca & Fintech,09 - Septiembre,2026-09-17,15,2026-10-02,3724.62,17,1-30 días,Atraso Preventivo,Cliente Corporativo
FAC-2026-16873,Itaú Unibanco,Banca & Fintech,09 - Septiembre,2026-09-05,15,2026-09-20,7486.69,55,31-60 días,Riesgo Moderado,Cliente Corporativo
FAC-2026-16874,Itaú Unibanco,Banca & Fintech,09 - Septiembre,2026-09-16,45,2026-10-31,23075.63,84,61-90 días,Riesgo Alto,Cliente Corporativo
FAC-2026-16875,Itaú Unibanco,Banca & Fintech,09 - Septiembre,2026-09-07,60,2026-11-06,28922.95,148,+90 días (Crítico),En Mora / Crítico,Cliente Corporativo
FAC-2026-16876,Itaú Unibanco,Banca & Fintech,09 - Septiembre,2026-09-16,15,2026-10-01,7752.09,0,Al Día,Al Día / OK,Cliente Corporativo
FAC-2026-16877,Itaú Unibanco,Banca & Fintech,09 - Septiembre,2026-09-07,30,2026-10-07,28239.57,37,31-60 días,Riesgo Moderado,Cliente Corporativo
FAC-2026-16878,Itaú Unibanco,Banca & Fintech,09 - Septiembre,2026-09-09,45,2026-10-24,54768.42,56,31-60 días,Riesgo Moderado,Cliente Corporativo
FAC-2026-16879,Itaú Unibanco,Banca & Fintech,09 - Septiembre,2026-09-11,30,2026-10-11,4885.45,0,Al Día,Al Día / OK,Cliente Corporativo
FAC-2026-16880,Itaú Unibanco,Banca & Fintech,09 - Septiembre,2026-09-10,60,2026-11-09,16651.69,26,1-30 días,Atraso Preventivo,Cliente Corporativo
FAC-2026-16881,Itaú Unibanco,Banca & Fintech,09 - Septiembre,2026-09-25,60,2026-11-24,4264.07,0,Al Día,Al Día / OK,Cliente Corporativo
FAC-2026-16882,Itaú Unibanco,Banca & Fintech,09 - Septiembre,2026-09-09,45,2026-10-24,26262.16,0,Al Día,Al Día / OK,Cliente Corporativo
FAC-2026-16883,Itaú Unibanco,Banca & Fintech,09 - Septiembre,2026-09-06,60,2026-11-05,49899.11,0,Al Día,Al Día / OK,Cliente Corporativo
FAC-2026-16884,Itaú Unibanco,Banca & Fintech,09 - Septiembre,2026-09-11,30,2026-10-11,10223.81,7,1-30 días,Atraso Preventivo,Cliente Corporativo
FAC-2026-16885,Nubank,Banca & Fintech,09 - Septiembre,2026-09-07,45,2026-10-22,2971.34,0,Al Día,Al Día / OK,Cliente Corporativo
FAC-2026-16886,Nubank,Banca & Fintech,09 - Septiembre,2026-09-11,45,2026-10-26,3521.36,17,1-30 días,Atraso Preventivo,Cliente Corporativo
FAC-2026-16887,Nubank,Banca & Fintech,09 - Septiembre,2026-09-12,45,2026-10-27,4818.66,32,31-60 días,Riesgo Moderado,Cliente Corporativo
FAC-2026-16888,Nubank,Banca & Fintech,09 - Septiembre,2026-09-22,45,2026-11-06,8457.74,73,61-90 días,Riesgo Alto,Cliente Corporativo
FAC-2026-16889,Nubank,Banca & Fintech,09 - Septiembre,2026-09-28,15,2026-10-13,14230.8,119,+90 días (Crítico),En Mora / Crítico,Cliente Corporativo
FAC-2026-16890,Nubank,Banca & Fintech,09 - Septiembre,2026-09-26,45,2026-11-10,30157.21,0,Al Día,Al Día / OK,Cliente Corporativo
FAC-2026-16891,Nubank,Banca & Fintech,09 - Septiembre,2026-09-19,60,2026-11-18,18186.77,0,Al Día,Al Día / OK,Cliente Corporativo
FAC-2026-16892,Nubank,Banca & Fintech,09 - Septiembre,2026-09-19,15,2026-10-04,25705.75,30,1-30 días,Atraso Preventivo,Cliente Corporativo
FAC-2026-16893,Nubank,Banca & Fintech,09 - Septiembre,2026-09-12,60,2026-11-11,6546.67,0,Al Día,Al Día / OK,Cliente Corporativo
FAC-2026-16894,Nubank,Banca & Fintech,09 - Septiembre,2026-09-15,45,2026-10-30,8405.94,0,Al Día,Al Día / OK,Cliente Corporativo
FAC-2026-16895,Nubank,Banca & Fintech,09 - Septiembre,2026-09-28,15,2026-10-13,8126.77,44,31-60 días,Riesgo Moderado,Cliente Corporativo
FAC-2026-16896,Nubank,Banca & Fintech,09 - Septiembre,2026-09-19,15,2026-10-04,10738.34,7,1-30 días,Atraso Preventivo,Cliente Corporativo
FAC-2026-16897,Nubank,Banca & Fintech,09 - Septiembre,2026-09-18,60,2026-11-17,26354.7,54,31-60 días,Riesgo Moderado,Cliente Corporativo
FAC-2026-16898,Nubank,Banca & Fintech,09 - Septiembre,2026-09-11,15,2026-09-26,3597.88,8,1-30 días,Atraso Preventivo,Cliente Corporativo
FAC-2026-16899,Banco Galicia,Banca & Fintech,09 - Septiembre,2026-09-14,15,2026-09-29,28883.34,0,Al Día,Al Día / OK,Cliente Corporativo
FAC-2026-16900,Banco Galicia,Banca & Fintech,09 - Septiembre,2026-09-14,60,2026-11-13,74197.14,11,1-30 días,Atraso Preventivo,Cliente Corporativo
FAC-2026-16901,Banco Galicia,Banca & Fintech,09 - Septiembre,2026-09-02,30,2026-10-02,21109.17,33,31-60 días,Riesgo Moderado,Cliente Corporativo
FAC-2026-16902,Banco Galicia,Banca & Fintech,09 - Septiembre,2026-09-10,60,2026-11-09,4425.94,74,61-90 días,Riesgo Alto,Cliente Corporativo
FAC-2026-16903,Banco Galicia,Banca & Fintech,09 - Septiembre,2026-09-09,30,2026-10-09,53168.55,131,+90 días (Crítico),En Mora / Crítico,Cliente Corporativo
FAC-2026-16904,Banco Galicia,Banca & Fintech,09 - Septiembre,2026-09-14,30,2026-10-14,61660.79,0,Al Día,Al Día / OK,Cliente Corporativo
FAC-2026-16905,Banco Galicia,Banca & Fintech,09 - Septiembre,2026-09-20,15,2026-10-05,63654.31,0,Al Día,Al Día / OK,Cliente Corporativo
FAC-2026-16906,Banco Galicia,Banca & Fintech,09 - Septiembre,2026-09-09,45,2026-10-24,18854.29,53,31-60 días,Riesgo Moderado,Cliente Corporativo
FAC-2026-16907,Banco Galicia,Banca & Fintech,09 - Septiembre,2026-09-04,60,2026-11-03,44493.23,0,Al Día,Al Día / OK,Cliente Corporativo
FAC-2026-16908,Banco Galicia,Banca & Fintech,09 - Septiembre,2026-09-05,15,2026-09-20,4310.05,0,Al Día,Al Día / OK,Cliente Corporativo
FAC-2026-16909,Banco Galicia,Banca & Fintech,09 - Septiembre,2026-09-18,30,2026-10-18,5655.76,0,Al Día,Al Día / OK,Cliente Corporativo
FAC-2026-16910,Banco Galicia,Banca & Fintech,09 - Septiembre,2026-09-19,15,2026-10-04,8829.49,0,Al Día,Al Día / OK,Cliente Corporativo
FAC-2026-16911,Banco Galicia,Banca & Fintech,09 - Septiembre,2026-09-28,15,2026-10-13,33041.58,60,31-60 días,Riesgo Moderado,Cliente Corporativo
FAC-2026-16912,Banco Galicia,Banca & Fintech,09 - Septiembre,2026-09-23,60,2026-11-22,40456.26,37,31-60 días,Riesgo Moderado,Cliente Corporativo
FAC-2026-16913,Banco Galicia,Banca & Fintech,09 - Septiembre,2026-09-04,60,2026-11-03,26023.52,0,Al Día,Al Día / OK,Cliente Corporativo
FAC-2026-16914,Banorte,Banca & Fintech,09 - Septiembre,2026-09-08,60,2026-11-07,14819.55,0,Al Día,Al Día / OK,Cliente Corporativo
FAC-2026-16915,Banorte,Banca & Fintech,09 - Septiembre,2026-09-16,15,2026-10-01,2535.96,30,1-30 días,Atraso Preventivo,Cliente Corporativo
FAC-2026-16916,Banorte,Banca & Fintech,09 - Septiembre,2026-09-26,45,2026-11-10,7933.79,54,31-60 días,Riesgo Moderado,Cliente Corporativo
FAC-2026-16917,Banorte,Banca & Fintech,09 - Septiembre,2026-09-02,60,2026-11-01,7747.28,83,61-90 días,Riesgo Alto,Cliente Corporativo
FAC-2026-16918,Banorte,Banca & Fintech,09 - Septiembre,2026-09-20,15,2026-10-05,14203.27,172,+90 días (Crítico),En Mora / Crítico,Cliente Corporativo
FAC-2026-16919,Banorte,Banca & Fintech,09 - Septiembre,2026-09-26,15,2026-10-11,3902.2,0,Al Día,Al Día / OK,Cliente Corporativo
FAC-2026-16920,Banorte,Banca & Fintech,09 - Septiembre,2026-09-09,45,2026-10-24,36927.89,0,Al Día,Al Día / OK,Cliente Corporativo
FAC-2026-16921,Banorte,Banca & Fintech,09 - Septiembre,2026-09-19,30,2026-10-19,5475.23,52,31-60 días,Riesgo Moderado,Cliente Corporativo
FAC-2026-16922,Banorte,Banca & Fintech,09 - Septiembre,2026-09-15,60,2026-11-14,37848.94,8,1-30 días,Atraso Preventivo,Cliente Corporativo
FAC-2026-16923,Banorte,Banca & Fintech,09 - Septiembre,2026-09-06,45,2026-10-21,16195.47,24,1-30 días,Atraso Preventivo,Cliente Corporativo
FAC-2026-16924,Banorte,Banca & Fintech,09 - Septiembre,2026-09-21,15,2026-10-06,34708.21,0,Al Día,Al Día / OK,Cliente Corporativo
FAC-2026-16925,Banorte,Banca & Fintech,09 - Septiembre,2026-09-02,45,2026-10-17,5606.74,0,Al Día,Al Día / OK,Cliente Corporativo
FAC-2026-16926,Banorte,Banca & Fintech,09 - Septiembre,2026-09-18,15,2026-10-03,33260.59,0,Al Día,Al Día / OK,Cliente Corporativo
FAC-2026-16927,Banorte,Banca & Fintech,09 - Septiembre,2026-09-03,45,2026-10-18,1607.16,34,31-60 días,Riesgo Moderado,Cliente Corporativo
FAC-2026-16928,Banorte,Banca & Fintech,09 - Septiembre,2026-09-26,15,2026-10-11,11375.99,0,Al Día,Al Día / OK,Cliente Corporativo
FAC-2026-16929,Banorte,Banca & Fintech,09 - Septiembre,2026-09-07,30,2026-10-07,2983.33,164,+90 días (Crítico),En Mora / Crítico,Cliente Corporativo
FAC-2026-16930,Banorte,Banca & Fintech,09 - Septiembre,2026-09-20,15,2026-10-05,65962.61,0,Al Día,Al Día / OK,Cliente Corporativo
FAC-2026-16931,Banorte,Banca & Fintech,09 - Septiembre,2026-09-19,30,2026-10-19,8866.89,17,1-30 días,Atraso Preventivo,Cliente Corporativo
FAC-2026-16932,Cemex,Industrial,09 - Septiembre,2026-09-03,45,2026-10-18,7794.33,0,Al Día,Al Día / OK,Cliente Corporativo
FAC-2026-16933,Cemex,Industrial,09 - Septiembre,2026-09-01,30,2026-10-01,24294.67,10,1-30 días,Atraso Preventivo,Cliente Corporativo
FAC-2026-16934,Cemex,Industrial,09 - Septiembre,2026-09-06,15,2026-09-21,1813.98,59,31-60 días,Riesgo Moderado,Cliente Corporativo
FAC-2026-16935,Cemex,Industrial,09 - Septiembre,2026-09-04,15,2026-09-19,23156.74,69,61-90 días,Riesgo Alto,Cliente Corporativo
FAC-2026-16936,Cemex,Industrial,09 - Septiembre,2026-09-13,45,2026-10-28,5095.59,121,+90 días (Crítico),En Mora / Crítico,Cliente Corporativo
FAC-2026-16937,Cemex,Industrial,09 - Septiembre,2026-09-21,45,2026-11-05,4120.43,0,Al Día,Al Día / OK,Cliente Corporativo
FAC-2026-16938,Cemex,Industrial,09 - Septiembre,2026-09-20,45,2026-11-04,36819.02,0,Al Día,Al Día / OK,Cliente Corporativo
FAC-2026-16939,Cemex,Industrial,09 - Septiembre,2026-09-23,45,2026-11-07,39374.15,34,31-60 días,Riesgo Moderado,Cliente Corporativo
FAC-2026-16940,Cemex,Industrial,09 - Septiembre,2026-09-22,30,2026-10-22,8288.58,0,Al Día,Al Día / OK,Cliente Corporativo
FAC-2026-16941,Cemex,Industrial,09 - Septiembre,2026-09-16,45,2026-10-31,30623.63,0,Al Día,Al Día / OK,Cliente Corporativo
FAC-2026-16942,Cemex,Industrial,09 - Septiembre,2026-09-30,60,2026-11-29,12815.02,0,Al Día,Al Día / OK,Cliente Corporativo
FAC-2026-16943,Cemex,Industrial,09 - Septiembre,2026-09-25,30,2026-10-25,13546.61,5,1-30 días,Atraso Preventivo,Cliente Corporativo
FAC-2026-16944,Cemex,Industrial,09 - Septiembre,2026-09-14,45,2026-10-29,13937.44,59,31-60 días,Riesgo Moderado,Cliente Corporativo
FAC-2026-16945,Grupo Bimbo,Industrial,09 - Septiembre,2026-09-14,15,2026-09-29,9515.2,0,Al Día,Al Día / OK,Cliente Corporativo
FAC-2026-16946,Grupo Bimbo,Industrial,09 - Septiembre,2026-09-02,45,2026-10-17,3260.09,12,1-30 días,Atraso Preventivo,Cliente Corporativo
FAC-2026-16947,Grupo Bimbo,Industrial,09 - Septiembre,2026-09-17,45,2026-11-01,2025.36,50,31-60 días,Riesgo Moderado,Cliente Corporativo
FAC-2026-16948,Grupo Bimbo,Industrial,09 - Septiembre,2026-09-27,45,2026-11-11,12826.46,77,61-90 días,Riesgo Alto,Cliente Corporativo
FAC-2026-16949,Grupo Bimbo,Industrial,09 - Septiembre,2026-09-25,30,2026-10-25,21881.48,91,+90 días (Crítico),En Mora / Crítico,Cliente Corporativo
FAC-2026-16950,Grupo Bimbo,Industrial,09 - Septiembre,2026-09-05,30,2026-10-05,35366.23,0,Al Día,Al Día / OK,Cliente Corporativo
FAC-2026-16951,Grupo Bimbo,Industrial,09 - Septiembre,2026-09-10,60,2026-11-09,35277.71,0,Al Día,Al Día / OK,Cliente Corporativo
FAC-2026-16952,Grupo Bimbo,Industrial,09 - Septiembre,2026-09-26,60,2026-11-25,1652.66,8,1-30 días,Atraso Preventivo,Cliente Corporativo
FAC-2026-16953,Grupo Bimbo,Industrial,09 - Septiembre,2026-09-09,60,2026-11-08,15647.84,17,1-30 días,Atraso Preventivo,Cliente Corporativo
FAC-2026-16954,Grupo Bimbo,Industrial,09 - Septiembre,2026-09-14,15,2026-09-29,6539.57,0,Al Día,Al Día / OK,Cliente Corporativo
FAC-2026-16955,Grupo Bimbo,Industrial,09 - Septiembre,2026-09-10,60,2026-11-09,11931.98,0,Al Día,Al Día / OK,Cliente Corporativo
FAC-2026-16956,Grupo Bimbo,Industrial,09 - Septiembre,2026-09-01,60,2026-10-31,23967.91,0,Al Día,Al Día / OK,Cliente Corporativo
FAC-2026-16957,Grupo Bimbo,Industrial,09 - Septiembre,2026-09-11,30,2026-10-11,6276.68,64,61-90 días,Riesgo Alto,Cliente Corporativo
FAC-2026-16958,Grupo Bimbo,Industrial,09 - Septiembre,2026-09-24,15,2026-10-09,21142.19,90,61-90 días,Riesgo Alto,Cliente Corporativo
FAC-2026-16959,Grupo Bimbo,Industrial,09 - Septiembre,2026-09-22,45,2026-11-06,24718.22,16,1-30 días,Atraso Preventivo,Cliente Corporativo
FAC-2026-16960,Grupo Bimbo,Industrial,09 - Septiembre,2026-09-01,60,2026-10-31,40919.3,0,Al Día,Al Día / OK,Cliente Corporativo
FAC-2026-16961,Grupo Bimbo,Industrial,09 - Septiembre,2026-09-26,15,2026-10-11,6786.6,0,Al Día,Al Día / OK,Cliente Corporativo
FAC-2026-16962,Grupo Bimbo,Industrial,09 - Septiembre,2026-09-24,60,2026-11-23,1244.97,47,31-60 días,Riesgo Moderado,Cliente Corporativo
FAC-2026-16963,Grupo Bimbo,Industrial,09 - Septiembre,2026-09-30,60,2026-11-29,40087.24,0,Al Día,Al Día / OK,Cliente Corporativo
FAC-2026-16964,Ternium,Industrial,09 - Septiembre,2026-09-09,30,2026-10-09,19054.61,0,Al Día,Al Día / OK,Cliente Corporativo
FAC-2026-16965,Ternium,Industrial,09 - Septiembre,2026-09-06,15,2026-09-21,4912.33,19,1-30 días,Atraso Preventivo,Cliente Corporativo
FAC-2026-16966,Ternium,Industrial,09 - Septiembre,2026-09-03,45,2026-10-18,3978.03,50,31-60 días,Riesgo Moderado,Cliente Corporativo
FAC-2026-16967,Ternium,Industrial,09 - Septiembre,2026-09-10,15,2026-09-25,5043.53,83,61-90 días,Riesgo Alto,Cliente Corporativo
FAC-2026-16968,Ternium,Industrial,09 - Septiembre,2026-09-27,45,2026-11-11,18110.97,166,+90 días (Crítico),En Mora / Crítico,Cliente Corporativo
FAC-2026-16969,Ternium,Industrial,09 - Septiembre,2026-09-21,60,2026-11-20,27370.43,127,+90 días (Crítico),En Mora / Crítico,Cliente Corporativo
FAC-2026-16970,Ternium,Industrial,09 - Septiembre,2026-09-18,45,2026-11-02,5397.58,14,1-30 días,Atraso Preventivo,Cliente Corporativo
FAC-2026-16971,Ternium,Industrial,09 - Septiembre,2026-09-06,45,2026-10-21,10229.94,14,1-30 días,Atraso Preventivo,Cliente Corporativo
FAC-2026-16972,Ternium,Industrial,09 - Septiembre,2026-09-16,60,2026-11-15,46387.26,0,Al Día,Al Día / OK,Cliente Corporativo
FAC-2026-16973,Ternium,Industrial,09 - Septiembre,2026-09-28,15,2026-10-13,13844.54,32,31-60 días,Riesgo Moderado,Cliente Corporativo
FAC-2026-16974,Ternium,Industrial,09 - Septiembre,2026-09-19,60,2026-11-18,5769.18,118,+90 días (Crítico),En Mora / Crítico,Cliente Corporativo
FAC-2026-16975,Ternium,Industrial,09 - Septiembre,2026-09-28,15,2026-10-13,44531.24,0,Al Día,Al Día / OK,Cliente Corporativo
FAC-2026-16976,Ternium,Industrial,09 - Septiembre,2026-09-13,15,2026-09-28,13951.28,26,1-30 días,Atraso Preventivo,Cliente Corporativo
FAC-2026-16977,Ternium,Industrial,09 - Septiembre,2026-09-07,15,2026-09-22,9561.88,0,Al Día,Al Día / OK,Cliente Corporativo
FAC-2026-16978,Ternium,Industrial,09 - Septiembre,2026-09-16,15,2026-10-01,11645.71,20,1-30 días,Atraso Preventivo,Cliente Corporativo
FAC-2026-16979,Ternium,Industrial,09 - Septiembre,2026-09-29,60,2026-11-28,8191.28,0,Al Día,Al Día / OK,Cliente Corporativo
FAC-2026-16980,Ternium,Industrial,09 - Septiembre,2026-09-27,60,2026-11-26,26010.13,0,Al Día,Al Día / OK,Cliente Corporativo
FAC-2026-16981,Arcor,Industrial,09 - Septiembre,2026-09-20,15,2026-10-05,10338.01,0,Al Día,Al Día / OK,Cliente Corporativo
FAC-2026-16982,Arcor,Industrial,09 - Septiembre,2026-09-24,45,2026-11-08,16873.76,26,1-30 días,Atraso Preventivo,Cliente Corporativo
FAC-2026-16983,Arcor,Industrial,09 - Septiembre,2026-09-08,45,2026-10-23,17159.01,37,31-60 días,Riesgo Moderado,Cliente Corporativo
FAC-2026-16984,Arcor,Industrial,09 - Septiembre,2026-09-05,45,2026-10-20,4562.47,90,61-90 días,Riesgo Alto,Cliente Corporativo
FAC-2026-16985,Arcor,Industrial,09 - Septiembre,2026-09-22,30,2026-10-22,2379.72,172,+90 días (Crítico),En Mora / Crítico,Cliente Corporativo
FAC-2026-16986,Arcor,Industrial,09 - Septiembre,2026-09-07,15,2026-09-22,11317.9,0,Al Día,Al Día / OK,Cliente Corporativo
FAC-2026-16987,Arcor,Industrial,09 - Septiembre,2026-09-28,60,2026-11-27,49071.58,0,Al Día,Al Día / OK,Cliente Corporativo
FAC-2026-16988,Arcor,Industrial,09 - Septiembre,2026-09-16,30,2026-10-16,16083.55,0,Al Día,Al Día / OK,Cliente Corporativo
FAC-2026-16989,Arcor,Industrial,09 - Septiembre,2026-09-12,45,2026-10-27,19121.71,0,Al Día,Al Día / OK,Cliente Corporativo
FAC-2026-16990,Arcor,Industrial,09 - Septiembre,2026-09-05,45,2026-10-20,31608.45,16,1-30 días,Atraso Preventivo,Cliente Corporativo
FAC-2026-16991,Arcor,Industrial,09 - Septiembre,2026-09-12,15,2026-09-27,41823.17,0,Al Día,Al Día / OK,Cliente Corporativo
FAC-2026-16992,Arcor,Industrial,09 - Septiembre,2026-09-18,60,2026-11-17,35391.18,7,1-30 días,Atraso Preventivo,Cliente Corporativo
FAC-2026-16993,Arcor,Industrial,09 - Septiembre,2026-09-24,15,2026-10-09,14955.14,0,Al Día,Al Día / OK,Cliente Corporativo
FAC-2026-16994,Arcor,Industrial,09 - Septiembre,2026-09-23,30,2026-10-23,2610.79,30,1-30 días,Atraso Preventivo,Cliente Corporativo
FAC-2026-16995,Arcor,Industrial,09 - Septiembre,2026-09-26,60,2026-11-25,25827.25,58,31-60 días,Riesgo Moderado,Cliente Corporativo
FAC-2026-16996,Alpek,Industrial,09 - Septiembre,2026-09-16,60,2026-11-15,8076.47,0,Al Día,Al Día / OK,Cliente Corporativo
FAC-2026-16997,Alpek,Industrial,09 - Septiembre,2026-09-23,15,2026-10-08,41003.29,25,1-30 días,Atraso Preventivo,Cliente Corporativo
FAC-2026-16998,Alpek,Industrial,09 - Septiembre,2026-09-26,15,2026-10-11,7081.85,55,31-60 días,Riesgo Moderado,Cliente Corporativo
FAC-2026-16999,Alpek,Industrial,09 - Septiembre,2026-09-15,60,2026-11-14,8521.45,63,61-90 días,Riesgo Alto,Cliente Corporativo
FAC-2026-17000,Alpek,Industrial,09 - Septiembre,2026-09-15,30,2026-10-15,2514.15,150,+90 días (Crítico),En Mora / Crítico,Cliente Corporativo
FAC-2026-17001,Alpek,Industrial,09 - Septiembre,2026-09-08,45,2026-10-23,34964.34,0,Al Día,Al Día / OK,Cliente Corporativo
FAC-2026-17002,Alpek,Industrial,09 - Septiembre,2026-09-20,60,2026-11-19,33224.94,18,1-30 días,Atraso Preventivo,Cliente Corporativo
FAC-2026-17003,Alpek,Industrial,09 - Septiembre,2026-09-25,45,2026-11-09,18993.3,0,Al Día,Al Día / OK,Cliente Corporativo
FAC-2026-17004,Alpek,Industrial,09 - Septiembre,2026-09-10,60,2026-11-09,16983.73,10,1-30 días,Atraso Preventivo,Cliente Corporativo
FAC-2026-17005,Alpek,Industrial,09 - Septiembre,2026-09-19,30,2026-10-19,1356.94,13,1-30 días,Atraso Preventivo,Cliente Corporativo
FAC-2026-17006,Alpek,Industrial,09 - Septiembre,2026-09-03,30,2026-10-03,64410.66,54,31-60 días,Riesgo Moderado,Cliente Corporativo
FAC-2026-17007,Alpek,Industrial,09 - Septiembre,2026-09-26,45,2026-11-10,13573.65,0,Al Día,Al Día / OK,Cliente Corporativo
FAC-2026-17008,Alpek,Industrial,09 - Septiembre,2026-09-05,15,2026-09-20,4203.46,148,+90 días (Crítico),En Mora / Crítico,Cliente Corporativo
FAC-2026-17009,Alpek,Industrial,09 - Septiembre,2026-09-14,60,2026-11-13,12835.88,6,1-30 días,Atraso Preventivo,Cliente Corporativo
FAC-2026-17010,Alpek,Industrial,09 - Septiembre,2026-09-20,60,2026-11-19,26771.97,8,1-30 días,Atraso Preventivo,Cliente Corporativo
FAC-2026-17011,Alpek,Industrial,09 - Septiembre,2026-09-15,30,2026-10-15,1379.51,0,Al Día,Al Día / OK,Cliente Corporativo
FAC-2026-17012,Alpek,Industrial,09 - Septiembre,2026-09-01,45,2026-10-16,26170.01,8,1-30 días,Atraso Preventivo,Cliente Corporativo
FAC-2026-17013,Alpek,Industrial,09 - Septiembre,2026-09-24,15,2026-10-09,2292.64,15,1-30 días,Atraso Preventivo,Cliente Corporativo
FAC-2026-17014,Alpek,Industrial,09 - Septiembre,2026-09-01,15,2026-09-16,4877.25,88,61-90 días,Riesgo Alto,Cliente Corporativo
FAC-2026-17015,Grupo México,Industrial,09 - Septiembre,2026-09-16,15,2026-10-01,13765.16,0,Al Día,Al Día / OK,Cliente Corporativo
FAC-2026-17016,Grupo México,Industrial,09 - Septiembre,2026-09-28,30,2026-10-28,19173.91,19,1-30 días,Atraso Preventivo,Cliente Corporativo
FAC-2026-17017,Grupo México,Industrial,09 - Septiembre,2026-09-16,60,2026-11-15,6480.26,50,31-60 días,Riesgo Moderado,Cliente Corporativo
FAC-2026-17018,Grupo México,Industrial,09 - Septiembre,2026-09-01,60,2026-10-31,11545.42,89,61-90 días,Riesgo Alto,Cliente Corporativo
FAC-2026-17019,Grupo México,Industrial,09 - Septiembre,2026-09-04,45,2026-10-19,30109.02,162,+90 días (Crítico),En Mora / Crítico,Cliente Corporativo
FAC-2026-17020,Grupo México,Industrial,09 - Septiembre,2026-09-14,30,2026-10-14,7328.84,29,1-30 días,Atraso Preventivo,Cliente Corporativo
FAC-2026-17021,Grupo México,Industrial,09 - Septiembre,2026-09-26,60,2026-11-25,19568.61,0,Al Día,Al Día / OK,Cliente Corporativo
FAC-2026-17022,Grupo México,Industrial,09 - Septiembre,2026-09-13,45,2026-10-28,48989.06,20,1-30 días,Atraso Preventivo,Cliente Corporativo
FAC-2026-17023,Grupo México,Industrial,09 - Septiembre,2026-09-06,60,2026-11-05,9772.2,0,Al Día,Al Día / OK,Cliente Corporativo
FAC-2026-17024,Grupo México,Industrial,09 - Septiembre,2026-09-15,45,2026-10-30,9825.76,94,+90 días (Crítico),En Mora / Crítico,Cliente Corporativo
FAC-2026-17025,Grupo México,Industrial,09 - Septiembre,2026-09-18,15,2026-10-03,3823.39,0,Al Día,Al Día / OK,Cliente Corporativo
FAC-2026-17026,Grupo México,Industrial,09 - Septiembre,2026-09-08,45,2026-10-23,17744.06,0,Al Día,Al Día / OK,Cliente Corporativo
FAC-2026-17027,Grupo México,Industrial,09 - Septiembre,2026-09-04,15,2026-09-19,5586.12,59,31-60 días,Riesgo Moderado,Cliente Corporativo
FAC-2026-17028,Grupo México,Industrial,09 - Septiembre,2026-09-28,15,2026-10-13,24428.86,0,Al Día,Al Día / OK,Cliente Corporativo
FAC-2026-17029,Grupo México,Industrial,09 - Septiembre,2026-09-18,45,2026-11-02,6957.15,0,Al Día,Al Día / OK,Cliente Corporativo
FAC-2026-17030,Grupo México,Industrial,09 - Septiembre,2026-09-30,15,2026-10-15,7266.75,0,Al Día,Al Día / OK,Cliente Corporativo
FAC-2026-17031,Grupo México,Industrial,09 - Septiembre,2026-09-12,15,2026-09-27,14432.84,0,Al Día,Al Día / OK,Cliente Corporativo
FAC-2026-17032,Grupo México,Industrial,09 - Septiembre,2026-09-03,45,2026-10-18,4667.66,0,Al Día,Al Día / OK,Cliente Corporativo
FAC-2026-17033,Grupo México,Industrial,09 - Septiembre,2026-09-05,15,2026-09-20,13888.16,0,Al Día,Al Día / OK,Cliente Corporativo
FAC-2026-17034,Grupo México,Industrial,09 - Septiembre,2026-09-05,60,2026-11-04,11496.11,39,31-60 días,Riesgo Moderado,Cliente Corporativo
FAC-2026-17035,Gerdau,Industrial,09 - Septiembre,2026-09-22,30,2026-10-22,24748.27,0,Al Día,Al Día / OK,Cliente Corporativo
FAC-2026-17036,Gerdau,Industrial,09 - Septiembre,2026-09-03,60,2026-11-02,57387.92,5,1-30 días,Atraso Preventivo,Cliente Corporativo
FAC-2026-17037,Gerdau,Industrial,09 - Septiembre,2026-09-11,60,2026-11-10,21775.74,34,31-60 días,Riesgo Moderado,Cliente Corporativo
FAC-2026-17038,Gerdau,Industrial,09 - Septiembre,2026-09-07,60,2026-11-06,5678.11,66,61-90 días,Riesgo Alto,Cliente Corporativo
FAC-2026-17039,Gerdau,Industrial,09 - Septiembre,2026-09-09,30,2026-10-09,1924.07,162,+90 días (Crítico),En Mora / Crítico,Cliente Corporativo
FAC-2026-17040,Gerdau,Industrial,09 - Septiembre,2026-09-30,30,2026-10-30,10666.82,10,1-30 días,Atraso Preventivo,Cliente Corporativo
FAC-2026-17041,Gerdau,Industrial,09 - Septiembre,2026-09-09,60,2026-11-08,3162.13,6,1-30 días,Atraso Preventivo,Cliente Corporativo
FAC-2026-17042,Gerdau,Industrial,09 - Septiembre,2026-09-20,15,2026-10-05,15957.56,0,Al Día,Al Día / OK,Cliente Corporativo
FAC-2026-17043,Gerdau,Industrial,09 - Septiembre,2026-09-19,15,2026-10-04,9457.05,0,Al Día,Al Día / OK,Cliente Corporativo
FAC-2026-17044,Gerdau,Industrial,09 - Septiembre,2026-09-01,15,2026-09-16,6120.93,45,31-60 días,Riesgo Moderado,Cliente Corporativo
FAC-2026-17045,Gerdau,Industrial,09 - Septiembre,2026-09-21,15,2026-10-06,42591.29,0,Al Día,Al Día / OK,Cliente Corporativo
FAC-2026-17046,Gerdau,Industrial,09 - Septiembre,2026-09-17,15,2026-10-02,22458.08,0,Al Día,Al Día / OK,Cliente Corporativo
FAC-2026-17047,Gerdau,Industrial,09 - Septiembre,2026-09-12,60,2026-11-11,22372.01,0,Al Día,Al Día / OK,Cliente Corporativo
FAC-2026-17048,Gerdau,Industrial,09 - Septiembre,2026-09-12,45,2026-10-27,9141.47,102,+90 días (Crítico),En Mora / Crítico,Cliente Corporativo
FAC-2026-17049,Gerdau,Industrial,09 - Septiembre,2026-09-30,15,2026-10-15,19284.42,16,1-30 días,Atraso Preventivo,Cliente Corporativo
FAC-2026-17050,Gerdau,Industrial,09 - Septiembre,2026-09-13,15,2026-09-28,25975.4,0,Al Día,Al Día / OK,Cliente Corporativo
FAC-2026-17051,Gerdau,Industrial,09 - Septiembre,2026-09-28,60,2026-11-27,15154.42,0,Al Día,Al Día / OK,Cliente Corporativo
FAC-2026-17052,Arca Continental,Industrial,09 - Septiembre,2026-09-24,15,2026-10-09,10255.85,0,Al Día,Al Día / OK,Cliente Corporativo
FAC-2026-17053,Arca Continental,Industrial,09 - Septiembre,2026-09-06,45,2026-10-21,22415.0,21,1-30 días,Atraso Preventivo,Cliente Corporativo
FAC-2026-17054,Arca Continental,Industrial,09 - Septiembre,2026-09-25,60,2026-11-24,13529.42,31,31-60 días,Riesgo Moderado,Cliente Corporativo
FAC-2026-17055,Arca Continental,Industrial,09 - Septiembre,2026-09-23,45,2026-11-07,10184.58,70,61-90 días,Riesgo Alto,Cliente Corporativo
FAC-2026-17056,Arca Continental,Industrial,09 - Septiembre,2026-09-30,15,2026-10-15,24795.82,149,+90 días (Crítico),En Mora / Crítico,Cliente Corporativo
FAC-2026-17057,Arca Continental,Industrial,09 - Septiembre,2026-09-01,60,2026-10-31,1538.46,50,31-60 días,Riesgo Moderado,Cliente Corporativo
FAC-2026-17058,Arca Continental,Industrial,09 - Septiembre,2026-09-18,30,2026-10-18,10820.7,25,1-30 días,Atraso Preventivo,Cliente Corporativo
FAC-2026-17059,Arca Continental,Industrial,09 - Septiembre,2026-09-27,15,2026-10-12,12470.21,0,Al Día,Al Día / OK,Cliente Corporativo
FAC-2026-17060,Arca Continental,Industrial,09 - Septiembre,2026-09-02,15,2026-09-17,3170.02,0,Al Día,Al Día / OK,Cliente Corporativo
FAC-2026-17061,Arca Continental,Industrial,09 - Septiembre,2026-09-02,30,2026-10-02,4070.66,0,Al Día,Al Día / OK,Cliente Corporativo
FAC-2026-17062,Arca Continental,Industrial,09 - Septiembre,2026-09-15,30,2026-10-15,5839.12,0,Al Día,Al Día / OK,Cliente Corporativo
FAC-2026-17063,Arca Continental,Industrial,09 - Septiembre,2026-09-27,30,2026-10-27,18052.48,0,Al Día,Al Día / OK,Cliente Corporativo
FAC-2026-17064,Arca Continental,Industrial,09 - Septiembre,2026-09-11,60,2026-11-10,17470.06,0,Al Día,Al Día / OK,Cliente Corporativo
FAC-2026-17065,Arca Continental,Industrial,09 - Septiembre,2026-09-12,60,2026-11-11,20688.11,85,61-90 días,Riesgo Alto,Cliente Corporativo
FAC-2026-17066,Arca Continental,Industrial,09 - Septiembre,2026-09-29,60,2026-11-28,7517.16,0,Al Día,Al Día / OK,Cliente Corporativo
FAC-2026-17067,Arca Continental,Industrial,09 - Septiembre,2026-09-19,45,2026-11-03,10889.44,171,+90 días (Crítico),En Mora / Crítico,Cliente Corporativo
FAC-2026-17068,Arca Continental,Industrial,09 - Septiembre,2026-09-20,15,2026-10-05,9310.31,52,31-60 días,Riesgo Moderado,Cliente Corporativo
FAC-2026-17069,Arca Continental,Industrial,09 - Septiembre,2026-09-23,30,2026-10-23,2506.8,7,1-30 días,Atraso Preventivo,Cliente Corporativo
FAC-2026-17070,Mapfre,Seguros,09 - Septiembre,2026-09-18,60,2026-11-17,13514.6,0,Al Día,Al Día / OK,Cliente Corporativo
FAC-2026-17071,Mapfre,Seguros,09 - Septiembre,2026-09-19,15,2026-10-04,10129.52,20,1-30 días,Atraso Preventivo,Cliente Corporativo
FAC-2026-17072,Mapfre,Seguros,09 - Septiembre,2026-09-29,60,2026-11-28,20971.26,58,31-60 días,Riesgo Moderado,Cliente Corporativo
FAC-2026-17073,Mapfre,Seguros,09 - Septiembre,2026-09-27,60,2026-11-26,32332.52,65,61-90 días,Riesgo Alto,Cliente Corporativo
FAC-2026-17074,Mapfre,Seguros,09 - Septiembre,2026-09-13,60,2026-11-12,6319.52,129,+90 días (Crítico),En Mora / Crítico,Cliente Corporativo
FAC-2026-17075,Mapfre,Seguros,09 - Septiembre,2026-09-04,30,2026-10-04,7354.13,0,Al Día,Al Día / OK,Cliente Corporativo
FAC-2026-17076,Mapfre,Seguros,09 - Septiembre,2026-09-08,60,2026-11-07,10053.97,44,31-60 días,Riesgo Moderado,Cliente Corporativo
FAC-2026-17077,Mapfre,Seguros,09 - Septiembre,2026-09-27,60,2026-11-26,4790.24,0,Al Día,Al Día / OK,Cliente Corporativo
FAC-2026-17078,Mapfre,Seguros,09 - Septiembre,2026-09-21,45,2026-11-05,17891.15,0,Al Día,Al Día / OK,Cliente Corporativo
FAC-2026-17079,Mapfre,Seguros,09 - Septiembre,2026-09-09,15,2026-09-24,46221.19,0,Al Día,Al Día / OK,Cliente Corporativo
FAC-2026-17080,Mapfre,Seguros,09 - Septiembre,2026-09-18,30,2026-10-18,9373.74,0,Al Día,Al Día / OK,Cliente Corporativo
FAC-2026-17081,Mapfre,Seguros,09 - Septiembre,2026-09-01,60,2026-10-31,22787.99,0,Al Día,Al Día / OK,Cliente Corporativo
FAC-2026-17082,Mapfre,Seguros,09 - Septiembre,2026-09-20,30,2026-10-20,12581.73,33,31-60 días,Riesgo Moderado,Cliente Corporativo
FAC-2026-17083,Mapfre,Seguros,09 - Septiembre,2026-09-14,15,2026-09-29,11154.21,21,1-30 días,Atraso Preventivo,Cliente Corporativo
FAC-2026-17084,Mapfre,Seguros,09 - Septiembre,2026-09-07,60,2026-11-06,16288.67,15,1-30 días,Atraso Preventivo,Cliente Corporativo
FAC-2026-17085,Mapfre,Seguros,09 - Septiembre,2026-09-27,60,2026-11-26,1946.05,0,Al Día,Al Día / OK,Cliente Corporativo
FAC-2026-17086,Mapfre,Seguros,09 - Septiembre,2026-09-12,15,2026-09-27,36989.66,63,61-90 días,Riesgo Alto,Cliente Corporativo
FAC-2026-17087,Seguros SURA,Seguros,09 - Septiembre,2026-09-21,45,2026-11-05,2049.58,0,Al Día,Al Día / OK,Cliente Corporativo
FAC-2026-17088,Seguros SURA,Seguros,09 - Septiembre,2026-09-10,45,2026-10-25,32704.63,11,1-30 días,Atraso Preventivo,Cliente Corporativo
FAC-2026-17089,Seguros SURA,Seguros,09 - Septiembre,2026-09-20,45,2026-11-04,3833.63,51,31-60 días,Riesgo Moderado,Cliente Corporativo
FAC-2026-17090,Seguros SURA,Seguros,09 - Septiembre,2026-09-12,30,2026-10-12,3217.19,88,61-90 días,Riesgo Alto,Cliente Corporativo
FAC-2026-17091,Seguros SURA,Seguros,09 - Septiembre,2026-09-09,15,2026-09-24,12786.92,131,+90 días (Crítico),En Mora / Crítico,Cliente Corporativo
FAC-2026-17092,Seguros SURA,Seguros,09 - Septiembre,2026-09-26,45,2026-11-10,22604.13,0,Al Día,Al Día / OK,Cliente Corporativo
FAC-2026-17093,Seguros SURA,Seguros,09 - Septiembre,2026-09-24,60,2026-11-23,6215.04,0,Al Día,Al Día / OK,Cliente Corporativo
FAC-2026-17094,Seguros SURA,Seguros,09 - Septiembre,2026-09-27,60,2026-11-26,16554.68,25,1-30 días,Atraso Preventivo,Cliente Corporativo
FAC-2026-17095,Seguros SURA,Seguros,09 - Septiembre,2026-09-13,45,2026-10-28,22822.58,0,Al Día,Al Día / OK,Cliente Corporativo
FAC-2026-17096,Seguros SURA,Seguros,09 - Septiembre,2026-09-11,15,2026-09-26,34440.71,21,1-30 días,Atraso Preventivo,Cliente Corporativo
FAC-2026-17097,Seguros SURA,Seguros,09 - Septiembre,2026-09-07,15,2026-09-22,30750.74,37,31-60 días,Riesgo Moderado,Cliente Corporativo
FAC-2026-17098,Seguros SURA,Seguros,09 - Septiembre,2026-09-15,45,2026-10-30,7411.84,77,61-90 días,Riesgo Alto,Cliente Corporativo
FAC-2026-17099,Seguros SURA,Seguros,09 - Septiembre,2026-09-10,30,2026-10-10,67717.85,33,31-60 días,Riesgo Moderado,Cliente Corporativo
FAC-2026-17100,Seguros SURA,Seguros,09 - Septiembre,2026-09-28,45,2026-11-12,9299.43,0,Al Día,Al Día / OK,Cliente Corporativo
FAC-2026-17101,Seguros SURA,Seguros,09 - Septiembre,2026-09-29,45,2026-11-13,46794.93,0,Al Día,Al Día / OK,Cliente Corporativo
FAC-2026-17102,Seguros SURA,Seguros,09 - Septiembre,2026-09-29,15,2026-10-14,13504.78,0,Al Día,Al Día / OK,Cliente Corporativo
FAC-2026-17103,Seguros SURA,Seguros,09 - Septiembre,2026-09-30,60,2026-11-29,8844.5,0,Al Día,Al Día / OK,Cliente Corporativo
FAC-2026-17104,Seguros SURA,Seguros,09 - Septiembre,2026-09-18,60,2026-11-17,21326.81,0,Al Día,Al Día / OK,Cliente Corporativo
FAC-2026-17105,Seguros SURA,Seguros,09 - Septiembre,2026-09-16,60,2026-11-15,3876.25,0,Al Día,Al Día / OK,Cliente Corporativo
FAC-2026-17106,GNP Seguros,Seguros,09 - Septiembre,2026-09-06,30,2026-10-06,42838.48,0,Al Día,Al Día / OK,Cliente Corporativo
FAC-2026-17107,GNP Seguros,Seguros,09 - Septiembre,2026-09-24,15,2026-10-09,10160.4,17,1-30 días,Atraso Preventivo,Cliente Corporativo
FAC-2026-17108,GNP Seguros,Seguros,09 - Septiembre,2026-09-17,60,2026-11-16,15469.08,60,31-60 días,Riesgo Moderado,Cliente Corporativo
FAC-2026-17109,GNP Seguros,Seguros,09 - Septiembre,2026-09-01,30,2026-10-01,17435.06,78,61-90 días,Riesgo Alto,Cliente Corporativo
FAC-2026-17110,GNP Seguros,Seguros,09 - Septiembre,2026-09-14,60,2026-11-13,69217.58,127,+90 días (Crítico),En Mora / Crítico,Cliente Corporativo
FAC-2026-17111,GNP Seguros,Seguros,09 - Septiembre,2026-09-18,60,2026-11-17,19117.3,156,+90 días (Crítico),En Mora / Crítico,Cliente Corporativo
FAC-2026-17112,GNP Seguros,Seguros,09 - Septiembre,2026-09-07,15,2026-09-22,19248.36,118,+90 días (Crítico),En Mora / Crítico,Cliente Corporativo
FAC-2026-17113,GNP Seguros,Seguros,09 - Septiembre,2026-09-17,15,2026-10-02,1926.99,0,Al Día,Al Día / OK,Cliente Corporativo
FAC-2026-17114,GNP Seguros,Seguros,09 - Septiembre,2026-09-27,45,2026-11-11,3644.14,0,Al Día,Al Día / OK,Cliente Corporativo
FAC-2026-17115,GNP Seguros,Seguros,09 - Septiembre,2026-09-10,15,2026-09-25,18873.78,0,Al Día,Al Día / OK,Cliente Corporativo
FAC-2026-17116,GNP Seguros,Seguros,09 - Septiembre,2026-09-09,15,2026-09-24,11660.84,0,Al Día,Al Día / OK,Cliente Corporativo
FAC-2026-17117,GNP Seguros,Seguros,09 - Septiembre,2026-09-03,45,2026-10-18,16256.05,67,61-90 días,Riesgo Alto,Cliente Corporativo
FAC-2026-17118,GNP Seguros,Seguros,09 - Septiembre,2026-09-01,45,2026-10-16,26018.42,0,Al Día,Al Día / OK,Cliente Corporativo
FAC-2026-17119,GNP Seguros,Seguros,09 - Septiembre,2026-09-23,15,2026-10-08,16902.41,0,Al Día,Al Día / OK,Cliente Corporativo
FAC-2026-17120,MetLife,Seguros,09 - Septiembre,2026-09-03,45,2026-10-18,36525.8,0,Al Día,Al Día / OK,Cliente Corporativo
FAC-2026-17121,MetLife,Seguros,09 - Septiembre,2026-09-19,45,2026-11-03,8344.33,11,1-30 días,Atraso Preventivo,Cliente Corporativo
FAC-2026-17122,MetLife,Seguros,09 - Septiembre,2026-09-03,60,2026-11-02,4700.94,52,31-60 días,Riesgo Moderado,Cliente Corporativo
FAC-2026-17123,MetLife,Seguros,09 - Septiembre,2026-09-22,30,2026-10-22,25644.34,81,61-90 días,Riesgo Alto,Cliente Corporativo
FAC-2026-17124,MetLife,Seguros,09 - Septiembre,2026-09-06,45,2026-10-21,38333.39,152,+90 días (Crítico),En Mora / Crítico,Cliente Corporativo
FAC-2026-17125,MetLife,Seguros,09 - Septiembre,2026-09-05,15,2026-09-20,52725.92,6,1-30 días,Atraso Preventivo,Cliente Corporativo
FAC-2026-17126,MetLife,Seguros,09 - Septiembre,2026-09-28,45,2026-11-12,59731.93,0,Al Día,Al Día / OK,Cliente Corporativo
FAC-2026-17127,MetLife,Seguros,09 - Septiembre,2026-09-05,45,2026-10-20,8469.26,0,Al Día,Al Día / OK,Cliente Corporativo
FAC-2026-17128,MetLife,Seguros,09 - Septiembre,2026-09-03,15,2026-09-18,20360.56,0,Al Día,Al Día / OK,Cliente Corporativo
FAC-2026-17129,MetLife,Seguros,09 - Septiembre,2026-09-21,30,2026-10-21,30264.88,0,Al Día,Al Día / OK,Cliente Corporativo
FAC-2026-17130,MetLife,Seguros,09 - Septiembre,2026-09-01,45,2026-10-16,59942.04,0,Al Día,Al Día / OK,Cliente Corporativo
FAC-2026-17131,MetLife,Seguros,09 - Septiembre,2026-09-25,45,2026-11-09,30396.49,10,1-30 días,Atraso Preventivo,Cliente Corporativo
FAC-2026-17132,MetLife,Seguros,09 - Septiembre,2026-09-07,45,2026-10-22,14421.03,0,Al Día,Al Día / OK,Cliente Corporativo
FAC-2026-17133,MetLife,Seguros,09 - Septiembre,2026-09-06,60,2026-11-05,34100.74,13,1-30 días,Atraso Preventivo,Cliente Corporativo
FAC-2026-17134,Chubb Seguros,Seguros,09 - Septiembre,2026-09-04,30,2026-10-04,31570.13,0,Al Día,Al Día / OK,Cliente Corporativo
FAC-2026-17135,Chubb Seguros,Seguros,09 - Septiembre,2026-09-27,15,2026-10-12,47220.65,21,1-30 días,Atraso Preventivo,Cliente Corporativo
FAC-2026-17136,Chubb Seguros,Seguros,09 - Septiembre,2026-09-06,30,2026-10-06,4318.71,59,31-60 días,Riesgo Moderado,Cliente Corporativo
FAC-2026-17137,Chubb Seguros,Seguros,09 - Septiembre,2026-09-01,15,2026-09-16,2682.63,76,61-90 días,Riesgo Alto,Cliente Corporativo
FAC-2026-17138,Chubb Seguros,Seguros,09 - Septiembre,2026-09-29,30,2026-10-29,21535.09,109,+90 días (Crítico),En Mora / Crítico,Cliente Corporativo
FAC-2026-17139,Chubb Seguros,Seguros,09 - Septiembre,2026-09-21,15,2026-10-06,4393.87,30,1-30 días,Atraso Preventivo,Cliente Corporativo
FAC-2026-17140,Chubb Seguros,Seguros,09 - Septiembre,2026-09-24,45,2026-11-08,5855.38,55,31-60 días,Riesgo Moderado,Cliente Corporativo
FAC-2026-17141,Chubb Seguros,Seguros,09 - Septiembre,2026-09-04,15,2026-09-19,8691.49,0,Al Día,Al Día / OK,Cliente Corporativo
FAC-2026-17142,Chubb Seguros,Seguros,09 - Septiembre,2026-09-07,60,2026-11-06,11745.49,29,1-30 días,Atraso Preventivo,Cliente Corporativo
FAC-2026-17143,Chubb Seguros,Seguros,09 - Septiembre,2026-09-14,15,2026-09-29,42317.26,0,Al Día,Al Día / OK,Cliente Corporativo
FAC-2026-17144,Chubb Seguros,Seguros,09 - Septiembre,2026-09-28,15,2026-10-13,3638.38,0,Al Día,Al Día / OK,Cliente Corporativo
FAC-2026-17145,Chubb Seguros,Seguros,09 - Septiembre,2026-09-21,30,2026-10-21,29207.07,81,61-90 días,Riesgo Alto,Cliente Corporativo
FAC-2026-17146,Chubb Seguros,Seguros,09 - Septiembre,2026-09-29,60,2026-11-28,47008.22,90,61-90 días,Riesgo Alto,Cliente Corporativo
FAC-2026-17147,Chubb Seguros,Seguros,09 - Septiembre,2026-09-12,30,2026-10-12,1262.54,6,1-30 días,Atraso Preventivo,Cliente Corporativo
FAC-2026-17148,AXA,Seguros,09 - Septiembre,2026-09-18,15,2026-10-03,7823.08,0,Al Día,Al Día / OK,Cliente Corporativo
FAC-2026-17149,AXA,Seguros,09 - Septiembre,2026-09-03,15,2026-09-18,33109.1,18,1-30 días,Atraso Preventivo,Cliente Corporativo
FAC-2026-17150,AXA,Seguros,09 - Septiembre,2026-09-10,15,2026-09-25,37151.5,40,31-60 días,Riesgo Moderado,Cliente Corporativo
FAC-2026-17151,AXA,Seguros,09 - Septiembre,2026-09-04,45,2026-10-19,3263.54,70,61-90 días,Riesgo Alto,Cliente Corporativo
FAC-2026-17152,AXA,Seguros,09 - Septiembre,2026-09-12,15,2026-09-27,17153.15,151,+90 días (Crítico),En Mora / Crítico,Cliente Corporativo
FAC-2026-17153,AXA,Seguros,09 - Septiembre,2026-09-13,15,2026-09-28,12752.7,0,Al Día,Al Día / OK,Cliente Corporativo
FAC-2026-17154,AXA,Seguros,09 - Septiembre,2026-09-16,45,2026-10-31,11155.9,138,+90 días (Crítico),En Mora / Crítico,Cliente Corporativo
FAC-2026-17155,AXA,Seguros,09 - Septiembre,2026-09-09,30,2026-10-09,39055.95,45,31-60 días,Riesgo Moderado,Cliente Corporativo
FAC-2026-17156,AXA,Seguros,09 - Septiembre,2026-09-16,15,2026-10-01,7959.36,56,31-60 días,Riesgo Moderado,Cliente Corporativo
FAC-2026-17157,AXA,Seguros,09 - Septiembre,2026-09-20,30,2026-10-20,12281.72,41,31-60 días,Riesgo Moderado,Cliente Corporativo
FAC-2026-17158,AXA,Seguros,09 - Septiembre,2026-09-11,45,2026-10-26,36290.03,0,Al Día,Al Día / OK,Cliente Corporativo
FAC-2026-17159,AXA,Seguros,09 - Septiembre,2026-09-03,60,2026-11-02,4585.04,9,1-30 días,Atraso Preventivo,Cliente Corporativo
FAC-2026-17160,AXA,Seguros,09 - Septiembre,2026-09-05,60,2026-11-04,30400.27,134,+90 días (Crítico),En Mora / Crítico,Cliente Corporativo
FAC-2026-17161,AXA,Seguros,09 - Septiembre,2026-09-02,45,2026-10-17,13509.91,107,+90 días (Crítico),En Mora / Crítico,Cliente Corporativo
FAC-2026-17162,AXA,Seguros,09 - Septiembre,2026-09-22,60,2026-11-21,33871.49,47,31-60 días,Riesgo Moderado,Cliente Corporativo
FAC-2026-17163,Seguros Bolívar,Seguros,09 - Septiembre,2026-09-14,30,2026-10-14,50849.12,0,Al Día,Al Día / OK,Cliente Corporativo
FAC-2026-17164,Seguros Bolívar,Seguros,09 - Septiembre,2026-09-05,45,2026-10-20,14604.38,13,1-30 días,Atraso Preventivo,Cliente Corporativo
FAC-2026-17165,Seguros Bolívar,Seguros,09 - Septiembre,2026-09-09,60,2026-11-08,53933.26,59,31-60 días,Riesgo Moderado,Cliente Corporativo
FAC-2026-17166,Seguros Bolívar,Seguros,09 - Septiembre,2026-09-04,45,2026-10-19,6631.82,84,61-90 días,Riesgo Alto,Cliente Corporativo
FAC-2026-17167,Seguros Bolívar,Seguros,09 - Septiembre,2026-09-26,30,2026-10-26,3758.39,163,+90 días (Crítico),En Mora / Crítico,Cliente Corporativo
FAC-2026-17168,Seguros Bolívar,Seguros,09 - Septiembre,2026-09-03,30,2026-10-03,5444.71,0,Al Día,Al Día / OK,Cliente Corporativo
FAC-2026-17169,Seguros Bolívar,Seguros,09 - Septiembre,2026-09-26,45,2026-11-10,13998.16,19,1-30 días,Atraso Preventivo,Cliente Corporativo
FAC-2026-17170,Seguros Bolívar,Seguros,09 - Septiembre,2026-09-29,60,2026-11-28,33110.41,0,Al Día,Al Día / OK,Cliente Corporativo
FAC-2026-17171,Seguros Bolívar,Seguros,09 - Septiembre,2026-09-19,15,2026-10-04,7388.94,0,Al Día,Al Día / OK,Cliente Corporativo
FAC-2026-17172,Seguros Bolívar,Seguros,09 - Septiembre,2026-09-06,15,2026-09-21,18487.48,8,1-30 días,Atraso Preventivo,Cliente Corporativo
FAC-2026-17173,Seguros Bolívar,Seguros,09 - Septiembre,2026-09-13,45,2026-10-28,4446.63,55,31-60 días,Riesgo Moderado,Cliente Corporativo
FAC-2026-17174,Seguros Bolívar,Seguros,09 - Septiembre,2026-09-05,60,2026-11-04,24320.29,0,Al Día,Al Día / OK,Cliente Corporativo
FAC-2026-17175,Seguros Bolívar,Seguros,09 - Septiembre,2026-09-19,15,2026-10-04,22756.4,0,Al Día,Al Día / OK,Cliente Corporativo
FAC-2026-17176,Seguros Bolívar,Seguros,09 - Septiembre,2026-09-30,30,2026-10-30,13281.19,0,Al Día,Al Día / OK,Cliente Corporativo
FAC-2026-17177,Seguros Bolívar,Seguros,09 - Septiembre,2026-09-12,30,2026-10-12,50572.96,0,Al Día,Al Día / OK,Cliente Corporativo
FAC-2026-17178,Seguros Bolívar,Seguros,09 - Septiembre,2026-09-13,30,2026-10-13,4230.04,0,Al Día,Al Día / OK,Cliente Corporativo
FAC-2026-17179,Seguros Bolívar,Seguros,09 - Septiembre,2026-09-21,45,2026-11-05,13294.54,0,Al Día,Al Día / OK,Cliente Corporativo
FAC-2026-17180,Seguros Bolívar,Seguros,09 - Septiembre,2026-09-17,30,2026-10-17,28391.14,0,Al Día,Al Día / OK,Cliente Corporativo
FAC-2026-17181,DHL Supply Chain,Logística,09 - Septiembre,2026-09-12,30,2026-10-12,8166.18,0,Al Día,Al Día / OK,Cliente Corporativo
FAC-2026-17182,DHL Supply Chain,Logística,09 - Septiembre,2026-09-21,45,2026-11-05,7875.8,5,1-30 días,Atraso Preventivo,Cliente Corporativo
FAC-2026-17183,DHL Supply Chain,Logística,09 - Septiembre,2026-09-20,15,2026-10-05,11919.66,56,31-60 días,Riesgo Moderado,Cliente Corporativo
FAC-2026-17184,DHL Supply Chain,Logística,09 - Septiembre,2026-09-25,15,2026-10-10,21348.73,87,61-90 días,Riesgo Alto,Cliente Corporativo
FAC-2026-17185,DHL Supply Chain,Logística,09 - Septiembre,2026-09-09,60,2026-11-08,44342.88,106,+90 días (Crítico),En Mora / Crítico,Cliente Corporativo
FAC-2026-17186,DHL Supply Chain,Logística,09 - Septiembre,2026-09-10,60,2026-11-09,4725.86,16,1-30 días,Atraso Preventivo,Cliente Corporativo
FAC-2026-17187,DHL Supply Chain,Logística,09 - Septiembre,2026-09-24,15,2026-10-09,10077.39,0,Al Día,Al Día / OK,Cliente Corporativo
FAC-2026-17188,DHL Supply Chain,Logística,09 - Septiembre,2026-09-09,15,2026-09-24,10380.3,0,Al Día,Al Día / OK,Cliente Corporativo
FAC-2026-17189,DHL Supply Chain,Logística,09 - Septiembre,2026-09-12,15,2026-09-27,37753.01,0,Al Día,Al Día / OK,Cliente Corporativo
FAC-2026-17190,DHL Supply Chain,Logística,09 - Septiembre,2026-09-03,15,2026-09-18,14377.7,0,Al Día,Al Día / OK,Cliente Corporativo
FAC-2026-17191,DHL Supply Chain,Logística,09 - Septiembre,2026-09-26,30,2026-10-26,11086.21,0,Al Día,Al Día / OK,Cliente Corporativo
FAC-2026-17192,DHL Supply Chain,Logística,09 - Septiembre,2026-09-28,45,2026-11-12,26146.12,90,61-90 días,Riesgo Alto,Cliente Corporativo
FAC-2026-17193,DHL Supply Chain,Logística,09 - Septiembre,2026-09-16,60,2026-11-15,25612.6,24,1-30 días,Atraso Preventivo,Cliente Corporativo
FAC-2026-17194,DHL Supply Chain,Logística,09 - Septiembre,2026-09-06,60,2026-11-05,2188.83,77,61-90 días,Riesgo Alto,Cliente Corporativo
FAC-2026-17195,DHL Supply Chain,Logística,09 - Septiembre,2026-09-23,30,2026-10-23,6448.36,9,1-30 días,Atraso Preventivo,Cliente Corporativo
FAC-2026-17196,DHL Supply Chain,Logística,09 - Septiembre,2026-09-17,60,2026-11-16,19157.25,0,Al Día,Al Día / OK,Cliente Corporativo
FAC-2026-17197,DHL Supply Chain,Logística,09 - Septiembre,2026-09-15,30,2026-10-15,9369.27,16,1-30 días,Atraso Preventivo,Cliente Corporativo
FAC-2026-17198,FedEx Express,Logística,09 - Septiembre,2026-09-13,30,2026-10-13,3498.2,0,Al Día,Al Día / OK,Cliente Corporativo
FAC-2026-17199,FedEx Express,Logística,09 - Septiembre,2026-09-15,60,2026-11-14,2232.55,23,1-30 días,Atraso Preventivo,Cliente Corporativo
FAC-2026-17200,FedEx Express,Logística,09 - Septiembre,2026-09-07,30,2026-10-07,4064.35,35,31-60 días,Riesgo Moderado,Cliente Corporativo
FAC-2026-17201,FedEx Express,Logística,09 - Septiembre,2026-09-15,60,2026-11-14,5146.17,64,61-90 días,Riesgo Alto,Cliente Corporativo
FAC-2026-17202,FedEx Express,Logística,09 - Septiembre,2026-09-25,60,2026-11-24,4600.1,91,+90 días (Crítico),En Mora / Crítico,Cliente Corporativo
FAC-2026-17203,FedEx Express,Logística,09 - Septiembre,2026-09-10,45,2026-10-25,23425.14,30,1-30 días,Atraso Preventivo,Cliente Corporativo
FAC-2026-17204,FedEx Express,Logística,09 - Septiembre,2026-09-14,15,2026-09-29,16933.91,0,Al Día,Al Día / OK,Cliente Corporativo
FAC-2026-17205,FedEx Express,Logística,09 - Septiembre,2026-09-14,45,2026-10-29,51590.91,21,1-30 días,Atraso Preventivo,Cliente Corporativo
FAC-2026-17206,FedEx Express,Logística,09 - Septiembre,2026-09-01,15,2026-09-16,16817.77,29,1-30 días,Atraso Preventivo,Cliente Corporativo
FAC-2026-17207,FedEx Express,Logística,09 - Septiembre,2026-09-05,15,2026-09-20,2122.56,0,Al Día,Al Día / OK,Cliente Corporativo
FAC-2026-17208,FedEx Express,Logística,09 - Septiembre,2026-09-23,60,2026-11-22,14954.7,0,Al Día,Al Día / OK,Cliente Corporativo
FAC-2026-17209,FedEx Express,Logística,09 - Septiembre,2026-09-12,45,2026-10-27,1476.11,103,+90 días (Crítico),En Mora / Crítico,Cliente Corporativo
FAC-2026-17210,FedEx Express,Logística,09 - Septiembre,2026-09-26,15,2026-10-11,26193.89,29,1-30 días,Atraso Preventivo,Cliente Corporativo
FAC-2026-17211,FedEx Express,Logística,09 - Septiembre,2026-09-17,60,2026-11-16,51836.38,22,1-30 días,Atraso Preventivo,Cliente Corporativo
FAC-2026-17212,Maersk Logistics,Logística,09 - Septiembre,2026-09-11,15,2026-09-26,16784.42,0,Al Día,Al Día / OK,Cliente Corporativo
FAC-2026-17213,Maersk Logistics,Logística,09 - Septiembre,2026-09-13,60,2026-11-12,26615.51,18,1-30 días,Atraso Preventivo,Cliente Corporativo
FAC-2026-17214,Maersk Logistics,Logística,09 - Septiembre,2026-09-09,30,2026-10-09,95064.11,31,31-60 días,Riesgo Moderado,Cliente Corporativo
FAC-2026-17215,Maersk Logistics,Logística,09 - Septiembre,2026-09-28,60,2026-11-27,27600.55,84,61-90 días,Riesgo Alto,Cliente Corporativo
FAC-2026-17216,Maersk Logistics,Logística,09 - Septiembre,2026-09-09,45,2026-10-24,12039.91,123,+90 días (Crítico),En Mora / Crítico,Cliente Corporativo
FAC-2026-17217,Maersk Logistics,Logística,09 - Septiembre,2026-09-21,45,2026-11-05,24254.63,50,31-60 días,Riesgo Moderado,Cliente Corporativo
FAC-2026-17218,Maersk Logistics,Logística,09 - Septiembre,2026-09-26,30,2026-10-26,3392.17,0,Al Día,Al Día / OK,Cliente Corporativo
FAC-2026-17219,Maersk Logistics,Logística,09 - Septiembre,2026-09-04,45,2026-10-19,3652.51,0,Al Día,Al Día / OK,Cliente Corporativo
FAC-2026-17220,Maersk Logistics,Logística,09 - Septiembre,2026-09-26,60,2026-11-25,26223.51,0,Al Día,Al Día / OK,Cliente Corporativo
FAC-2026-17221,Maersk Logistics,Logística,09 - Septiembre,2026-09-23,60,2026-11-22,34982.71,0,Al Día,Al Día / OK,Cliente Corporativo
FAC-2026-17222,Maersk Logistics,Logística,09 - Septiembre,2026-09-24,30,2026-10-24,9492.7,7,1-30 días,Atraso Preventivo,Cliente Corporativo
FAC-2026-17223,Maersk Logistics,Logística,09 - Septiembre,2026-09-12,60,2026-11-11,30470.53,11,1-30 días,Atraso Preventivo,Cliente Corporativo
FAC-2026-17224,Maersk Logistics,Logística,09 - Septiembre,2026-09-01,60,2026-10-31,19913.72,0,Al Día,Al Día / OK,Cliente Corporativo
FAC-2026-17225,Maersk Logistics,Logística,09 - Septiembre,2026-09-09,15,2026-09-24,62221.61,0,Al Día,Al Día / OK,Cliente Corporativo
FAC-2026-17226,Maersk Logistics,Logística,09 - Septiembre,2026-09-01,45,2026-10-16,10869.74,0,Al Día,Al Día / OK,Cliente Corporativo
FAC-2026-17227,Maersk Logistics,Logística,09 - Septiembre,2026-09-21,15,2026-10-06,5326.88,37,31-60 días,Riesgo Moderado,Cliente Corporativo
FAC-2026-17228,Maersk Logistics,Logística,09 - Septiembre,2026-09-30,45,2026-11-14,23919.12,0,Al Día,Al Día / OK,Cliente Corporativo
FAC-2026-17229,Maersk Logistics,Logística,09 - Septiembre,2026-09-28,15,2026-10-13,3392.79,0,Al Día,Al Día / OK,Cliente Corporativo
FAC-2026-17230,Maersk Logistics,Logística,09 - Septiembre,2026-09-11,60,2026-11-10,42663.97,15,1-30 días,Atraso Preventivo,Cliente Corporativo
FAC-2026-17231,Maersk Logistics,Logística,09 - Septiembre,2026-09-19,15,2026-10-04,10797.53,0,Al Día,Al Día / OK,Cliente Corporativo
FAC-2026-17232,Kuehne+Nagel,Logística,09 - Septiembre,2026-09-01,15,2026-09-16,64142.3,0,Al Día,Al Día / OK,Cliente Corporativo
FAC-2026-17233,Kuehne+Nagel,Logística,09 - Septiembre,2026-09-26,60,2026-11-25,10675.55,24,1-30 días,Atraso Preventivo,Cliente Corporativo
FAC-2026-17234,Kuehne+Nagel,Logística,09 - Septiembre,2026-09-27,30,2026-10-27,35218.2,54,31-60 días,Riesgo Moderado,Cliente Corporativo
FAC-2026-17235,Kuehne+Nagel,Logística,09 - Septiembre,2026-09-29,30,2026-10-29,11356.28,65,61-90 días,Riesgo Alto,Cliente Corporativo
FAC-2026-17236,Kuehne+Nagel,Logística,09 - Septiembre,2026-09-27,60,2026-11-26,3936.06,150,+90 días (Crítico),En Mora / Crítico,Cliente Corporativo
FAC-2026-17237,Kuehne+Nagel,Logística,09 - Septiembre,2026-09-03,30,2026-10-03,34258.94,0,Al Día,Al Día / OK,Cliente Corporativo
FAC-2026-17238,Kuehne+Nagel,Logística,09 - Septiembre,2026-09-09,15,2026-09-24,44288.61,0,Al Día,Al Día / OK,Cliente Corporativo
FAC-2026-17239,Kuehne+Nagel,Logística,09 - Septiembre,2026-09-21,15,2026-10-06,11576.97,11,1-30 días,Atraso Preventivo,Cliente Corporativo
FAC-2026-17240,Kuehne+Nagel,Logística,09 - Septiembre,2026-09-18,15,2026-10-03,14610.24,104,+90 días (Crítico),En Mora / Crítico,Cliente Corporativo
FAC-2026-17241,Kuehne+Nagel,Logística,09 - Septiembre,2026-09-09,30,2026-10-09,26557.23,77,61-90 días,Riesgo Alto,Cliente Corporativo
FAC-2026-17242,Kuehne+Nagel,Logística,09 - Septiembre,2026-09-25,30,2026-10-25,17937.89,0,Al Día,Al Día / OK,Cliente Corporativo
FAC-2026-17243,Kuehne+Nagel,Logística,09 - Septiembre,2026-09-23,15,2026-10-08,49181.15,52,31-60 días,Riesgo Moderado,Cliente Corporativo
FAC-2026-17244,Kuehne+Nagel,Logística,09 - Septiembre,2026-09-10,60,2026-11-09,6005.37,0,Al Día,Al Día / OK,Cliente Corporativo
FAC-2026-17245,Kuehne+Nagel,Logística,09 - Septiembre,2026-09-14,60,2026-11-13,21759.79,0,Al Día,Al Día / OK,Cliente Corporativo
FAC-2026-17246,Mercado Envíos,Logística,09 - Septiembre,2026-09-04,30,2026-10-04,28362.23,0,Al Día,Al Día / OK,Cliente Corporativo
FAC-2026-17247,Mercado Envíos,Logística,09 - Septiembre,2026-09-01,15,2026-09-16,11301.86,23,1-30 días,Atraso Preventivo,Cliente Corporativo
FAC-2026-17248,Mercado Envíos,Logística,09 - Septiembre,2026-09-15,15,2026-09-30,56779.03,41,31-60 días,Riesgo Moderado,Cliente Corporativo
FAC-2026-17249,Mercado Envíos,Logística,09 - Septiembre,2026-09-27,15,2026-10-12,9335.09,84,61-90 días,Riesgo Alto,Cliente Corporativo
FAC-2026-17250,Mercado Envíos,Logística,09 - Septiembre,2026-09-18,45,2026-11-02,46190.31,123,+90 días (Crítico),En Mora / Crítico,Cliente Corporativo
FAC-2026-17251,Mercado Envíos,Logística,09 - Septiembre,2026-09-30,45,2026-11-14,13251.95,9,1-30 días,Atraso Preventivo,Cliente Corporativo
FAC-2026-17252,Mercado Envíos,Logística,09 - Septiembre,2026-09-12,45,2026-10-27,10748.14,0,Al Día,Al Día / OK,Cliente Corporativo
FAC-2026-17253,Mercado Envíos,Logística,09 - Septiembre,2026-09-21,15,2026-10-06,68538.13,0,Al Día,Al Día / OK,Cliente Corporativo
FAC-2026-17254,Mercado Envíos,Logística,09 - Septiembre,2026-09-06,45,2026-10-21,2061.99,0,Al Día,Al Día / OK,Cliente Corporativo
FAC-2026-17255,Mercado Envíos,Logística,09 - Septiembre,2026-09-08,45,2026-10-23,7650.14,0,Al Día,Al Día / OK,Cliente Corporativo
FAC-2026-17256,Mercado Envíos,Logística,09 - Septiembre,2026-09-14,15,2026-09-29,21565.58,25,1-30 días,Atraso Preventivo,Cliente Corporativo
FAC-2026-17257,Mercado Envíos,Logística,09 - Septiembre,2026-09-02,15,2026-09-17,26208.01,0,Al Día,Al Día / OK,Cliente Corporativo
FAC-2026-17258,Mercado Envíos,Logística,09 - Septiembre,2026-09-18,30,2026-10-18,55349.41,42,31-60 días,Riesgo Moderado,Cliente Corporativo
FAC-2026-17259,Estafeta,Logística,09 - Septiembre,2026-09-22,45,2026-11-06,82236.05,0,Al Día,Al Día / OK,Cliente Corporativo
FAC-2026-17260,Estafeta,Logística,09 - Septiembre,2026-09-25,45,2026-11-09,3320.15,8,1-30 días,Atraso Preventivo,Cliente Corporativo
FAC-2026-17261,Estafeta,Logística,09 - Septiembre,2026-09-27,45,2026-11-11,10481.03,32,31-60 días,Riesgo Moderado,Cliente Corporativo
FAC-2026-17262,Estafeta,Logística,09 - Septiembre,2026-09-08,15,2026-09-23,1838.8,74,61-90 días,Riesgo Alto,Cliente Corporativo
FAC-2026-17263,Estafeta,Logística,09 - Septiembre,2026-09-09,15,2026-09-24,28999.19,172,+90 días (Crítico),En Mora / Crítico,Cliente Corporativo
FAC-2026-17264,Estafeta,Logística,09 - Septiembre,2026-09-22,45,2026-11-06,14857.27,0,Al Día,Al Día / OK,Cliente Corporativo
FAC-2026-17265,Estafeta,Logística,09 - Septiembre,2026-09-10,15,2026-09-25,8260.52,0,Al Día,Al Día / OK,Cliente Corporativo
FAC-2026-17266,Estafeta,Logística,09 - Septiembre,2026-09-08,60,2026-11-07,64095.04,12,1-30 días,Atraso Preventivo,Cliente Corporativo
FAC-2026-17267,Estafeta,Logística,09 - Septiembre,2026-09-17,60,2026-11-16,12063.64,5,1-30 días,Atraso Preventivo,Cliente Corporativo
FAC-2026-17268,Estafeta,Logística,09 - Septiembre,2026-09-25,15,2026-10-10,6029.09,7,1-30 días,Atraso Preventivo,Cliente Corporativo
FAC-2026-17269,Estafeta,Logística,09 - Septiembre,2026-09-07,15,2026-09-22,5626.06,20,1-30 días,Atraso Preventivo,Cliente Corporativo
FAC-2026-17270,Estafeta,Logística,09 - Septiembre,2026-09-03,60,2026-11-02,40995.23,0,Al Día,Al Día / OK,Cliente Corporativo
FAC-2026-17271,Estafeta,Logística,09 - Septiembre,2026-09-22,45,2026-11-06,9974.42,0,Al Día,Al Día / OK,Cliente Corporativo
FAC-2026-17272,Estafeta,Logística,09 - Septiembre,2026-09-10,45,2026-10-25,2718.87,0,Al Día,Al Día / OK,Cliente Corporativo
FAC-2026-17273,Estafeta,Logística,09 - Septiembre,2026-09-23,15,2026-10-08,32186.04,21,1-30 días,Atraso Preventivo,Cliente Corporativo
FAC-2026-17274,Estafeta,Logística,09 - Septiembre,2026-09-15,45,2026-10-30,61046.62,0,Al Día,Al Día / OK,Cliente Corporativo
FAC-2026-17275,Estafeta,Logística,09 - Septiembre,2026-09-08,30,2026-10-08,7763.46,19,1-30 días,Atraso Preventivo,Cliente Corporativo
FAC-2026-17276,Estafeta,Logística,09 - Septiembre,2026-09-26,45,2026-11-10,27001.5,25,1-30 días,Atraso Preventivo,Cliente Corporativo
FAC-2026-17277,Estafeta,Logística,09 - Septiembre,2026-09-21,30,2026-10-21,35216.51,21,1-30 días,Atraso Preventivo,Cliente Corporativo
FAC-2026-17278,Pfizer,Salud & Farma,09 - Septiembre,2026-09-04,60,2026-11-03,19217.44,0,Al Día,Al Día / OK,Cliente Corporativo
FAC-2026-17279,Pfizer,Salud & Farma,09 - Septiembre,2026-09-03,45,2026-10-18,2515.35,13,1-30 días,Atraso Preventivo,Cliente Corporativo
FAC-2026-17280,Pfizer,Salud & Farma,09 - Septiembre,2026-09-14,45,2026-10-29,26900.89,51,31-60 días,Riesgo Moderado,Cliente Corporativo
FAC-2026-17281,Pfizer,Salud & Farma,09 - Septiembre,2026-09-08,30,2026-10-08,18289.03,87,61-90 días,Riesgo Alto,Cliente Corporativo
FAC-2026-17282,Pfizer,Salud & Farma,09 - Septiembre,2026-09-28,60,2026-11-27,6497.89,118,+90 días (Crítico),En Mora / Crítico,Cliente Corporativo
FAC-2026-17283,Pfizer,Salud & Farma,09 - Septiembre,2026-09-03,60,2026-11-02,20369.84,10,1-30 días,Atraso Preventivo,Cliente Corporativo
FAC-2026-17284,Pfizer,Salud & Farma,09 - Septiembre,2026-09-12,30,2026-10-12,5923.22,11,1-30 días,Atraso Preventivo,Cliente Corporativo
FAC-2026-17285,Pfizer,Salud & Farma,09 - Septiembre,2026-09-09,15,2026-09-24,3475.81,0,Al Día,Al Día / OK,Cliente Corporativo
FAC-2026-17286,Pfizer,Salud & Farma,09 - Septiembre,2026-09-12,30,2026-10-12,6447.92,0,Al Día,Al Día / OK,Cliente Corporativo
FAC-2026-17287,Pfizer,Salud & Farma,09 - Septiembre,2026-09-30,15,2026-10-15,18642.71,9,1-30 días,Atraso Preventivo,Cliente Corporativo
FAC-2026-17288,Pfizer,Salud & Farma,09 - Septiembre,2026-09-09,45,2026-10-24,25302.52,16,1-30 días,Atraso Preventivo,Cliente Corporativo
FAC-2026-17289,Pfizer,Salud & Farma,09 - Septiembre,2026-09-26,60,2026-11-25,8155.43,0,Al Día,Al Día / OK,Cliente Corporativo
FAC-2026-17290,Pfizer,Salud & Farma,09 - Septiembre,2026-09-17,45,2026-11-01,39255.37,15,1-30 días,Atraso Preventivo,Cliente Corporativo
FAC-2026-17291,Pfizer,Salud & Farma,09 - Septiembre,2026-09-30,30,2026-10-30,17112.72,19,1-30 días,Atraso Preventivo,Cliente Corporativo
FAC-2026-17292,Pfizer,Salud & Farma,09 - Septiembre,2026-09-07,30,2026-10-07,6945.42,22,1-30 días,Atraso Preventivo,Cliente Corporativo
FAC-2026-17293,Pfizer,Salud & Farma,09 - Septiembre,2026-09-23,15,2026-10-08,4220.04,18,1-30 días,Atraso Preventivo,Cliente Corporativo
FAC-2026-17294,Pfizer,Salud & Farma,09 - Septiembre,2026-09-22,60,2026-11-21,16063.02,0,Al Día,Al Día / OK,Cliente Corporativo
FAC-2026-17295,Pfizer,Salud & Farma,09 - Septiembre,2026-09-14,45,2026-10-29,86608.18,30,1-30 días,Atraso Preventivo,Cliente Corporativo
FAC-2026-17296,Pfizer,Salud & Farma,09 - Septiembre,2026-09-23,60,2026-11-22,22900.09,8,1-30 días,Atraso Preventivo,Cliente Corporativo
FAC-2026-17297,Genomma Lab,Salud & Farma,09 - Septiembre,2026-09-29,30,2026-10-29,1675.28,0,Al Día,Al Día / OK,Cliente Corporativo
FAC-2026-17298,Genomma Lab,Salud & Farma,09 - Septiembre,2026-09-15,60,2026-11-14,11238.64,11,1-30 días,Atraso Preventivo,Cliente Corporativo
FAC-2026-17299,Genomma Lab,Salud & Farma,09 - Septiembre,2026-09-09,45,2026-10-24,28837.1,47,31-60 días,Riesgo Moderado,Cliente Corporativo
FAC-2026-17300,Genomma Lab,Salud & Farma,09 - Septiembre,2026-09-29,15,2026-10-14,10982.9,80,61-90 días,Riesgo Alto,Cliente Corporativo
FAC-2026-17301,Genomma Lab,Salud & Farma,09 - Septiembre,2026-09-12,60,2026-11-11,81870.67,109,+90 días (Crítico),En Mora / Crítico,Cliente Corporativo
FAC-2026-17302,Genomma Lab,Salud & Farma,09 - Septiembre,2026-09-08,15,2026-09-23,31481.93,0,Al Día,Al Día / OK,Cliente Corporativo
FAC-2026-17303,Genomma Lab,Salud & Farma,09 - Septiembre,2026-09-26,45,2026-11-10,19108.13,0,Al Día,Al Día / OK,Cliente Corporativo
FAC-2026-17304,Genomma Lab,Salud & Farma,09 - Septiembre,2026-09-20,60,2026-11-19,31904.41,0,Al Día,Al Día / OK,Cliente Corporativo
FAC-2026-17305,Genomma Lab,Salud & Farma,09 - Septiembre,2026-09-06,60,2026-11-05,3429.69,33,31-60 días,Riesgo Moderado,Cliente Corporativo
FAC-2026-17306,Genomma Lab,Salud & Farma,09 - Septiembre,2026-09-22,15,2026-10-07,1694.23,36,31-60 días,Riesgo Moderado,Cliente Corporativo
FAC-2026-17307,Genomma Lab,Salud & Farma,09 - Septiembre,2026-09-28,60,2026-11-27,6032.42,0,Al Día,Al Día / OK,Cliente Corporativo
FAC-2026-17308,Genomma Lab,Salud & Farma,09 - Septiembre,2026-09-24,60,2026-11-23,20746.92,0,Al Día,Al Día / OK,Cliente Corporativo
FAC-2026-17309,Genomma Lab,Salud & Farma,09 - Septiembre,2026-09-05,60,2026-11-04,8555.94,0,Al Día,Al Día / OK,Cliente Corporativo
FAC-2026-17310,Genomma Lab,Salud & Farma,09 - Septiembre,2026-09-03,45,2026-10-18,14324.79,0,Al Día,Al Día / OK,Cliente Corporativo
FAC-2026-17311,Bayer,Salud & Farma,09 - Septiembre,2026-09-11,60,2026-11-10,24932.36,0,Al Día,Al Día / OK,Cliente Corporativo
FAC-2026-17312,Bayer,Salud & Farma,09 - Septiembre,2026-09-20,60,2026-11-19,10790.86,25,1-30 días,Atraso Preventivo,Cliente Corporativo
FAC-2026-17313,Bayer,Salud & Farma,09 - Septiembre,2026-09-01,30,2026-10-01,7849.28,54,31-60 días,Riesgo Moderado,Cliente Corporativo
FAC-2026-17314,Bayer,Salud & Farma,09 - Septiembre,2026-09-30,45,2026-11-14,3278.6,82,61-90 días,Riesgo Alto,Cliente Corporativo
FAC-2026-17315,Bayer,Salud & Farma,09 - Septiembre,2026-09-21,30,2026-10-21,90154.03,118,+90 días (Crítico),En Mora / Crítico,Cliente Corporativo
FAC-2026-17316,Bayer,Salud & Farma,09 - Septiembre,2026-09-13,45,2026-10-28,26751.78,0,Al Día,Al Día / OK,Cliente Corporativo
FAC-2026-17317,Bayer,Salud & Farma,09 - Septiembre,2026-09-01,30,2026-10-01,63813.49,0,Al Día,Al Día / OK,Cliente Corporativo
FAC-2026-17318,Bayer,Salud & Farma,09 - Septiembre,2026-09-26,15,2026-10-11,12286.59,0,Al Día,Al Día / OK,Cliente Corporativo
FAC-2026-17319,Bayer,Salud & Farma,09 - Septiembre,2026-09-01,60,2026-10-31,9883.85,126,+90 días (Crítico),En Mora / Crítico,Cliente Corporativo
FAC-2026-17320,Bayer,Salud & Farma,09 - Septiembre,2026-09-13,15,2026-09-28,2747.14,0,Al Día,Al Día / OK,Cliente Corporativo
FAC-2026-17321,Bayer,Salud & Farma,09 - Septiembre,2026-09-25,30,2026-10-25,27998.69,22,1-30 días,Atraso Preventivo,Cliente Corporativo
FAC-2026-17322,Bayer,Salud & Farma,09 - Septiembre,2026-09-05,45,2026-10-20,6027.35,0,Al Día,Al Día / OK,Cliente Corporativo
FAC-2026-17323,Bayer,Salud & Farma,09 - Septiembre,2026-09-26,45,2026-11-10,20963.66,0,Al Día,Al Día / OK,Cliente Corporativo
FAC-2026-17324,Bayer,Salud & Farma,09 - Septiembre,2026-09-28,60,2026-11-27,52009.96,0,Al Día,Al Día / OK,Cliente Corporativo
FAC-2026-17325,Farmacias Benavides,Salud & Farma,09 - Septiembre,2026-09-08,30,2026-10-08,3097.17,0,Al Día,Al Día / OK,Cliente Corporativo
FAC-2026-17326,Farmacias Benavides,Salud & Farma,09 - Septiembre,2026-09-30,45,2026-11-14,15844.58,7,1-30 días,Atraso Preventivo,Cliente Corporativo
FAC-2026-17327,Farmacias Benavides,Salud & Farma,09 - Septiembre,2026-09-05,15,2026-09-20,20252.34,42,31-60 días,Riesgo Moderado,Cliente Corporativo
FAC-2026-17328,Farmacias Benavides,Salud & Farma,09 - Septiembre,2026-09-07,60,2026-11-06,4621.36,71,61-90 días,Riesgo Alto,Cliente Corporativo
FAC-2026-17329,Farmacias Benavides,Salud & Farma,09 - Septiembre,2026-09-08,15,2026-09-23,45608.7,98,+90 días (Crítico),En Mora / Crítico,Cliente Corporativo
FAC-2026-17330,Farmacias Benavides,Salud & Farma,09 - Septiembre,2026-09-11,45,2026-10-26,3791.39,57,31-60 días,Riesgo Moderado,Cliente Corporativo
FAC-2026-17331,Farmacias Benavides,Salud & Farma,09 - Septiembre,2026-09-13,30,2026-10-13,12121.7,0,Al Día,Al Día / OK,Cliente Corporativo
FAC-2026-17332,Farmacias Benavides,Salud & Farma,09 - Septiembre,2026-09-07,45,2026-10-22,1685.87,0,Al Día,Al Día / OK,Cliente Corporativo
FAC-2026-17333,Farmacias Benavides,Salud & Farma,09 - Septiembre,2026-09-19,45,2026-11-03,66484.96,0,Al Día,Al Día / OK,Cliente Corporativo
FAC-2026-17334,Farmacias Benavides,Salud & Farma,09 - Septiembre,2026-09-13,30,2026-10-13,2307.51,113,+90 días (Crítico),En Mora / Crítico,Cliente Corporativo
FAC-2026-17335,Farmacias Benavides,Salud & Farma,09 - Septiembre,2026-09-10,30,2026-10-10,35919.1,0,Al Día,Al Día / OK,Cliente Corporativo
FAC-2026-17336,Farmacias Benavides,Salud & Farma,09 - Septiembre,2026-09-03,45,2026-10-18,5423.93,0,Al Día,Al Día / OK,Cliente Corporativo
FAC-2026-17337,Farmacias Benavides,Salud & Farma,09 - Septiembre,2026-09-16,15,2026-10-01,5752.18,0,Al Día,Al Día / OK,Cliente Corporativo
FAC-2026-17338,Farmacias Benavides,Salud & Farma,09 - Septiembre,2026-09-20,45,2026-11-04,21875.83,7,1-30 días,Atraso Preventivo,Cliente Corporativo
FAC-2026-17339,Farmacias Benavides,Salud & Farma,09 - Septiembre,2026-09-04,60,2026-11-03,26430.92,0,Al Día,Al Día / OK,Cliente Corporativo
FAC-2026-17340,Farmacias Benavides,Salud & Farma,09 - Septiembre,2026-09-24,30,2026-10-24,8865.76,0,Al Día,Al Día / OK,Cliente Corporativo
FAC-2026-17341,Farmacias Benavides,Salud & Farma,09 - Septiembre,2026-09-02,60,2026-11-01,13562.39,18,1-30 días,Atraso Preventivo,Cliente Corporativo
FAC-2026-17342,Farmacias Benavides,Salud & Farma,09 - Septiembre,2026-09-21,30,2026-10-21,9097.73,23,1-30 días,Atraso Preventivo,Cliente Corporativo
FAC-2026-17343,Farmacias Benavides,Salud & Farma,09 - Septiembre,2026-09-05,30,2026-10-05,38480.4,20,1-30 días,Atraso Preventivo,Cliente Corporativo
FAC-2026-17344,Farmacias Benavides,Salud & Farma,09 - Septiembre,2026-09-08,45,2026-10-23,26431.8,53,31-60 días,Riesgo Moderado,Cliente Corporativo
FAC-2026-17345,Eurofarma,Salud & Farma,09 - Septiembre,2026-09-07,45,2026-10-22,10624.44,0,Al Día,Al Día / OK,Cliente Corporativo
FAC-2026-17346,Eurofarma,Salud & Farma,09 - Septiembre,2026-09-08,45,2026-10-23,19949.5,18,1-30 días,Atraso Preventivo,Cliente Corporativo
FAC-2026-17347,Eurofarma,Salud & Farma,09 - Septiembre,2026-09-06,15,2026-09-21,95579.59,56,31-60 días,Riesgo Moderado,Cliente Corporativo
FAC-2026-17348,Eurofarma,Salud & Farma,09 - Septiembre,2026-09-07,30,2026-10-07,14568.16,62,61-90 días,Riesgo Alto,Cliente Corporativo
FAC-2026-17349,Eurofarma,Salud & Farma,09 - Septiembre,2026-09-05,60,2026-11-04,9961.76,170,+90 días (Crítico),En Mora / Crítico,Cliente Corporativo
FAC-2026-17350,Eurofarma,Salud & Farma,09 - Septiembre,2026-09-09,30,2026-10-09,23810.14,0,Al Día,Al Día / OK,Cliente Corporativo
FAC-2026-17351,Eurofarma,Salud & Farma,09 - Septiembre,2026-09-11,15,2026-09-26,9879.52,105,+90 días (Crítico),En Mora / Crítico,Cliente Corporativo
FAC-2026-17352,Eurofarma,Salud & Farma,09 - Septiembre,2026-09-30,30,2026-10-30,5127.23,0,Al Día,Al Día / OK,Cliente Corporativo
FAC-2026-17353,Eurofarma,Salud & Farma,09 - Septiembre,2026-09-25,60,2026-11-24,15525.81,0,Al Día,Al Día / OK,Cliente Corporativo
FAC-2026-17354,Eurofarma,Salud & Farma,09 - Septiembre,2026-09-22,45,2026-11-06,29832.31,37,31-60 días,Riesgo Moderado,Cliente Corporativo
FAC-2026-17355,Eurofarma,Salud & Farma,09 - Septiembre,2026-09-17,45,2026-11-01,2994.56,64,61-90 días,Riesgo Alto,Cliente Corporativo
FAC-2026-17356,Eurofarma,Salud & Farma,09 - Septiembre,2026-09-04,30,2026-10-04,71562.72,26,1-30 días,Atraso Preventivo,Cliente Corporativo
FAC-2026-17357,Eurofarma,Salud & Farma,09 - Septiembre,2026-09-12,15,2026-09-27,1488.03,0,Al Día,Al Día / OK,Cliente Corporativo
FAC-2026-17358,Eurofarma,Salud & Farma,09 - Septiembre,2026-09-18,30,2026-10-18,17197.8,0,Al Día,Al Día / OK,Cliente Corporativo
FAC-2026-17359,Eurofarma,Salud & Farma,09 - Septiembre,2026-09-23,60,2026-11-22,24436.42,27,1-30 días,Atraso Preventivo,Cliente Corporativo
FAC-2026-17360,Eurofarma,Salud & Farma,09 - Septiembre,2026-09-22,45,2026-11-06,16733.43,0,Al Día,Al Día / OK,Cliente Corporativo
FAC-2026-17361,Eurofarma,Salud & Farma,09 - Septiembre,2026-09-26,15,2026-10-11,4825.08,0,Al Día,Al Día / OK,Cliente Corporativo
FAC-2026-17362,Eurofarma,Salud & Farma,09 - Septiembre,2026-09-23,30,2026-10-23,28253.3,107,+90 días (Crítico),En Mora / Crítico,Cliente Corporativo
FAC-2026-17363,Eurofarma,Salud & Farma,09 - Septiembre,2026-09-17,60,2026-11-16,2478.15,0,Al Día,Al Día / OK,Cliente Corporativo
FAC-2026-17364,Sanofi,Salud & Farma,09 - Septiembre,2026-09-05,15,2026-09-20,5999.74,0,Al Día,Al Día / OK,Cliente Corporativo
FAC-2026-17365,Sanofi,Salud & Farma,09 - Septiembre,2026-09-28,30,2026-10-28,48977.12,7,1-30 días,Atraso Preventivo,Cliente Corporativo
FAC-2026-17366,Sanofi,Salud & Farma,09 - Septiembre,2026-09-20,15,2026-10-05,27068.37,37,31-60 días,Riesgo Moderado,Cliente Corporativo
FAC-2026-17367,Sanofi,Salud & Farma,09 - Septiembre,2026-09-07,45,2026-10-22,23748.29,70,61-90 días,Riesgo Alto,Cliente Corporativo
FAC-2026-17368,Sanofi,Salud & Farma,09 - Septiembre,2026-09-05,45,2026-10-20,17584.07,163,+90 días (Crítico),En Mora / Crítico,Cliente Corporativo
FAC-2026-17369,Sanofi,Salud & Farma,09 - Septiembre,2026-09-11,60,2026-11-10,34408.41,47,31-60 días,Riesgo Moderado,Cliente Corporativo
FAC-2026-17370,Sanofi,Salud & Farma,09 - Septiembre,2026-09-10,15,2026-09-25,1324.99,0,Al Día,Al Día / OK,Cliente Corporativo
FAC-2026-17371,Sanofi,Salud & Farma,09 - Septiembre,2026-09-15,30,2026-10-15,33518.31,24,1-30 días,Atraso Preventivo,Cliente Corporativo
FAC-2026-17372,Sanofi,Salud & Farma,09 - Septiembre,2026-09-14,15,2026-09-29,13639.66,0,Al Día,Al Día / OK,Cliente Corporativo
FAC-2026-17373,Sanofi,Salud & Farma,09 - Septiembre,2026-09-26,30,2026-10-26,22945.96,0,Al Día,Al Día / OK,Cliente Corporativo
FAC-2026-17374,Sanofi,Salud & Farma,09 - Septiembre,2026-09-10,60,2026-11-09,6238.65,0,Al Día,Al Día / OK,Cliente Corporativo
FAC-2026-17375,Sanofi,Salud & Farma,09 - Septiembre,2026-09-26,30,2026-10-26,10631.59,0,Al Día,Al Día / OK,Cliente Corporativo
FAC-2026-17376,Sanofi,Salud & Farma,09 - Septiembre,2026-09-06,30,2026-10-06,19475.66,0,Al Día,Al Día / OK,Cliente Corporativo
FAC-2026-17377,Sanofi,Salud & Farma,09 - Septiembre,2026-09-16,30,2026-10-16,5283.57,5,1-30 días,Atraso Preventivo,Cliente Corporativo
FAC-2026-17378,Sanofi,Salud & Farma,09 - Septiembre,2026-09-18,15,2026-10-03,8269.29,16,1-30 días,Atraso Preventivo,Cliente Corporativo
FAC-2026-17379,Sanofi,Salud & Farma,09 - Septiembre,2026-09-07,45,2026-10-22,18654.57,47,31-60 días,Riesgo Moderado,Cliente Corporativo
FAC-2026-17380,Sanofi,Salud & Farma,09 - Septiembre,2026-09-28,45,2026-11-12,1378.87,0,Al Día,Al Día / OK,Cliente Corporativo
FAC-2026-17381,Sanofi,Salud & Farma,09 - Septiembre,2026-09-18,60,2026-11-17,22005.33,0,Al Día,Al Día / OK,Cliente Corporativo
FAC-2026-17382,Sanofi,Salud & Farma,09 - Septiembre,2026-09-19,45,2026-11-03,13792.0,0,Al Día,Al Día / OK,Cliente Corporativo
